{
  "trades": 636,
  "expectancy_r": 0.19619056573320845,
  "win_rate": 0.3128930817610063,
  "sharpe": 2.614533847539936,
  "max_dd_r": -20.020929244978205
}