{
  "trades": 539,
  "expectancy_r": 0.0011753504135011159,
  "win_rate": 0.6623376623376623,
  "sharpe": 0.05927942635361784,
  "max_dd_r": -20.22243182707389
}