{
  "trades": 438,
  "expectancy_r": 0.0039848180756028246,
  "win_rate": 0.639269406392694,
  "sharpe": 0.23045644159373208,
  "max_dd_r": -9.729319598649237
}