timestamp,open,high,low,close,volume,taker_buy_base
2025-05-30 10:00:00+00:00,33.387,33.863,33.232,33.421,139406.09,67987.59
2025-05-30 11:00:00+00:00,33.427,33.492,32.584,32.987,192499.31,97923.06
2025-05-30 12:00:00+00:00,32.988,33.573,32.634,33.379,316007.87,151430.6
2025-05-30 13:00:00+00:00,33.38,33.673,32.365,32.378,257858.77,128190.45
2025-05-30 14:00:00+00:00,32.378,32.609,31.369,31.789,327790.06,160799.92
2025-05-30 15:00:00+00:00,31.788,32.785,31.695,32.514,312790.55,187054.99
2025-05-30 16:00:00+00:00,32.518,32.84,31.713,32.4,471241.93,248314.14
2025-05-30 17:00:00+00:00,32.408,33.213,32.248,33.099,329543.46,159268.12
2025-05-30 18:00:00+00:00,33.098,34.212,33.057,34.201,367784.58,204723.45
2025-05-30 19:00:00+00:00,34.202,34.348,33.363,33.386,337166.67,156003.65
2025-05-30 20:00:00+00:00,33.386,33.817,33.115,33.13,226862.05,111697.87
2025-05-30 21:00:00+00:00,33.13,33.782,33.018,33.538,157924.23,95346.34
2025-05-30 22:00:00+00:00,33.542,33.661,32.127,32.289,218774.03,95622.02
2025-05-30 23:00:00+00:00,32.293,32.84,31.998,32.816,210576.97,110874.62
2025-05-31 00:00:00+00:00,32.83,33.663,32.764,32.98,384810.57,200825.14
2025-05-31 01:00:00+00:00,32.991,33.08,32.102,32.102,329275.54,156682.74
2025-05-31 02:00:00+00:00,32.105,32.2,30.931,31.02,381653.71,177120.48
2025-05-31 03:00:00+00:00,31.023,31.777,30.885,31.67,276989.2,159712.99
2025-05-31 04:00:00+00:00,31.67,32.217,31.101,31.896,227052.17,123828.29
2025-05-31 05:00:00+00:00,31.891,32.1,31.376,31.389,210270.99,100024.91
2025-05-31 06:00:00+00:00,31.39,32.019,31.357,31.939,149286.42,81411.79
2025-05-31 07:00:00+00:00,31.938,31.994,31.015,31.514,239518.28,124991.11
2025-05-31 08:00:00+00:00,31.514,31.716,31.099,31.145,213142.11,101568.68
2025-05-31 09:00:00+00:00,31.14,31.521,30.931,31.04,173336.14,84741.61
2025-05-31 10:00:00+00:00,31.046,31.324,30.724,31.317,165431.91,75509.16
2025-05-31 11:00:00+00:00,31.321,31.656,31.181,31.382,134912.36,70781.52
2025-05-31 12:00:00+00:00,31.382,32.412,31.362,32.386,265313.33,145245.71
2025-05-31 13:00:00+00:00,32.385,32.905,32.334,32.698,317740.22,166246.77
2025-05-31 14:00:00+00:00,32.697,32.977,32.239,32.838,301034.18,157302.93
2025-05-31 15:00:00+00:00,32.837,33.241,32.473,32.663,423256.5,187043.6
2025-05-31 16:00:00+00:00,32.662,33.17,32.541,32.916,219456.82,105715.08
2025-05-31 17:00:00+00:00,32.916,32.931,32.421,32.507,155846.49,79850.77
2025-05-31 18:00:00+00:00,32.511,32.907,32.401,32.903,102519.36,48177.83
2025-05-31 19:00:00+00:00,32.904,33.131,32.744,32.913,123245.64,57955.93
2025-05-31 20:00:00+00:00,32.91,33.005,32.711,32.78,65760.87,32330.72
2025-05-31 21:00:00+00:00,32.777,33.391,32.77,33.263,161406.02,86795.14
2025-05-31 22:00:00+00:00,33.264,33.411,33.003,33.026,83608.7,42711.15
2025-05-31 23:00:00+00:00,33.023,33.169,32.653,32.671,107938.05,46556.45
2025-06-01 00:00:00+00:00,32.671,32.91,32.522,32.646,108105.4,56817.3
2025-06-01 01:00:00+00:00,32.641,32.859,32.281,32.417,104979.7,55238.39
2025-06-01 02:00:00+00:00,32.417,32.667,32.157,32.592,89243.78,46575.37
2025-06-01 03:00:00+00:00,32.592,32.709,32.178,32.578,109792.65,63950.06
2025-06-01 04:00:00+00:00,32.577,33.088,32.383,33.02,115904.67,61756.44
2025-06-01 05:00:00+00:00,33.027,33.4,32.865,33.09,163063.64,76260.01
2025-06-01 06:00:00+00:00,33.089,33.245,32.506,32.563,143637.41,68297.79
2025-06-01 07:00:00+00:00,32.567,32.629,32.244,32.487,102470.83,46419.79
2025-06-01 08:00:00+00:00,32.487,32.517,32.129,32.426,99680.58,56146.26
2025-06-01 09:00:00+00:00,32.425,32.506,31.803,32.007,190316.0,89155.06
2025-06-01 10:00:00+00:00,32.009,32.109,31.632,31.79,158212.41,69445.98
2025-06-01 11:00:00+00:00,31.782,32.151,31.631,31.845,146425.28,71404.55
2025-06-01 12:00:00+00:00,31.843,31.986,31.505,31.756,131736.94,65944.48
2025-06-01 13:00:00+00:00,31.754,32.148,31.671,31.885,121232.07,66227.46
2025-06-01 14:00:00+00:00,31.89,32.369,31.89,32.031,177404.47,93954.35
2025-06-01 15:00:00+00:00,32.031,32.462,31.843,32.445,130746.9,75812.6
2025-06-01 16:00:00+00:00,32.443,33.313,32.351,32.944,244199.02,142735.22
2025-06-01 17:00:00+00:00,32.946,33.15,32.755,33.114,95212.63,41482.88
2025-06-01 18:00:00+00:00,33.112,33.22,32.55,32.922,133197.85,66522.67
2025-06-01 19:00:00+00:00,32.922,33.359,32.723,33.346,85926.06,52355.88
2025-06-01 20:00:00+00:00,33.347,33.851,33.2,33.41,162017.92,82335.18
2025-06-01 21:00:00+00:00,33.417,34.119,33.317,34.062,160370.73,95910.07
2025-06-01 22:00:00+00:00,34.061,34.158,33.663,33.923,138513.65,61920.81
2025-06-01 23:00:00+00:00,33.919,34.279,33.866,34.152,93640.86,52258.34
2025-06-02 00:00:00+00:00,34.156,34.347,33.73,33.798,158366.65,61895.47
2025-06-02 01:00:00+00:00,33.802,33.999,33.654,33.698,74086.08,34987.5
2025-06-02 02:00:00+00:00,33.698,33.75,33.416,33.47,105867.75,49602.75
2025-06-02 03:00:00+00:00,33.471,33.739,33.231,33.495,104076.27,54638.79
2025-06-02 04:00:00+00:00,33.493,33.604,33.248,33.3,63227.47,28987.76
2025-06-02 05:00:00+00:00,33.3,33.385,32.61,32.922,183502.47,81670.96
2025-06-02 06:00:00+00:00,32.92,33.416,32.743,33.274,100987.35,62776.67
2025-06-02 07:00:00+00:00,33.273,33.779,33.244,33.622,162205.86,84658.35
2025-06-02 08:00:00+00:00,33.622,34.13,33.235,33.27,255772.38,121106.43
2025-06-02 09:00:00+00:00,33.276,33.286,32.687,32.794,249049.3,111443.76
2025-06-02 10:00:00+00:00,32.795,33.04,32.588,32.637,118690.87,55326.93
2025-06-02 11:00:00+00:00,32.638,32.844,32.483,32.664,101900.85,53745.95
2025-06-02 12:00:00+00:00,32.661,33.096,32.565,33.027,133242.79,79621.51
2025-06-02 13:00:00+00:00,33.027,33.359,32.417,32.622,236833.39,106984.16
2025-06-02 14:00:00+00:00,32.618,33.499,32.47,33.201,243703.65,130161.91
2025-06-02 15:00:00+00:00,33.196,33.644,32.959,33.623,155655.73,79321.11
2025-06-02 16:00:00+00:00,33.627,33.719,33.222,33.407,129846.97,58420.8
2025-06-02 17:00:00+00:00,33.4,33.933,33.327,33.925,123581.05,60008.74
2025-06-02 18:00:00+00:00,33.924,34.863,33.905,34.468,380857.01,201319.52
2025-06-02 19:00:00+00:00,34.474,35.596,34.257,35.447,382856.85,209598.17
2025-06-02 20:00:00+00:00,35.447,36.021,35.329,35.884,384246.77,192601.13
2025-06-02 21:00:00+00:00,35.883,36.07,35.328,35.895,199190.74,98596.06
2025-06-02 22:00:00+00:00,35.893,36.374,35.818,35.921,247721.25,122958.6
2025-06-02 23:00:00+00:00,35.921,36.66,35.838,36.474,158541.99,87069.69
2025-06-03 00:00:00+00:00,36.477,36.969,36.246,36.459,281303.66,132325.48
2025-06-03 01:00:00+00:00,36.459,36.691,36.146,36.177,177175.82,81006.93
2025-06-03 02:00:00+00:00,36.18,36.346,35.827,36.054,262127.29,135269.35
2025-06-03 03:00:00+00:00,36.053,36.162,35.684,35.837,156176.94,65981.78
2025-06-03 04:00:00+00:00,35.836,36.007,35.658,35.697,121174.34,66970.77
2025-06-03 05:00:00+00:00,35.693,36.277,35.693,36.235,130885.82,85537.52
2025-06-03 06:00:00+00:00,36.237,36.38,35.914,36.257,115473.39,57917.86
2025-06-03 07:00:00+00:00,36.257,36.297,35.914,36.147,107805.1,48280.88
2025-06-03 08:00:00+00:00,36.145,36.434,35.763,36.417,141593.74,66888.95
2025-06-03 09:00:00+00:00,36.417,36.978,36.289,36.745,246763.51,143831.19
2025-06-03 10:00:00+00:00,36.737,37.746,36.542,37.675,534760.2,284937.4
2025-06-03 11:00:00+00:00,37.675,37.829,37.27,37.516,373395.99,171853.32
2025-06-03 12:00:00+00:00,37.516,37.888,37.226,37.641,220699.9,115323.28
2025-06-03 13:00:00+00:00,37.638,37.924,37.116,37.912,342034.79,174129.47
2025-06-03 14:00:00+00:00,37.91,38.238,37.31,38.139,427411.23,226112.59
2025-06-03 15:00:00+00:00,38.139,38.235,37.669,37.843,314415.42,157626.54
2025-06-03 16:00:00+00:00,37.843,37.944,36.869,36.978,375429.96,152129.97
2025-06-03 17:00:00+00:00,36.98,37.393,36.708,36.817,206869.28,105342.74
2025-06-03 18:00:00+00:00,36.82,36.946,36.559,36.806,155316.82,75302.94
2025-06-03 19:00:00+00:00,36.806,37.269,36.798,37.004,178625.98,92224.78
2025-06-03 20:00:00+00:00,37.001,37.048,36.204,36.842,287691.36,128400.7
2025-06-03 21:00:00+00:00,36.843,36.921,35.706,35.821,237017.49,99863.46
2025-06-03 22:00:00+00:00,35.819,36.896,35.741,36.592,225154.95,130047.53
2025-06-03 23:00:00+00:00,36.592,36.748,36.072,36.092,135478.19,62769.25
2025-06-04 00:00:00+00:00,36.093,36.451,35.738,36.437,274008.35,151058.26
2025-06-04 01:00:00+00:00,36.44,37.044,36.433,36.939,283667.96,150688.01
2025-06-04 02:00:00+00:00,36.942,37.026,36.307,36.464,196747.76,100747.76
2025-06-04 03:00:00+00:00,36.464,36.853,36.341,36.589,99025.62,55366.77
2025-06-04 04:00:00+00:00,36.585,36.715,36.249,36.294,101851.09,47169.22
2025-06-04 05:00:00+00:00,36.293,36.687,36.185,36.56,95597.98,50023.8
2025-06-04 06:00:00+00:00,36.559,36.853,36.424,36.727,120189.75,53299.18
2025-06-04 07:00:00+00:00,36.728,36.76,36.0,36.186,268253.36,127607.69
2025-06-04 08:00:00+00:00,36.186,36.582,36.167,36.432,144928.14,69248.05
2025-06-04 09:00:00+00:00,36.434,36.575,36.072,36.533,154261.35,78179.43
2025-06-04 10:00:00+00:00,36.533,36.81,36.462,36.69,149133.9,80112.08
2025-06-04 11:00:00+00:00,36.688,37.24,36.43,36.606,310562.08,159155.7
2025-06-04 12:00:00+00:00,36.612,37.025,36.268,36.442,216494.69,110455.98
2025-06-04 13:00:00+00:00,36.438,36.978,36.131,36.244,266423.18,128670.64
2025-06-04 14:00:00+00:00,36.25,36.863,35.976,36.807,280545.67,147323.43
2025-06-04 15:00:00+00:00,36.806,37.142,36.668,36.851,196795.06,89244.71
2025-06-04 16:00:00+00:00,36.844,37.071,36.697,37.053,98372.46,48302.15
2025-06-04 17:00:00+00:00,37.056,37.19,36.462,36.718,133072.59,63251.27
2025-06-04 18:00:00+00:00,36.727,37.05,36.259,36.287,178966.78,86238.91
2025-06-04 19:00:00+00:00,36.287,36.537,35.93,36.033,202864.59,106494.64
2025-06-04 20:00:00+00:00,36.032,36.215,34.608,34.976,733361.17,354345.84
2025-06-04 21:00:00+00:00,34.974,35.489,34.479,35.418,291672.51,160777.69
2025-06-04 22:00:00+00:00,35.418,35.686,35.215,35.468,209953.57,92371.54
2025-06-04 23:00:00+00:00,35.469,35.857,35.326,35.632,214473.79,100509.1
2025-06-05 00:00:00+00:00,35.64,36.426,35.288,36.135,267558.33,137278.67
2025-06-05 01:00:00+00:00,36.135,36.407,35.705,35.926,174294.56,82253.64
2025-06-05 02:00:00+00:00,35.927,36.043,35.407,35.409,131597.36,61095.24
2025-06-05 03:00:00+00:00,35.409,35.605,35.292,35.45,88007.21,47090.58
2025-06-05 04:00:00+00:00,35.449,35.75,35.294,35.621,123140.43,65793.19
2025-06-05 05:00:00+00:00,35.617,35.683,34.959,35.05,135583.27,51184.2
2025-06-05 06:00:00+00:00,35.053,35.133,34.521,34.569,169560.22,72669.65
2025-06-05 07:00:00+00:00,34.57,35.056,34.5,34.76,195261.34,100732.62
2025-06-05 08:00:00+00:00,34.761,35.288,34.761,35.111,211385.19,88071.22
2025-06-05 09:00:00+00:00,35.112,35.21,34.865,35.028,91907.45,41245.26
2025-06-05 10:00:00+00:00,35.025,35.118,34.518,34.888,105983.64,53188.01
2025-06-05 11:00:00+00:00,34.889,35.298,34.768,35.243,108192.73,61551.15
2025-06-05 12:00:00+00:00,35.242,35.708,34.965,35.563,254524.59,161296.81
2025-06-05 13:00:00+00:00,35.563,35.683,34.647,34.713,262685.52,118185.74
2025-06-05 14:00:00+00:00,34.713,35.091,34.245,34.818,514773.55,257206.09
2025-06-05 15:00:00+00:00,34.818,35.111,34.498,34.965,171967.59,85704.9
2025-06-05 16:00:00+00:00,34.965,34.976,33.75,33.801,379266.71,195056.77
2025-06-05 17:00:00+00:00,33.804,34.509,33.793,33.981,376948.06,187043.75
2025-06-05 18:00:00+00:00,33.986,34.377,33.685,34.243,349670.66,146755.86
2025-06-05 19:00:00+00:00,34.245,34.285,32.907,33.516,527349.75,219288.24
2025-06-05 20:00:00+00:00,33.522,33.727,32.626,32.817,687919.34,318372.45
2025-06-05 21:00:00+00:00,32.818,34.279,32.688,33.986,544207.03,325653.51
2025-06-05 22:00:00+00:00,33.986,34.698,33.691,34.374,336606.98,175850.08
2025-06-05 23:00:00+00:00,34.374,34.64,34.0,34.024,200157.15,85772.28
2025-06-06 00:00:00+00:00,34.025,34.235,33.752,34.146,205590.04,94480.91
2025-06-06 01:00:00+00:00,34.146,34.281,33.722,33.745,152429.14,64937.71
2025-06-06 02:00:00+00:00,33.748,34.098,33.487,34.093,179468.37,80620.75
2025-06-06 03:00:00+00:00,34.093,34.497,33.917,34.481,112306.78,64315.86
2025-06-06 04:00:00+00:00,34.488,35.024,34.24,34.81,232477.4,125740.37
2025-06-06 05:00:00+00:00,34.808,34.991,34.391,34.967,208898.58,108095.66
2025-06-06 06:00:00+00:00,34.966,34.994,34.392,34.538,196424.73,91850.23
2025-06-06 07:00:00+00:00,34.539,34.889,34.507,34.632,99036.08,51430.78
2025-06-06 08:00:00+00:00,34.633,34.946,34.48,34.503,147069.44,69393.4
2025-06-06 09:00:00+00:00,34.503,34.756,34.291,34.63,108685.27,58038.59
2025-06-06 10:00:00+00:00,34.629,34.913,34.556,34.568,100593.33,48691.78
2025-06-06 11:00:00+00:00,34.566,34.731,34.362,34.435,107668.82,58512.47
2025-06-06 12:00:00+00:00,34.439,34.631,34.141,34.533,225189.97,97095.64
2025-06-06 13:00:00+00:00,34.539,35.527,34.53,35.131,407133.0,230801.87
2025-06-06 14:00:00+00:00,35.131,35.613,34.933,35.204,412577.69,218287.25
2025-06-06 15:00:00+00:00,35.198,35.232,34.626,35.008,364880.02,200410.07
2025-06-06 16:00:00+00:00,35.008,35.028,34.458,34.495,124501.86,48327.36
2025-06-06 17:00:00+00:00,34.495,34.631,33.415,34.26,714435.35,353536.69
2025-06-06 18:00:00+00:00,34.26,34.748,34.007,34.107,194758.35,106583.5
2025-06-06 19:00:00+00:00,34.107,34.228,33.513,33.792,215659.21,89043.94
2025-06-06 20:00:00+00:00,33.792,34.117,33.504,33.71,134393.74,76599.87
2025-06-06 21:00:00+00:00,33.71,33.962,33.545,33.823,97804.21,50998.95
2025-06-06 22:00:00+00:00,33.823,33.842,33.09,33.324,183964.58,77988.78
2025-06-06 23:00:00+00:00,33.325,33.417,33.081,33.333,87860.98,44072.32
2025-06-07 00:00:00+00:00,33.334,33.818,33.01,33.739,179138.74,96329.69
2025-06-07 01:00:00+00:00,33.734,33.842,33.355,33.504,143310.09,66206.74
2025-06-07 02:00:00+00:00,33.504,33.64,33.236,33.606,165197.77,63279.28
2025-06-07 03:00:00+00:00,33.606,34.196,33.509,33.986,174113.65,89936.36
2025-06-07 04:00:00+00:00,33.986,34.226,33.818,34.22,78219.55,37091.35
2025-06-07 05:00:00+00:00,34.216,34.3,34.062,34.14,99021.85,52536.33
2025-06-07 06:00:00+00:00,34.138,34.246,33.931,34.239,70597.79,32898.61
2025-06-07 07:00:00+00:00,34.239,34.326,33.933,34.02,157224.99,46338.27
2025-06-07 08:00:00+00:00,34.022,34.042,33.653,33.698,135834.11,54058.61
2025-06-07 09:00:00+00:00,33.698,33.771,33.474,33.626,89954.15,37863.08
2025-06-07 10:00:00+00:00,33.626,34.014,33.582,33.956,108206.43,53660.6
2025-06-07 11:00:00+00:00,33.954,34.023,33.743,33.852,71807.76,36805.52
2025-06-07 12:00:00+00:00,33.853,34.353,33.831,34.193,149849.31,77888.4
2025-06-07 13:00:00+00:00,34.199,34.487,34.064,34.329,111514.37,60336.67
2025-06-07 14:00:00+00:00,34.329,34.878,34.279,34.727,243340.68,134605.74
2025-06-07 15:00:00+00:00,34.728,34.933,34.65,34.687,135044.23,60855.82
2025-06-07 16:00:00+00:00,34.688,34.934,34.465,34.498,128848.09,53308.13
2025-06-07 17:00:00+00:00,34.501,34.979,34.467,34.591,135938.81,66966.74
2025-06-07 18:00:00+00:00,34.598,34.733,34.327,34.47,120913.23,63598.43
2025-06-07 19:00:00+00:00,34.469,34.622,34.369,34.38,46975.49,24876.2
2025-06-07 20:00:00+00:00,34.38,34.591,34.361,34.445,40812.24,23018.36
2025-06-07 21:00:00+00:00,34.446,34.766,34.415,34.604,56857.21,32469.24
2025-06-07 22:00:00+00:00,34.603,35.162,34.603,35.129,103372.21,64816.7
2025-06-07 23:00:00+00:00,35.127,35.131,34.809,34.921,63565.2,27623.95
2025-06-08 00:00:00+00:00,34.917,34.994,34.563,34.563,69453.23,28495.47
2025-06-08 01:00:00+00:00,34.564,34.891,34.491,34.689,120590.47,65730.63
2025-06-08 02:00:00+00:00,34.689,35.0,34.595,34.785,68944.21,34455.72
2025-06-08 03:00:00+00:00,34.785,35.374,34.781,35.214,150778.34,76504.9
2025-06-08 04:00:00+00:00,35.214,35.377,35.022,35.263,86346.51,45048.6
2025-06-08 05:00:00+00:00,35.264,35.386,35.072,35.088,95255.81,45681.52
2025-06-08 06:00:00+00:00,35.088,35.251,34.881,34.884,82828.67,36020.26
2025-06-08 07:00:00+00:00,34.885,35.439,34.841,35.39,115656.28,68115.73
2025-06-08 08:00:00+00:00,35.39,35.521,35.216,35.263,135063.24,56970.81
2025-06-08 09:00:00+00:00,35.263,35.296,35.031,35.054,137135.45,74573.6
2025-06-08 10:00:00+00:00,35.056,35.45,34.749,35.384,175193.65,85886.51
2025-06-08 11:00:00+00:00,35.387,35.525,35.222,35.485,122247.93,64349.78
2025-06-08 12:00:00+00:00,35.485,35.588,35.304,35.333,110391.46,48730.21
2025-06-08 13:00:00+00:00,35.336,35.445,34.909,34.95,268625.85,131025.14
2025-06-08 14:00:00+00:00,34.948,35.21,34.9,35.197,111105.47,64702.27
2025-06-08 15:00:00+00:00,35.191,35.321,35.111,35.213,89826.5,37725.64
2025-06-08 16:00:00+00:00,35.208,35.898,35.178,35.823,215113.62,110865.82
2025-06-08 17:00:00+00:00,35.824,36.217,35.641,35.919,238540.18,126645.16
2025-06-08 18:00:00+00:00,35.913,36.328,35.827,36.169,198921.59,97146.06
2025-06-08 19:00:00+00:00,36.169,36.216,35.95,35.987,85759.5,40762.12
2025-06-08 20:00:00+00:00,35.987,36.06,35.715,35.824,90528.78,42373.86
2025-06-08 21:00:00+00:00,35.823,36.077,35.82,35.858,74516.32,41777.37
2025-06-08 22:00:00+00:00,35.859,35.885,35.196,35.269,208976.82,93492.69
2025-06-08 23:00:00+00:00,35.268,35.462,34.8,34.984,219357.18,95415.77
2025-06-09 00:00:00+00:00,34.987,35.098,34.706,34.999,231442.06,111695.77
2025-06-09 01:00:00+00:00,34.996,35.207,34.809,34.988,161543.65,90786.21
2025-06-09 02:00:00+00:00,34.989,35.435,34.926,35.327,126054.86,71733.0
2025-06-09 03:00:00+00:00,35.328,35.592,35.141,35.497,150759.16,78739.81
2025-06-09 04:00:00+00:00,35.496,35.666,34.951,35.109,206048.7,93441.13
2025-06-09 05:00:00+00:00,35.106,35.144,34.886,35.027,96926.71,48901.25
2025-06-09 06:00:00+00:00,35.023,35.294,34.761,35.238,142846.15,73386.46
2025-06-09 07:00:00+00:00,35.237,35.312,34.965,35.044,117861.07,54523.34
2025-06-09 08:00:00+00:00,35.046,35.464,35.02,35.452,136307.53,71245.31
2025-06-09 09:00:00+00:00,35.45,35.649,35.197,35.247,239034.32,106480.74
2025-06-09 10:00:00+00:00,35.242,36.647,35.242,36.479,537196.92,276212.26
2025-06-09 11:00:00+00:00,36.482,37.673,36.464,37.425,684055.16,364281.68
2025-06-09 12:00:00+00:00,37.426,37.495,36.806,36.927,330093.02,156063.45
2025-06-09 13:00:00+00:00,36.928,36.932,36.5,36.613,309390.4,140596.41
2025-06-09 14:00:00+00:00,36.616,37.748,36.614,37.426,453316.04,249838.14
2025-06-09 15:00:00+00:00,37.433,37.75,37.317,37.669,460128.46,231041.73
2025-06-09 16:00:00+00:00,37.67,38.11,37.487,37.844,456477.89,213722.85
2025-06-09 17:00:00+00:00,37.848,38.241,37.766,38.095,250913.4,143634.7
2025-06-09 18:00:00+00:00,38.094,38.231,37.768,37.867,220938.82,115205.46
2025-06-09 19:00:00+00:00,37.869,38.024,37.555,37.683,194903.12,92812.12
2025-06-09 20:00:00+00:00,37.682,38.007,37.371,37.99,311361.74,150368.3
2025-06-09 21:00:00+00:00,37.99,38.584,37.975,38.485,449327.31,234001.73
2025-06-09 22:00:00+00:00,38.487,39.166,38.288,38.619,358353.99,196719.2
2025-06-09 23:00:00+00:00,38.622,38.959,38.14,38.848,273239.61,145432.41
2025-06-10 00:00:00+00:00,38.848,39.209,38.404,38.73,417180.61,200540.32
2025-06-10 01:00:00+00:00,38.729,39.375,38.562,39.343,231265.78,124120.97
2025-06-10 02:00:00+00:00,39.343,39.464,38.978,39.165,243866.7,114845.87
2025-06-10 03:00:00+00:00,39.166,39.325,38.713,39.19,215055.83,111609.79
2025-06-10 04:00:00+00:00,39.19,39.668,39.049,39.539,378717.66,199299.54
2025-06-10 05:00:00+00:00,39.542,39.591,38.466,38.955,349744.49,159721.34
2025-06-10 06:00:00+00:00,38.957,39.433,38.624,39.246,258305.71,145030.9
2025-06-10 07:00:00+00:00,39.249,39.503,38.855,39.094,246463.54,121412.49
2025-06-10 08:00:00+00:00,39.094,39.413,38.891,39.166,321763.77,192656.81
2025-06-10 09:00:00+00:00,39.166,41.54,39.114,40.938,1075639.19,565729.31
2025-06-10 10:00:00+00:00,40.938,41.418,40.239,41.144,591718.67,286960.3
2025-06-10 11:00:00+00:00,41.144,41.875,40.828,41.58,649383.84,328097.55
2025-06-10 12:00:00+00:00,41.58,41.701,40.861,40.919,432178.21,213645.01
2025-06-10 13:00:00+00:00,40.92,41.077,40.357,40.456,468038.95,213398.66
2025-06-10 14:00:00+00:00,40.455,40.523,39.664,39.843,458029.38,198915.4
2025-06-10 15:00:00+00:00,39.841,40.291,39.53,40.149,358279.25,196212.68
2025-06-10 16:00:00+00:00,40.152,40.489,39.762,39.866,243761.83,123008.68
2025-06-10 17:00:00+00:00,39.864,40.295,39.723,39.975,168340.57,82770.88
2025-06-10 18:00:00+00:00,39.976,40.962,39.812,40.794,297969.69,156812.22
2025-06-10 19:00:00+00:00,40.788,41.635,40.729,41.089,506429.6,247183.31
2025-06-10 20:00:00+00:00,41.089,42.062,40.822,41.752,358536.5,184079.94
2025-06-10 21:00:00+00:00,41.755,41.845,41.101,41.53,232186.07,106774.61
2025-06-10 22:00:00+00:00,41.53,42.411,41.45,41.826,402168.28,207084.15
2025-06-10 23:00:00+00:00,41.827,42.33,41.731,42.241,219516.05,108149.17
2025-06-11 00:00:00+00:00,42.24,42.396,41.175,41.452,288359.83,119645.57
2025-06-11 01:00:00+00:00,41.459,41.895,40.858,41.181,476954.59,251091.87
2025-06-11 02:00:00+00:00,41.181,41.442,40.833,41.357,270214.67,135927.33
2025-06-11 03:00:00+00:00,41.355,41.819,41.265,41.797,170568.69,94263.7
2025-06-11 04:00:00+00:00,41.791,41.887,41.461,41.808,105060.0,55632.8
2025-06-11 05:00:00+00:00,41.809,42.174,41.528,41.814,191989.38,105673.05
2025-06-11 06:00:00+00:00,41.814,42.729,41.814,42.578,284309.93,153176.11
2025-06-11 07:00:00+00:00,42.575,42.796,42.381,42.602,193304.77,97448.61
2025-06-11 08:00:00+00:00,42.601,43.14,42.298,42.388,509405.7,280250.35
2025-06-11 09:00:00+00:00,42.388,42.575,41.727,41.765,242175.07,119597.2
2025-06-11 10:00:00+00:00,41.76,41.911,41.443,41.836,318831.05,169351.87
2025-06-11 11:00:00+00:00,41.832,41.845,41.159,41.375,211650.57,106963.81
2025-06-11 12:00:00+00:00,41.376,42.546,41.176,42.321,486763.9,260946.5
2025-06-11 13:00:00+00:00,42.321,42.979,42.065,42.878,458920.0,237658.62
2025-06-11 14:00:00+00:00,42.897,43.55,42.654,43.522,477755.68,266898.0
2025-06-11 15:00:00+00:00,43.523,44.088,43.351,43.535,446617.81,217649.35
2025-06-11 16:00:00+00:00,43.532,43.774,42.852,42.94,277334.6,135137.37
2025-06-11 17:00:00+00:00,42.943,43.306,42.672,42.913,341880.86,199077.26
2025-06-11 18:00:00+00:00,42.912,43.037,42.238,42.364,371881.11,159166.41
2025-06-11 19:00:00+00:00,42.365,42.782,42.023,42.255,272867.53,129956.76
2025-06-11 20:00:00+00:00,42.252,42.685,41.94,42.151,133567.67,67099.29
2025-06-11 21:00:00+00:00,42.148,42.526,40.949,41.03,341092.53,140627.12
2025-06-11 22:00:00+00:00,41.029,41.528,40.71,41.188,480671.39,219937.65
2025-06-11 23:00:00+00:00,41.187,41.95,41.094,41.828,237520.85,138345.48
2025-06-12 00:00:00+00:00,41.823,41.848,40.61,41.057,337783.31,135978.19
2025-06-12 01:00:00+00:00,41.056,41.236,40.66,41.2,196854.1,95237.64
2025-06-12 02:00:00+00:00,41.198,41.707,41.154,41.394,207579.27,104920.56
2025-06-12 03:00:00+00:00,41.388,42.082,41.202,41.867,278640.97,149026.13
2025-06-12 04:00:00+00:00,41.866,42.032,41.371,41.752,260971.11,118836.55
2025-06-12 05:00:00+00:00,41.754,42.218,41.467,41.888,254698.33,129274.85
2025-06-12 06:00:00+00:00,41.888,42.013,41.517,41.858,153253.13,78105.91
2025-06-12 07:00:00+00:00,41.855,42.028,41.28,41.478,210068.28,87685.32
2025-06-12 08:00:00+00:00,41.476,41.762,41.159,41.638,181278.84,81254.14
2025-06-12 09:00:00+00:00,41.634,41.723,41.346,41.506,130754.63,61481.43
2025-06-12 10:00:00+00:00,41.505,41.606,40.518,40.735,401744.5,174424.06
2025-06-12 11:00:00+00:00,40.729,40.948,40.3,40.433,389532.49,180953.77
2025-06-12 12:00:00+00:00,40.433,41.213,40.35,40.917,262653.51,138326.29
2025-06-12 13:00:00+00:00,40.914,41.915,40.888,41.754,434357.59,225435.13
2025-06-12 14:00:00+00:00,41.755,43.01,41.722,42.767,587927.24,328453.85
2025-06-12 15:00:00+00:00,42.763,43.498,42.0,42.447,819041.59,391361.69
2025-06-12 16:00:00+00:00,42.449,43.366,42.435,43.015,487142.39,229748.6
2025-06-12 17:00:00+00:00,43.015,43.913,42.817,43.591,394943.62,222415.88
2025-06-12 18:00:00+00:00,43.59,43.641,42.498,42.8,462088.4,235329.22
2025-06-12 19:00:00+00:00,42.801,42.891,41.667,41.885,797890.51,369575.48
2025-06-12 20:00:00+00:00,41.882,42.05,40.833,41.268,927911.93,395684.56
2025-06-12 21:00:00+00:00,41.264,41.565,40.371,40.412,547612.29,234367.18
2025-06-12 22:00:00+00:00,40.411,41.056,40.329,40.64,393923.37,190972.43
2025-06-12 23:00:00+00:00,40.638,41.202,40.509,40.516,283216.55,142783.99
2025-06-13 00:00:00+00:00,40.52,40.549,38.071,38.723,2268362.75,998641.37
2025-06-13 01:00:00+00:00,38.722,38.888,37.338,38.733,1608598.45,749076.24
2025-06-13 02:00:00+00:00,38.734,38.914,37.631,38.215,814492.97,385761.71
2025-06-13 03:00:00+00:00,38.215,39.489,38.172,39.106,611700.77,333364.49
2025-06-13 04:00:00+00:00,39.112,39.75,38.402,39.741,469317.03,250640.69
2025-06-13 05:00:00+00:00,39.743,39.9,39.151,39.345,588835.27,273113.7
2025-06-13 06:00:00+00:00,39.346,39.552,38.556,38.982,615382.1,279223.87
2025-06-13 07:00:00+00:00,38.981,39.55,38.34,39.391,599210.52,303979.08
2025-06-13 08:00:00+00:00,39.39,40.125,39.003,39.155,640782.77,291579.37
2025-06-13 09:00:00+00:00,39.154,40.373,39.019,40.017,799522.33,457709.99
2025-06-13 10:00:00+00:00,40.014,40.422,39.738,40.051,662941.55,322542.47
2025-06-13 11:00:00+00:00,40.051,40.242,39.471,40.136,434064.99,223963.13
2025-06-13 12:00:00+00:00,40.137,40.671,39.96,40.197,601110.5,305627.09
2025-06-13 13:00:00+00:00,40.197,40.625,39.768,40.164,609306.96,301396.66
2025-06-13 14:00:00+00:00,40.172,40.586,39.07,40.448,809618.56,398657.47
2025-06-13 15:00:00+00:00,40.45,41.586,40.287,41.232,1030418.9,512716.11
2025-06-13 16:00:00+00:00,41.235,42.125,40.856,41.695,677499.79,342269.3
2025-06-13 17:00:00+00:00,41.695,41.741,40.65,41.129,468262.29,224541.55
2025-06-13 18:00:00+00:00,41.128,41.334,40.114,40.62,601640.71,295691.38
2025-06-13 19:00:00+00:00,40.616,40.937,40.285,40.76,457436.35,248894.35
2025-06-13 20:00:00+00:00,40.757,41.726,40.748,41.475,440923.2,234032.37
2025-06-13 21:00:00+00:00,41.471,42.066,41.123,42.035,319873.49,165241.44
2025-06-13 22:00:00+00:00,42.048,43.065,41.744,41.861,543719.0,252607.86
2025-06-13 23:00:00+00:00,41.862,42.55,41.827,42.297,187046.65,104506.76
2025-06-14 00:00:00+00:00,42.299,42.666,42.044,42.4,306518.75,152946.22
2025-06-14 01:00:00+00:00,42.397,42.408,41.544,41.74,275123.46,117923.55
2025-06-14 02:00:00+00:00,41.743,41.983,41.572,41.701,140105.68,69646.47
2025-06-14 03:00:00+00:00,41.699,42.163,41.589,41.763,153765.94,76252.02
2025-06-14 04:00:00+00:00,41.76,42.383,41.697,42.345,194836.63,116905.48
2025-06-14 05:00:00+00:00,42.345,42.629,41.989,42.548,248145.22,100307.37
2025-06-14 06:00:00+00:00,42.549,42.723,41.982,42.195,368076.9,173347.94
2025-06-14 07:00:00+00:00,42.191,42.617,41.687,42.453,456927.71,234415.25
2025-06-14 08:00:00+00:00,42.455,42.583,42.044,42.408,295472.18,126293.84
2025-06-14 09:00:00+00:00,42.41,42.52,41.885,41.923,253278.73,144658.71
2025-06-14 10:00:00+00:00,41.922,42.021,41.676,41.69,183171.26,94108.04
2025-06-14 11:00:00+00:00,41.687,41.778,41.056,41.208,336680.57,148919.09
2025-06-14 12:00:00+00:00,41.206,41.324,40.673,40.995,385444.68,186140.62
2025-06-14 13:00:00+00:00,40.993,41.425,40.843,41.391,322748.87,177737.86
2025-06-14 14:00:00+00:00,41.389,41.665,40.802,41.031,411355.12,209659.47
2025-06-14 15:00:00+00:00,41.036,41.151,40.306,40.519,467532.92,212341.19
2025-06-14 16:00:00+00:00,40.519,40.674,39.729,39.91,471884.91,175578.85
2025-06-14 17:00:00+00:00,39.909,40.371,39.731,40.229,316957.9,176496.71
2025-06-14 18:00:00+00:00,40.228,40.328,39.381,39.586,401116.93,180968.26
2025-06-14 19:00:00+00:00,39.59,39.88,39.293,39.311,316810.04,152290.49
2025-06-14 20:00:00+00:00,39.31,39.624,38.867,39.589,451316.98,210214.4
2025-06-14 21:00:00+00:00,39.588,40.071,39.418,40.052,276957.6,161195.41
2025-06-14 22:00:00+00:00,40.054,40.232,39.874,40.092,191791.46,96137.96
2025-06-14 23:00:00+00:00,40.09,40.29,39.951,40.13,165591.01,72342.55
2025-06-15 00:00:00+00:00,40.13,40.612,40.088,40.556,244512.35,116941.9
2025-06-15 01:00:00+00:00,40.554,40.71,40.15,40.268,177170.31,89307.27
2025-06-15 02:00:00+00:00,40.268,40.809,40.262,40.725,216781.38,122865.13
2025-06-15 03:00:00+00:00,40.725,40.805,39.941,39.985,224395.46,79978.14
2025-06-15 04:00:00+00:00,39.985,40.235,39.821,40.163,192098.05,77992.93
2025-06-15 05:00:00+00:00,40.163,41.164,39.915,41.163,351136.52,195600.44
2025-06-15 06:00:00+00:00,41.163,41.2,40.383,40.426,282735.9,119247.95
2025-06-15 07:00:00+00:00,40.424,40.635,40.227,40.612,168195.52,98393.22
2025-06-15 08:00:00+00:00,40.612,40.64,40.061,40.196,139998.13,57021.94
2025-06-15 09:00:00+00:00,40.197,40.199,39.864,39.929,164276.12,76065.83
2025-06-15 10:00:00+00:00,39.93,40.368,39.887,40.317,141867.46,73675.2
2025-06-15 11:00:00+00:00,40.317,40.498,40.036,40.201,167303.1,79843.45
2025-06-15 12:00:00+00:00,40.201,40.473,40.068,40.248,203265.3,97658.97
2025-06-15 13:00:00+00:00,40.248,40.767,39.684,40.698,461253.0,229602.67
2025-06-15 14:00:00+00:00,40.699,41.112,40.273,40.909,580516.66,281628.1
2025-06-15 15:00:00+00:00,40.913,41.186,40.74,40.782,231686.55,101954.92
2025-06-15 16:00:00+00:00,40.781,41.009,40.585,40.915,221057.58,96724.57
2025-06-15 17:00:00+00:00,40.915,41.454,40.784,41.279,301076.33,156772.47
2025-06-15 18:00:00+00:00,41.279,41.452,41.056,41.164,328192.07,161084.1
2025-06-15 19:00:00+00:00,41.165,41.478,40.74,40.911,276044.85,151535.33
2025-06-15 20:00:00+00:00,40.911,41.032,40.189,40.328,316241.39,145527.67
2025-06-15 21:00:00+00:00,40.321,40.489,40.13,40.275,129639.81,71302.92
2025-06-15 22:00:00+00:00,40.274,41.227,40.161,41.181,393591.73,204419.52
2025-06-15 23:00:00+00:00,41.183,41.42,40.969,41.193,274242.27,124683.31
2025-06-16 00:00:00+00:00,41.191,41.427,40.953,41.184,447612.63,228446.82
2025-06-16 01:00:00+00:00,41.18,41.9,40.686,41.762,442892.88,230873.26
2025-06-16 02:00:00+00:00,41.762,42.414,41.708,42.218,503854.08,258600.38
2025-06-16 03:00:00+00:00,42.218,42.495,42.054,42.144,277759.91,126983.18
2025-06-16 04:00:00+00:00,42.145,43.194,42.109,43.14,496772.12,255071.96
2025-06-16 05:00:00+00:00,43.143,43.88,42.879,43.605,539304.45,298525.79
2025-06-16 06:00:00+00:00,43.606,44.618,43.485,44.327,636431.98,344190.29
2025-06-16 07:00:00+00:00,44.328,44.888,44.137,44.676,752420.76,336444.35
2025-06-16 08:00:00+00:00,44.677,44.743,44.036,44.405,456349.78,195107.2
2025-06-16 09:00:00+00:00,44.4,44.597,44.062,44.488,301517.43,163045.16
2025-06-16 10:00:00+00:00,44.489,44.857,43.7,44.076,522302.47,222299.7
2025-06-16 11:00:00+00:00,44.077,44.719,43.016,44.527,737946.57,355528.89
2025-06-16 12:00:00+00:00,44.527,44.584,44.036,44.493,306150.82,154475.33
2025-06-16 13:00:00+00:00,44.493,45.0,44.238,44.947,567057.78,298795.51
2025-06-16 14:00:00+00:00,44.948,45.846,44.931,45.147,1040261.88,550799.64
2025-06-16 15:00:00+00:00,45.147,45.59,44.5,44.607,613245.38,287969.13
2025-06-16 16:00:00+00:00,44.61,45.271,44.547,45.036,325085.16,172005.5
2025-06-16 17:00:00+00:00,45.036,45.099,44.457,44.6,381190.03,200220.59
2025-06-16 18:00:00+00:00,44.601,44.768,44.227,44.67,285535.11,143250.81
2025-06-16 19:00:00+00:00,44.67,45.228,44.05,44.344,542132.1,270142.01
2025-06-16 20:00:00+00:00,44.344,44.655,44.082,44.566,308843.23,162495.13
2025-06-16 21:00:00+00:00,44.567,44.582,43.671,43.826,336434.54,131516.87
2025-06-16 22:00:00+00:00,43.826,44.208,42.507,42.896,876789.96,404191.9
2025-06-16 23:00:00+00:00,42.894,43.466,41.754,41.918,954699.97,491663.94
2025-06-17 00:00:00+00:00,41.92,42.846,41.214,42.725,1207043.17,666485.63
2025-06-17 01:00:00+00:00,42.723,43.016,42.152,42.272,599036.63,306960.62
2025-06-17 02:00:00+00:00,42.273,43.109,41.857,43.085,488280.79,246077.13
2025-06-17 03:00:00+00:00,43.084,43.289,42.776,43.154,481589.22,251559.09
2025-06-17 04:00:00+00:00,43.154,43.541,42.801,42.883,345030.71,176938.85
2025-06-17 05:00:00+00:00,42.882,43.107,42.317,42.578,326351.25,134352.78
2025-06-17 06:00:00+00:00,42.578,42.733,42.074,42.339,370504.55,167212.58
2025-06-17 07:00:00+00:00,42.339,42.589,42.1,42.274,256619.47,122027.09
2025-06-17 08:00:00+00:00,42.273,42.458,40.863,40.985,836522.27,334601.47
2025-06-17 09:00:00+00:00,40.985,41.102,40.347,40.64,822104.6,389329.46
2025-06-17 10:00:00+00:00,40.641,40.729,40.146,40.722,482705.64,248942.62
2025-06-17 11:00:00+00:00,40.72,40.722,40.075,40.532,378998.17,186888.27
2025-06-17 12:00:00+00:00,40.531,40.733,39.743,39.96,550360.85,260204.41
2025-06-17 13:00:00+00:00,39.96,40.252,39.588,39.818,834784.98,381873.19
2025-06-17 14:00:00+00:00,39.815,40.682,39.788,39.998,658354.15,347374.29
2025-06-17 15:00:00+00:00,39.998,40.248,39.191,39.634,1236434.08,509724.94
2025-06-17 16:00:00+00:00,39.632,39.871,38.513,38.642,1227515.7,601212.56
2025-06-17 17:00:00+00:00,38.644,39.429,38.314,39.07,922353.65,479494.41
2025-06-17 18:00:00+00:00,39.072,39.85,38.595,39.847,513470.69,312441.24
2025-06-17 19:00:00+00:00,39.846,41.356,39.768,40.613,1462362.75,781312.2
2025-06-17 20:00:00+00:00,40.611,40.902,39.672,39.898,772583.1,338158.61
2025-06-17 21:00:00+00:00,39.897,39.99,39.211,39.528,589391.17,273604.99
2025-06-17 22:00:00+00:00,39.53,40.371,38.987,39.869,619624.57,356197.68
2025-06-17 23:00:00+00:00,39.872,40.346,39.707,39.968,362261.1,175347.77
2025-06-18 00:00:00+00:00,39.968,40.358,39.613,40.308,409675.48,203319.31
2025-06-18 01:00:00+00:00,40.308,40.694,39.991,40.07,414375.67,206046.08
2025-06-18 02:00:00+00:00,40.071,40.348,39.9,40.046,253802.2,123290.8
2025-06-18 03:00:00+00:00,40.044,40.565,39.988,40.328,283613.07,133213.42
2025-06-18 04:00:00+00:00,40.33,40.869,40.008,40.86,391973.32,202176.76
2025-06-18 05:00:00+00:00,40.86,41.105,40.694,40.807,323625.15,143324.55
2025-06-18 06:00:00+00:00,40.807,41.122,40.121,40.375,419952.21,195979.98
2025-06-18 07:00:00+00:00,40.374,40.549,39.987,40.286,340334.44,153655.73
2025-06-18 08:00:00+00:00,40.286,40.618,40.261,40.497,277488.6,119811.46
2025-06-18 09:00:00+00:00,40.498,40.857,39.707,39.87,399402.23,175626.38
2025-06-18 10:00:00+00:00,39.87,39.97,38.868,39.166,538084.33,216213.99
2025-06-18 11:00:00+00:00,39.166,39.342,38.708,39.244,553104.98,268666.83
2025-06-18 12:00:00+00:00,39.245,39.268,38.412,38.578,823267.45,400912.4
2025-06-18 13:00:00+00:00,38.579,39.455,37.561,39.045,1683542.77,791345.62
2025-06-18 14:00:00+00:00,39.045,40.349,38.803,39.525,1842322.3,932373.87
2025-06-18 15:00:00+00:00,39.521,39.817,38.776,39.039,863090.79,400067.84
2025-06-18 16:00:00+00:00,39.039,39.221,38.516,38.549,619803.45,288769.54
2025-06-18 17:00:00+00:00,38.55,39.124,38.258,39.094,591612.83,320151.09
2025-06-18 18:00:00+00:00,39.1,39.291,38.227,38.319,1083047.01,514017.45
2025-06-18 19:00:00+00:00,38.322,38.906,37.753,37.785,879486.18,431973.07
2025-06-18 20:00:00+00:00,37.78,39.259,37.738,38.929,721748.09,373471.68
2025-06-18 21:00:00+00:00,38.928,39.148,38.066,39.106,653909.19,313691.21
2025-06-18 22:00:00+00:00,39.105,39.453,38.735,39.096,422772.78,197624.59
2025-06-18 23:00:00+00:00,39.096,39.656,38.926,39.48,514496.8,262472.82
2025-06-19 00:00:00+00:00,39.476,40.0,39.086,39.513,477591.93,228152.46
2025-06-19 01:00:00+00:00,39.513,39.531,38.445,38.73,573712.93,278487.29
2025-06-19 02:00:00+00:00,38.729,38.836,38.13,38.24,411301.58,194554.0
2025-06-19 03:00:00+00:00,38.245,38.625,38.222,38.523,203701.04,101134.99
2025-06-19 04:00:00+00:00,38.524,38.544,37.564,38.246,588370.49,291287.19
2025-06-19 05:00:00+00:00,38.246,38.485,38.139,38.18,326690.89,158852.4
2025-06-19 06:00:00+00:00,38.18,38.307,37.656,37.882,335438.97,161814.35
2025-06-19 07:00:00+00:00,37.882,38.124,37.727,37.84,244193.64,103928.48
2025-06-19 08:00:00+00:00,37.84,38.165,37.631,37.648,293564.2,127247.7
2025-06-19 09:00:00+00:00,37.649,38.366,37.24,38.321,569041.65,274982.08
2025-06-19 10:00:00+00:00,38.32,38.5,38.0,38.147,364641.01,153097.7
2025-06-19 11:00:00+00:00,38.146,38.146,37.16,37.482,519469.06,248882.81
2025-06-19 12:00:00+00:00,37.486,38.02,37.185,37.624,558206.83,274504.53
2025-06-19 13:00:00+00:00,37.624,37.651,36.735,36.861,730919.54,331066.11
2025-06-19 14:00:00+00:00,36.862,37.156,36.305,36.451,730681.42,329332.72
2025-06-19 15:00:00+00:00,36.455,36.893,36.1,36.276,652762.72,292662.21
2025-06-19 16:00:00+00:00,36.279,36.784,36.071,36.119,568040.13,291654.35
2025-06-19 17:00:00+00:00,36.12,37.715,36.033,36.827,1238869.16,709187.31
2025-06-19 18:00:00+00:00,36.827,37.311,36.43,36.695,504012.69,247622.96
2025-06-19 19:00:00+00:00,36.696,36.847,36.08,36.32,441899.67,195703.51
2025-06-19 20:00:00+00:00,36.319,37.03,35.835,36.165,797438.09,365024.43
2025-06-19 21:00:00+00:00,36.161,36.402,35.8,36.167,467791.85,240777.14
2025-06-19 22:00:00+00:00,36.17,36.884,36.168,36.748,383448.91,213893.69
2025-06-19 23:00:00+00:00,36.749,37.124,36.58,36.876,339784.61,179788.21
2025-06-20 00:00:00+00:00,36.877,37.118,36.529,36.575,330706.87,144812.61
2025-06-20 01:00:00+00:00,36.579,37.0,36.252,36.978,260113.0,141715.5
2025-06-20 02:00:00+00:00,36.978,37.081,36.468,36.689,258435.97,112157.23
2025-06-20 03:00:00+00:00,36.689,36.739,36.013,36.056,274286.93,119834.6
2025-06-20 04:00:00+00:00,36.058,36.074,35.613,35.626,480327.25,232409.18
2025-06-20 05:00:00+00:00,35.628,36.317,35.543,36.159,421224.44,230015.94
2025-06-20 06:00:00+00:00,36.158,36.753,36.075,36.59,448061.16,228756.44
2025-06-20 07:00:00+00:00,36.594,37.7,36.307,37.67,964175.2,503119.67
2025-06-20 08:00:00+00:00,37.671,37.901,37.291,37.356,762065.09,345251.66
2025-06-20 09:00:00+00:00,37.355,37.649,37.063,37.232,463676.09,220046.02
2025-06-20 10:00:00+00:00,37.23,37.446,37.059,37.245,264165.61,128414.91
2025-06-20 11:00:00+00:00,37.242,37.372,36.612,37.1,442008.45,210612.45
2025-06-20 12:00:00+00:00,37.096,37.703,36.933,37.41,498936.69,261426.65
2025-06-20 13:00:00+00:00,37.407,37.793,36.782,37.031,720455.27,368762.0
2025-06-20 14:00:00+00:00,37.028,37.144,35.567,35.655,1014702.41,466716.69
2025-06-20 15:00:00+00:00,35.655,36.122,35.61,35.709,812887.37,432000.97
2025-06-20 16:00:00+00:00,35.71,35.795,34.109,34.271,1999565.87,915432.44
2025-06-20 17:00:00+00:00,34.271,34.47,33.376,34.34,1845528.23,911810.07
2025-06-20 18:00:00+00:00,34.339,34.6,34.034,34.323,780328.98,407188.44
2025-06-20 19:00:00+00:00,34.329,34.718,33.982,34.572,624445.35,339351.63
2025-06-20 20:00:00+00:00,34.573,34.954,34.413,34.423,616612.17,324975.89
2025-06-20 21:00:00+00:00,34.428,34.438,33.904,34.071,532738.2,252061.1
2025-06-20 22:00:00+00:00,34.071,34.079,33.074,33.551,1266235.0,569341.89
2025-06-20 23:00:00+00:00,33.552,33.6,33.155,33.387,533503.29,283383.7
2025-06-21 00:00:00+00:00,33.388,33.436,32.9,33.279,647020.84,268999.34
2025-06-21 01:00:00+00:00,33.28,34.537,33.108,34.474,932651.84,518678.5
2025-06-21 02:00:00+00:00,34.475,34.723,34.235,34.548,302562.18,152689.22
2025-06-21 03:00:00+00:00,34.545,34.771,34.362,34.472,424669.77,207908.95
2025-06-21 04:00:00+00:00,34.471,34.704,34.34,34.48,172704.76,79149.12
2025-06-21 05:00:00+00:00,34.48,35.0,34.378,34.692,257733.03,137492.68
2025-06-21 06:00:00+00:00,34.693,34.952,34.504,34.815,181042.95,89982.41
2025-06-21 07:00:00+00:00,34.816,34.999,34.53,34.958,202775.91,91932.95
2025-06-21 08:00:00+00:00,34.957,35.183,34.756,35.174,425086.55,228461.06
2025-06-21 09:00:00+00:00,35.173,35.278,34.827,35.115,551141.78,269882.96
2025-06-21 10:00:00+00:00,35.115,35.3,34.841,34.967,271342.63,137540.18
2025-06-21 11:00:00+00:00,34.969,35.3,34.831,35.217,188710.4,93309.55
2025-06-21 12:00:00+00:00,35.217,35.312,34.937,34.942,218838.74,104969.92
2025-06-21 13:00:00+00:00,34.942,35.143,33.914,34.062,669298.89,262511.95
2025-06-21 14:00:00+00:00,34.063,34.415,33.929,34.107,478684.81,253469.31
2025-06-21 15:00:00+00:00,34.104,34.266,32.9,33.289,932644.72,390105.47
2025-06-21 16:00:00+00:00,33.288,33.409,32.58,32.74,711592.88,347559.72
2025-06-21 17:00:00+00:00,32.742,33.368,32.326,32.483,800844.98,386902.81
2025-06-21 18:00:00+00:00,32.483,33.121,32.456,32.551,618417.27,317482.7
2025-06-21 19:00:00+00:00,32.554,32.781,31.783,31.853,998663.7,453334.68
2025-06-21 20:00:00+00:00,31.853,32.662,31.783,32.488,636600.43,332892.28
2025-06-21 21:00:00+00:00,32.49,32.7,30.913,32.083,1691821.23,762243.76
2025-06-21 22:00:00+00:00,32.08,33.671,31.854,33.274,1330319.22,742995.01
2025-06-21 23:00:00+00:00,33.275,34.57,32.624,34.421,1418229.89,744254.58
2025-06-22 00:00:00+00:00,34.419,34.553,33.147,33.846,1756833.15,824682.51
2025-06-22 01:00:00+00:00,33.843,34.174,33.192,33.282,857261.18,399896.8
2025-06-22 02:00:00+00:00,33.284,33.755,32.722,33.329,1106314.34,515919.59
2025-06-22 03:00:00+00:00,33.328,33.496,32.787,33.211,530470.18,247896.04
2025-06-22 04:00:00+00:00,33.211,34.008,33.124,33.812,562326.36,321329.43
2025-06-22 05:00:00+00:00,33.811,34.43,33.806,34.38,600734.9,284987.18
2025-06-22 06:00:00+00:00,34.375,34.617,34.151,34.242,393740.56,198540.09
2025-06-22 07:00:00+00:00,34.24,34.242,33.4,33.868,624573.84,280459.46
2025-06-22 08:00:00+00:00,33.868,34.163,33.65,34.103,392293.79,204797.54
2025-06-22 09:00:00+00:00,34.102,34.251,33.24,33.28,557208.74,263392.69
2025-06-22 10:00:00+00:00,33.276,33.764,33.231,33.684,360640.85,185881.37
2025-06-22 11:00:00+00:00,33.683,34.436,33.672,33.866,468595.26,233846.13
2025-06-22 12:00:00+00:00,33.863,34.0,33.154,33.556,523947.21,267598.26
2025-06-22 13:00:00+00:00,33.559,33.709,31.878,32.456,1878199.03,902546.4
2025-06-22 14:00:00+00:00,32.456,33.464,31.6,33.192,2372864.44,1167645.18
2025-06-22 15:00:00+00:00,33.192,33.612,32.59,32.911,1385264.47,678590.0
2025-06-22 16:00:00+00:00,32.909,33.627,32.402,33.601,1087262.82,586806.45
2025-06-22 17:00:00+00:00,33.601,34.352,33.31,34.076,906014.34,483372.66
2025-06-22 18:00:00+00:00,34.075,34.325,33.711,33.931,541788.93,265370.7
2025-06-22 19:00:00+00:00,33.93,34.283,33.435,33.62,680036.56,292009.07
2025-06-22 20:00:00+00:00,33.62,34.998,33.275,34.63,1414204.16,775300.81
2025-06-22 21:00:00+00:00,34.629,35.003,34.264,34.328,626144.63,324353.98
2025-06-22 22:00:00+00:00,34.327,36.033,34.291,36.021,1673707.77,932428.26
2025-06-22 23:00:00+00:00,36.022,36.065,35.505,35.754,694649.52,338723.95
2025-06-23 00:00:00+00:00,35.761,36.0,35.014,35.553,842527.39,375957.19
2025-06-23 01:00:00+00:00,35.56,36.015,35.202,35.979,419572.43,213426.92
2025-06-23 02:00:00+00:00,35.978,36.126,35.607,35.718,457828.09,223508.06
2025-06-23 03:00:00+00:00,35.717,35.85,35.135,35.289,359361.14,156523.78
2025-06-23 04:00:00+00:00,35.29,35.685,35.058,35.193,277434.48,140210.37
2025-06-23 05:00:00+00:00,35.194,35.799,35.194,35.739,282765.26,151283.58
2025-06-23 06:00:00+00:00,35.739,35.942,35.203,35.368,501492.94,226063.92
2025-06-23 07:00:00+00:00,35.367,35.919,35.361,35.89,392745.33,202520.61
2025-06-23 08:00:00+00:00,35.889,36.332,35.653,35.986,530670.4,292260.0
2025-06-23 09:00:00+00:00,35.987,36.055,35.204,35.5,437617.53,214153.09
2025-06-23 10:00:00+00:00,35.499,35.525,34.902,35.12,405059.37,152866.75
2025-06-23 11:00:00+00:00,35.121,35.278,34.659,35.089,490857.09,224044.09
2025-06-23 12:00:00+00:00,35.089,35.793,34.565,35.746,651678.73,347840.31
2025-06-23 13:00:00+00:00,35.746,36.251,34.71,36.089,1194765.61,594133.25
2025-06-23 14:00:00+00:00,36.09,36.737,34.923,35.11,1722865.84,913093.02
2025-06-23 15:00:00+00:00,35.11,35.344,34.308,34.498,959251.83,457509.57
2025-06-23 16:00:00+00:00,34.496,34.608,33.272,34.493,2254145.72,1089950.25
2025-06-23 17:00:00+00:00,34.493,36.244,34.407,35.963,1806635.98,933462.56
2025-06-23 18:00:00+00:00,35.967,37.455,35.967,36.91,1651537.38,841175.94
2025-06-23 19:00:00+00:00,36.907,37.252,36.509,37.234,523380.54,252834.43
2025-06-23 20:00:00+00:00,37.237,38.024,36.871,37.414,890922.18,517851.23
2025-06-23 21:00:00+00:00,37.414,37.755,36.674,36.688,639335.59,263742.86
2025-06-23 22:00:00+00:00,36.69,38.481,36.69,37.995,1807802.32,964861.54
2025-06-23 23:00:00+00:00,37.998,38.485,37.889,38.175,658048.15,321276.56
2025-06-24 00:00:00+00:00,38.178,38.298,36.562,36.969,974194.89,409840.05
2025-06-24 01:00:00+00:00,36.968,37.558,36.509,37.535,628471.28,341970.61
2025-06-24 02:00:00+00:00,37.534,37.534,36.453,36.721,741886.21,279736.0
2025-06-24 03:00:00+00:00,36.72,37.287,36.681,37.088,341906.11,189171.58
2025-06-24 04:00:00+00:00,37.085,37.252,36.664,36.784,251424.51,115376.38
2025-06-24 05:00:00+00:00,36.785,37.936,36.688,37.784,536056.3,301630.76
2025-06-24 06:00:00+00:00,37.783,37.924,37.244,37.606,439390.05,211895.56
2025-06-24 07:00:00+00:00,37.606,37.95,36.882,36.961,484256.46,218529.52
2025-06-24 08:00:00+00:00,36.96,37.178,36.536,36.827,650035.25,301558.36
2025-06-24 09:00:00+00:00,36.827,37.426,36.656,36.705,416896.11,231495.36
2025-06-24 10:00:00+00:00,36.704,36.968,36.25,36.887,672379.19,321932.03
2025-06-24 11:00:00+00:00,36.887,37.312,36.61,37.134,462091.86,208039.59
2025-06-24 12:00:00+00:00,37.134,37.444,36.884,37.214,406321.35,190922.93
2025-06-24 13:00:00+00:00,37.211,37.5,36.791,37.039,697308.44,325569.96
2025-06-24 14:00:00+00:00,37.038,38.314,36.94,37.88,804465.82,401237.72
2025-06-24 15:00:00+00:00,37.881,38.189,37.396,37.739,597294.97,276676.12
2025-06-24 16:00:00+00:00,37.744,38.83,37.433,38.752,788225.82,401897.51
2025-06-24 17:00:00+00:00,38.752,38.936,37.778,37.981,703963.76,360113.17
2025-06-24 18:00:00+00:00,37.978,38.227,37.339,37.385,459473.02,200426.35
2025-06-24 19:00:00+00:00,37.385,37.622,36.726,37.158,552189.07,251853.65
2025-06-24 20:00:00+00:00,37.159,37.732,36.884,37.671,369675.37,234296.3
2025-06-24 21:00:00+00:00,37.673,37.673,37.014,37.531,245238.05,118750.68
2025-06-24 22:00:00+00:00,37.526,37.532,36.935,37.27,229081.41,97777.93
2025-06-24 23:00:00+00:00,37.27,37.532,36.96,37.512,197371.06,103670.02
2025-06-25 00:00:00+00:00,37.513,37.862,37.162,37.837,360539.65,180651.13
2025-06-25 01:00:00+00:00,37.835,38.292,37.596,37.927,446599.61,226886.36
2025-06-25 02:00:00+00:00,37.928,38.718,37.886,38.658,561660.56,268415.27
2025-06-25 03:00:00+00:00,38.657,38.775,38.0,38.082,509417.06,211606.21
2025-06-25 04:00:00+00:00,38.084,38.444,37.485,37.64,413643.26,192408.69
2025-06-25 05:00:00+00:00,37.64,37.83,37.333,37.449,385700.09,195864.85
2025-06-25 06:00:00+00:00,37.449,37.698,37.178,37.599,263269.53,140140.84
2025-06-25 07:00:00+00:00,37.599,38.157,37.368,37.942,320355.03,174159.57
2025-06-25 08:00:00+00:00,37.942,38.125,37.478,37.857,339599.45,170722.68
2025-06-25 09:00:00+00:00,37.854,38.504,37.724,37.846,541312.18,252101.59
2025-06-25 10:00:00+00:00,37.844,38.431,37.682,38.401,324287.71,173164.92
2025-06-25 11:00:00+00:00,38.401,38.642,37.96,38.444,364412.48,165431.07
2025-06-25 12:00:00+00:00,38.446,38.456,37.982,38.412,352305.33,166362.42
2025-06-25 13:00:00+00:00,38.414,39.096,38.106,38.861,789632.21,405123.46
2025-06-25 14:00:00+00:00,38.862,39.02,37.452,37.805,1161421.54,577008.96
2025-06-25 15:00:00+00:00,37.801,37.884,37.09,37.454,760172.73,378936.69
2025-06-25 16:00:00+00:00,37.455,37.547,36.778,36.964,431287.1,186666.31
2025-06-25 17:00:00+00:00,36.964,37.37,36.677,36.963,387561.76,196613.72
2025-06-25 18:00:00+00:00,36.964,37.316,36.881,37.309,272756.55,147722.63
2025-06-25 19:00:00+00:00,37.309,37.485,37.093,37.273,260099.23,126235.87
2025-06-25 20:00:00+00:00,37.273,37.724,37.057,37.668,253932.82,124547.67
2025-06-25 21:00:00+00:00,37.667,37.814,37.17,37.29,190369.9,89456.31
2025-06-25 22:00:00+00:00,37.291,37.319,36.779,36.783,262164.84,108972.01
2025-06-25 23:00:00+00:00,36.784,37.042,36.707,37.016,207648.51,104314.65
2025-06-26 00:00:00+00:00,37.017,37.259,36.769,37.039,275140.29,140837.2
2025-06-26 01:00:00+00:00,37.04,37.551,36.639,37.533,418675.43,213629.1
2025-06-26 02:00:00+00:00,37.534,37.83,37.221,37.679,370722.34,186713.18
2025-06-26 03:00:00+00:00,37.679,38.104,37.464,37.576,368567.17,174826.75
2025-06-26 04:00:00+00:00,37.581,37.742,37.072,37.268,210222.93,101254.43
2025-06-26 05:00:00+00:00,37.268,37.269,36.843,36.988,164487.49,78072.49
2025-06-26 06:00:00+00:00,36.983,37.302,36.876,37.266,205238.25,107452.04
2025-06-26 07:00:00+00:00,37.263,38.01,37.225,37.664,499151.16,253806.91
2025-06-26 08:00:00+00:00,37.664,37.913,37.522,37.539,234857.81,109728.16
2025-06-26 09:00:00+00:00,37.54,37.642,37.067,37.147,333868.88,161853.8
2025-06-26 10:00:00+00:00,37.148,37.438,37.031,37.148,216242.18,111131.5
2025-06-26 11:00:00+00:00,37.15,37.436,36.9,37.343,258419.08,138343.83
2025-06-26 12:00:00+00:00,37.343,37.731,37.084,37.573,364614.92,170578.81
2025-06-26 13:00:00+00:00,37.574,37.769,37.236,37.68,518136.22,252049.09
2025-06-26 14:00:00+00:00,37.683,38.004,37.44,37.599,623800.55,289398.13
2025-06-26 15:00:00+00:00,37.601,37.669,36.771,37.355,747232.13,375189.24
2025-06-26 16:00:00+00:00,37.354,37.563,36.361,36.409,652825.73,258940.08
2025-06-26 17:00:00+00:00,36.41,36.759,36.115,36.397,383493.82,180970.81
2025-06-26 18:00:00+00:00,36.397,36.694,36.042,36.134,414852.11,167055.7
2025-06-26 19:00:00+00:00,36.135,36.838,36.0,36.712,399868.74,203993.91
2025-06-26 20:00:00+00:00,36.706,37.665,36.586,37.459,517844.9,248448.0
2025-06-26 21:00:00+00:00,37.459,37.473,36.581,36.83,423061.07,178229.02
2025-06-26 22:00:00+00:00,36.828,37.09,36.089,36.11,346904.01,164569.4
2025-06-26 23:00:00+00:00,36.11,36.31,35.735,35.803,416225.62,171154.25
2025-06-27 00:00:00+00:00,35.802,35.932,35.347,35.502,318936.79,142176.93
2025-06-27 01:00:00+00:00,35.501,36.416,35.468,36.197,407760.87,238149.44
2025-06-27 02:00:00+00:00,36.194,36.697,36.097,36.656,200756.28,110718.4
2025-06-27 03:00:00+00:00,36.661,36.777,36.477,36.712,128427.38,59237.29
2025-06-27 04:00:00+00:00,36.715,36.841,36.526,36.657,113439.16,47798.26
2025-06-27 05:00:00+00:00,36.66,36.876,36.447,36.594,160394.82,76778.16
2025-06-27 06:00:00+00:00,36.593,36.942,36.558,36.749,128278.7,60162.91
2025-06-27 07:00:00+00:00,36.749,36.931,36.142,36.275,250863.73,102737.31
2025-06-27 08:00:00+00:00,36.276,37.278,36.206,37.236,384024.92,220327.74
2025-06-27 09:00:00+00:00,37.248,37.285,36.774,36.923,239085.1,98703.44
2025-06-27 10:00:00+00:00,36.925,37.158,36.797,37.003,132656.84,71478.89
2025-06-27 11:00:00+00:00,36.996,37.053,36.675,36.899,129660.83,69572.16
2025-06-27 12:00:00+00:00,36.9,37.204,36.464,36.573,277054.87,131046.54
2025-06-27 13:00:00+00:00,36.572,36.94,36.43,36.758,219311.94,115472.21
2025-06-27 14:00:00+00:00,36.759,37.051,36.497,36.542,299074.0,133706.1
2025-06-27 15:00:00+00:00,36.543,36.934,36.226,36.818,369126.29,181174.69
2025-06-27 16:00:00+00:00,36.818,37.164,36.512,36.952,330940.71,175393.54
2025-06-27 17:00:00+00:00,36.948,36.978,36.069,36.486,460560.21,241965.04
2025-06-27 18:00:00+00:00,36.48,36.56,35.833,36.012,252518.55,115952.23
2025-06-27 19:00:00+00:00,36.011,36.165,35.761,35.958,215367.92,115736.96
2025-06-27 20:00:00+00:00,35.958,36.412,35.868,36.389,173599.61,91558.22
2025-06-27 21:00:00+00:00,36.39,36.586,36.155,36.388,177106.44,74493.01
2025-06-27 22:00:00+00:00,36.389,36.553,36.261,36.48,127202.5,59482.47
2025-06-27 23:00:00+00:00,36.48,36.632,36.347,36.622,90713.77,42812.35
2025-06-28 00:00:00+00:00,36.623,36.637,36.31,36.537,153228.65,77235.25
2025-06-28 01:00:00+00:00,36.534,36.649,36.219,36.569,108587.87,45992.98
2025-06-28 02:00:00+00:00,36.569,36.8,36.373,36.716,139754.99,70690.44
2025-06-28 03:00:00+00:00,36.716,36.898,36.61,36.828,73771.65,38200.64
2025-06-28 04:00:00+00:00,36.832,36.9,36.508,36.599,111496.85,46086.3
2025-06-28 05:00:00+00:00,36.599,36.934,36.599,36.873,124954.63,65521.37
2025-06-28 06:00:00+00:00,36.873,36.95,36.663,36.901,105979.11,50498.89
2025-06-28 07:00:00+00:00,36.902,37.137,36.698,37.112,123840.39,70121.98
2025-06-28 08:00:00+00:00,37.109,37.237,36.813,37.139,204758.3,92396.0
2025-06-28 09:00:00+00:00,37.138,37.418,36.991,37.196,164833.29,69706.58
2025-06-28 10:00:00+00:00,37.197,37.281,36.958,37.05,140067.72,69355.27
2025-06-28 11:00:00+00:00,37.05,37.111,36.852,36.882,86169.32,39910.0
2025-06-28 12:00:00+00:00,36.878,36.935,36.667,36.712,118319.39,56853.36
2025-06-28 13:00:00+00:00,36.712,36.957,36.582,36.643,113146.33,62445.72
2025-06-28 14:00:00+00:00,36.643,36.806,36.564,36.593,133763.5,60024.76
2025-06-28 15:00:00+00:00,36.594,36.918,36.572,36.884,138205.81,62366.14
2025-06-28 16:00:00+00:00,36.883,37.168,36.883,36.974,202240.57,103834.13
2025-06-28 17:00:00+00:00,36.97,37.376,36.837,37.308,177362.04,89397.46
2025-06-28 18:00:00+00:00,37.308,37.613,37.101,37.599,170725.73,90383.24
2025-06-28 19:00:00+00:00,37.597,37.879,37.462,37.52,200210.6,107509.67
2025-06-28 20:00:00+00:00,37.519,37.826,37.42,37.616,127426.76,65579.35
2025-06-28 21:00:00+00:00,37.618,37.819,37.497,37.774,79845.84,40528.09
2025-06-28 22:00:00+00:00,37.774,37.907,37.622,37.828,122153.03,59808.83
2025-06-28 23:00:00+00:00,37.827,37.848,37.556,37.798,91531.21,43855.64
2025-06-29 00:00:00+00:00,37.799,37.93,37.653,37.815,151630.57,67773.48
2025-06-29 01:00:00+00:00,37.817,37.965,37.699,37.744,169923.72,84939.89
2025-06-29 02:00:00+00:00,37.743,37.836,37.602,37.745,88258.09,42039.33
2025-06-29 03:00:00+00:00,37.744,38.0,37.708,37.712,183873.52,80205.15
2025-06-29 04:00:00+00:00,37.712,37.945,37.689,37.78,88755.94,41248.45
2025-06-29 05:00:00+00:00,37.783,37.8,37.489,37.627,137574.25,56713.87
2025-06-29 06:00:00+00:00,37.632,37.998,37.617,37.977,141753.65,87411.44
2025-06-29 07:00:00+00:00,37.976,38.478,37.902,38.471,372817.25,236932.59
2025-06-29 08:00:00+00:00,38.471,38.565,38.241,38.516,238891.06,139584.0
2025-06-29 09:00:00+00:00,38.51,38.765,38.412,38.442,277770.45,145887.87
2025-06-29 10:00:00+00:00,38.442,38.807,38.402,38.654,228266.57,111853.38
2025-06-29 11:00:00+00:00,38.654,38.899,38.54,38.847,168613.63,85907.28
2025-06-29 12:00:00+00:00,38.847,39.06,38.667,38.987,275689.8,142943.69
2025-06-29 13:00:00+00:00,38.984,39.055,38.8,38.951,147682.44,75107.79
2025-06-29 14:00:00+00:00,38.951,39.413,38.807,38.916,423603.29,224750.9
2025-06-29 15:00:00+00:00,38.918,39.134,38.451,38.459,296183.65,131095.85
2025-06-29 16:00:00+00:00,38.46,38.576,38.3,38.492,286358.49,143318.93
2025-06-29 17:00:00+00:00,38.492,38.565,38.054,38.254,200001.57,100306.75
2025-06-29 18:00:00+00:00,38.254,38.293,37.99,38.136,204440.28,97339.48
2025-06-29 19:00:00+00:00,38.137,38.271,37.965,38.264,104105.38,53287.16
2025-06-29 20:00:00+00:00,38.262,38.295,38.004,38.143,92324.68,47621.86
2025-06-29 21:00:00+00:00,38.146,38.782,38.043,38.59,262281.55,132224.65
2025-06-29 22:00:00+00:00,38.59,39.704,38.564,39.493,523976.12,289347.69
2025-06-29 23:00:00+00:00,39.494,39.901,39.491,39.775,294076.34,149501.21
2025-06-30 00:00:00+00:00,39.778,39.878,39.463,39.688,276885.56,124424.63
2025-06-30 01:00:00+00:00,39.692,40.479,39.413,40.29,347960.4,189107.06
2025-06-30 02:00:00+00:00,40.292,41.145,40.135,40.681,512345.1,259562.86
2025-06-30 03:00:00+00:00,40.686,41.112,40.625,40.867,277846.49,141009.06
2025-06-30 04:00:00+00:00,40.867,40.928,40.427,40.662,242262.75,109924.78
2025-06-30 05:00:00+00:00,40.663,41.269,40.484,41.169,267313.64,133893.28
2025-06-30 06:00:00+00:00,41.169,41.2,39.715,39.974,662407.59,288997.58
2025-06-30 07:00:00+00:00,39.973,40.341,39.826,40.051,325868.72,175105.26
2025-06-30 08:00:00+00:00,40.048,40.194,39.533,39.772,420217.69,183087.17
2025-06-30 09:00:00+00:00,39.773,40.037,39.759,39.816,169973.6,83202.67
2025-06-30 10:00:00+00:00,39.82,40.094,39.733,39.82,242812.0,108808.25
2025-06-30 11:00:00+00:00,39.82,40.071,39.711,39.945,162057.47,76481.53
2025-06-30 12:00:00+00:00,39.945,40.093,39.77,39.872,174956.3,84865.96
2025-06-30 13:00:00+00:00,39.874,40.345,39.812,39.956,344878.07,179412.72
2025-06-30 14:00:00+00:00,39.959,40.266,39.426,39.47,503622.83,190987.38
2025-06-30 15:00:00+00:00,39.471,40.129,39.156,39.873,757193.64,376541.03
2025-06-30 16:00:00+00:00,39.873,40.707,39.66,40.564,446991.27,248650.8
2025-06-30 17:00:00+00:00,40.564,40.729,40.204,40.6,320841.76,157064.47
2025-06-30 18:00:00+00:00,40.6,40.69,40.01,40.204,254055.44,113243.14
2025-06-30 19:00:00+00:00,40.204,40.884,40.181,40.821,202563.68,110287.33
2025-06-30 20:00:00+00:00,40.821,41.052,40.435,40.911,273500.76,129682.67
2025-06-30 21:00:00+00:00,40.911,41.258,40.508,40.607,253009.0,122723.41
2025-06-30 22:00:00+00:00,40.607,40.714,39.882,40.053,351235.23,152624.79
2025-06-30 23:00:00+00:00,40.052,40.164,39.345,39.55,407066.11,204933.96
2025-07-01 00:00:00+00:00,39.556,39.661,39.042,39.279,275519.81,129621.08
2025-07-01 01:00:00+00:00,39.279,39.809,39.235,39.428,223175.6,125932.32
2025-07-01 02:00:00+00:00,39.426,39.739,39.3,39.344,145752.1,68082.25
2025-07-01 03:00:00+00:00,39.345,39.579,39.162,39.474,192234.54,91683.04
2025-07-01 04:00:00+00:00,39.476,39.481,38.872,39.016,197282.2,83927.54
2025-07-01 05:00:00+00:00,39.016,39.173,38.444,38.829,474059.6,196363.61
2025-07-01 06:00:00+00:00,38.83,38.859,38.643,38.781,146352.12,82513.14
2025-07-01 07:00:00+00:00,38.782,39.151,38.465,38.998,377979.0,210169.77
2025-07-01 08:00:00+00:00,38.999,39.097,38.585,38.729,259742.34,125599.57
2025-07-01 09:00:00+00:00,38.729,39.134,38.584,39.05,297689.37,165159.18
2025-07-01 10:00:00+00:00,39.051,39.345,38.885,39.273,323998.22,193894.38
2025-07-01 11:00:00+00:00,39.271,39.44,39.088,39.331,261659.49,131789.83
2025-07-01 12:00:00+00:00,39.329,39.5,39.077,39.183,265599.09,115338.85
2025-07-01 13:00:00+00:00,39.183,39.284,38.717,39.013,424343.18,198473.77
2025-07-01 14:00:00+00:00,39.018,39.446,38.511,38.898,518127.47,219911.06
2025-07-01 15:00:00+00:00,38.898,39.13,38.604,39.042,263374.95,146038.23
2025-07-01 16:00:00+00:00,39.038,39.487,38.809,38.85,313136.0,141023.21
2025-07-01 17:00:00+00:00,38.851,39.09,38.584,38.696,230958.87,121166.31
2025-07-01 18:00:00+00:00,38.7,38.8,37.535,37.674,970785.95,453461.47
2025-07-01 19:00:00+00:00,37.674,37.839,36.983,37.025,836712.32,366114.05
2025-07-01 20:00:00+00:00,37.026,37.663,36.936,37.448,574033.13,298478.5
2025-07-01 21:00:00+00:00,37.449,37.701,37.037,37.277,308391.24,134870.27
2025-07-01 22:00:00+00:00,37.275,37.491,37.06,37.144,210159.14,90948.64
2025-07-01 23:00:00+00:00,37.148,37.161,36.839,36.909,484921.66,218627.49
2025-07-02 00:00:00+00:00,36.91,37.245,36.809,37.125,389220.81,200209.12
2025-07-02 01:00:00+00:00,37.125,37.258,36.841,37.155,282027.96,117611.5
2025-07-02 02:00:00+00:00,37.158,37.274,36.914,37.177,120763.13,54119.94
2025-07-02 03:00:00+00:00,37.178,37.644,37.139,37.424,409628.85,234303.03
2025-07-02 04:00:00+00:00,37.423,37.774,37.241,37.772,186657.01,100123.12
2025-07-02 05:00:00+00:00,37.771,37.993,37.538,37.851,263153.76,146175.9
2025-07-02 06:00:00+00:00,37.851,38.092,37.648,38.023,263287.94,126482.22
2025-07-02 07:00:00+00:00,38.024,38.236,37.687,38.088,242265.84,107618.48
2025-07-02 08:00:00+00:00,38.094,38.522,38.094,38.515,291758.37,159243.14
2025-07-02 09:00:00+00:00,38.514,38.632,38.319,38.546,179107.81,88821.66
2025-07-02 10:00:00+00:00,38.542,38.884,38.471,38.877,160995.61,85239.07
2025-07-02 11:00:00+00:00,38.879,38.885,38.138,38.257,327140.72,126146.12
2025-07-02 12:00:00+00:00,38.257,38.334,37.826,38.177,382653.63,186819.72
2025-07-02 13:00:00+00:00,38.177,38.517,38.092,38.37,272964.77,128429.01
2025-07-02 14:00:00+00:00,38.369,38.759,38.343,38.741,430121.22,198407.02
2025-07-02 15:00:00+00:00,38.745,38.986,38.634,38.882,340344.5,181973.07
2025-07-02 16:00:00+00:00,38.884,39.722,38.783,39.648,823668.38,403292.17
2025-07-02 17:00:00+00:00,39.648,39.738,38.516,38.862,677631.85,295925.67
2025-07-02 18:00:00+00:00,38.862,39.18,38.691,39.143,262609.86,135329.82
2025-07-02 19:00:00+00:00,39.147,39.391,38.858,39.358,176097.29,94696.21
2025-07-02 20:00:00+00:00,39.359,39.656,39.262,39.456,357076.12,180664.1
2025-07-02 21:00:00+00:00,39.458,40.179,39.452,40.073,443420.69,247607.32
2025-07-02 22:00:00+00:00,40.075,40.306,39.76,40.232,304736.14,164625.65
2025-07-02 23:00:00+00:00,40.231,40.38,39.855,39.877,242314.55,105751.68
2025-07-03 00:00:00+00:00,39.877,40.193,39.683,40.193,182062.72,95009.46
2025-07-03 01:00:00+00:00,40.193,40.351,39.919,40.234,161857.27,67511.89
2025-07-03 02:00:00+00:00,40.234,40.261,39.671,39.93,245544.12,113832.51
2025-07-03 03:00:00+00:00,39.932,40.249,39.779,39.835,169431.8,86205.2
2025-07-03 04:00:00+00:00,39.832,39.998,39.7,39.763,148304.15,62162.92
2025-07-03 05:00:00+00:00,39.765,40.379,39.741,40.28,232267.26,116749.01
2025-07-03 06:00:00+00:00,40.28,40.434,40.066,40.304,221277.77,110795.1
2025-07-03 07:00:00+00:00,40.303,40.785,40.196,40.766,274332.46,144107.08
2025-07-03 08:00:00+00:00,40.766,40.901,40.544,40.598,163005.34,83557.7
2025-07-03 09:00:00+00:00,40.6,41.005,40.44,40.958,247871.99,113472.23
2025-07-03 10:00:00+00:00,40.958,40.995,40.383,40.62,223439.86,88603.18
2025-07-03 11:00:00+00:00,40.619,40.75,40.295,40.358,193124.02,77618.98
2025-07-03 12:00:00+00:00,40.359,40.924,39.828,40.283,614260.86,314917.11
2025-07-03 13:00:00+00:00,40.277,41.218,40.091,41.101,469942.26,237151.08
2025-07-03 14:00:00+00:00,41.097,41.206,40.277,40.325,417793.47,170055.87
2025-07-03 15:00:00+00:00,40.325,40.41,39.903,39.956,362800.52,191822.17
2025-07-03 16:00:00+00:00,39.955,40.741,39.941,40.262,450572.49,241600.0
2025-07-03 17:00:00+00:00,40.264,40.435,40.012,40.037,231573.81,92778.49
2025-07-03 18:00:00+00:00,40.038,40.344,39.553,40.245,329694.26,148550.34
2025-07-03 19:00:00+00:00,40.244,40.582,40.217,40.377,163454.68,84980.1
2025-07-03 20:00:00+00:00,40.384,40.786,40.329,40.771,111944.99,55098.67
2025-07-03 21:00:00+00:00,40.771,40.82,40.46,40.672,129713.91,58587.92
2025-07-03 22:00:00+00:00,40.673,40.71,40.443,40.511,74384.83,36204.63
2025-07-03 23:00:00+00:00,40.51,40.649,40.137,40.254,111973.73,49480.65
2025-07-04 00:00:00+00:00,40.253,40.388,40.001,40.112,186973.09,102647.99
2025-07-04 01:00:00+00:00,40.116,40.437,39.836,39.888,133334.38,58241.73
2025-07-04 02:00:00+00:00,39.888,39.912,39.154,39.267,321429.58,161044.61
2025-07-04 03:00:00+00:00,39.268,39.471,39.132,39.224,126682.93,73606.58
2025-07-04 04:00:00+00:00,39.225,39.441,38.995,39.004,199094.99,101288.97
2025-07-04 05:00:00+00:00,39.005,39.443,38.92,39.237,265354.7,133542.07
2025-07-04 06:00:00+00:00,39.237,39.256,38.78,38.916,284872.03,129421.26
2025-07-04 07:00:00+00:00,38.911,39.001,38.331,38.516,432851.43,203179.37
2025-07-04 08:00:00+00:00,38.517,38.776,38.208,38.746,329191.89,169559.53
2025-07-04 09:00:00+00:00,38.747,38.919,38.714,38.872,169871.33,78822.69
2025-07-04 10:00:00+00:00,38.872,39.013,38.757,38.807,134947.96,65757.05
2025-07-04 11:00:00+00:00,38.808,39.017,38.7,38.748,90162.75,41355.64
2025-07-04 12:00:00+00:00,38.747,38.845,38.503,38.623,120093.12,59115.1
2025-07-04 13:00:00+00:00,38.623,38.744,38.148,38.229,460547.24,203398.85
2025-07-04 14:00:00+00:00,38.227,38.575,38.154,38.205,419954.6,195824.73
2025-07-04 15:00:00+00:00,38.204,38.329,37.775,37.883,459225.41,215971.89
2025-07-04 16:00:00+00:00,37.883,38.213,37.545,38.181,536892.08,288788.86
2025-07-04 17:00:00+00:00,38.18,38.53,38.109,38.51,380823.13,191359.96
2025-07-04 18:00:00+00:00,38.511,38.56,38.044,38.153,229233.06,103494.53
2025-07-04 19:00:00+00:00,38.154,38.311,37.93,38.28,153038.19,83494.14
2025-07-04 20:00:00+00:00,38.28,38.68,38.235,38.329,184533.62,96121.63
2025-07-04 21:00:00+00:00,38.329,38.678,38.31,38.632,101867.04,51421.41
2025-07-04 22:00:00+00:00,38.631,39.017,38.596,38.951,202967.93,95710.9
2025-07-04 23:00:00+00:00,38.951,39.134,38.743,38.962,204377.27,95256.77
2025-07-05 00:00:00+00:00,38.961,39.255,38.877,39.145,165740.87,80977.1
2025-07-05 01:00:00+00:00,39.145,39.159,38.755,38.851,116472.64,58189.93
2025-07-05 02:00:00+00:00,38.854,39.152,38.642,39.09,124438.28,63444.19
2025-07-05 03:00:00+00:00,39.09,39.25,39.045,39.093,135233.12,69771.65
2025-07-05 04:00:00+00:00,39.093,39.22,38.877,38.951,125277.45,52689.66
2025-07-05 05:00:00+00:00,38.951,39.457,38.88,39.414,125234.34,73166.15
2025-07-05 06:00:00+00:00,39.415,39.578,39.306,39.573,117663.38,55872.26
2025-07-05 07:00:00+00:00,39.575,39.624,39.406,39.468,90430.85,45434.17
2025-07-05 08:00:00+00:00,39.468,39.606,39.231,39.402,148431.02,65599.95
2025-07-05 09:00:00+00:00,39.402,39.504,39.033,39.428,217143.95,112107.65
2025-07-05 10:00:00+00:00,39.425,39.498,39.227,39.261,81141.52,34038.58
2025-07-05 11:00:00+00:00,39.262,39.381,39.161,39.189,68663.98,30339.75
2025-07-05 12:00:00+00:00,39.192,39.443,39.03,39.34,196232.27,89951.5
2025-07-05 13:00:00+00:00,39.339,39.56,39.229,39.465,109710.05,58815.88
2025-07-05 14:00:00+00:00,39.471,39.615,39.375,39.538,125073.95,56343.98
2025-07-05 15:00:00+00:00,39.537,39.618,39.263,39.293,178542.06,89903.51
2025-07-05 16:00:00+00:00,39.292,39.458,38.7,38.872,346031.85,159534.27
2025-07-05 17:00:00+00:00,38.874,39.15,38.514,38.641,509741.55,249785.36
2025-07-05 18:00:00+00:00,38.645,38.769,38.336,38.364,212705.25,98757.83
2025-07-05 19:00:00+00:00,38.365,38.778,38.274,38.702,151326.5,79102.63
2025-07-05 20:00:00+00:00,38.697,38.837,38.531,38.83,90916.95,49372.52
2025-07-05 21:00:00+00:00,38.829,39.043,38.756,39.016,96812.04,52436.03
2025-07-05 22:00:00+00:00,39.015,39.267,38.868,39.196,103783.1,64397.68
2025-07-05 23:00:00+00:00,39.198,39.253,38.982,39.143,102337.09,39834.86
2025-07-06 00:00:00+00:00,39.137,39.185,38.838,39.177,176790.32,87619.59
2025-07-06 01:00:00+00:00,39.178,39.256,39.055,39.232,125505.84,61517.81
2025-07-06 02:00:00+00:00,39.232,39.446,39.205,39.287,147721.73,85263.92
2025-07-06 03:00:00+00:00,39.287,39.312,39.044,39.247,95160.62,46161.63
2025-07-06 04:00:00+00:00,39.247,39.432,39.113,39.123,104281.59,43330.61
2025-07-06 05:00:00+00:00,39.123,39.2,38.86,38.878,80746.57,35366.64
2025-07-06 06:00:00+00:00,38.879,39.135,38.798,38.883,145008.81,78651.75
2025-07-06 07:00:00+00:00,38.884,38.974,38.756,38.9,106192.6,61846.24
2025-07-06 08:00:00+00:00,38.902,38.93,38.586,38.712,186689.24,86248.34
2025-07-06 09:00:00+00:00,38.712,38.959,38.604,38.725,110231.29,51941.93
2025-07-06 10:00:00+00:00,38.726,39.038,38.708,38.975,88154.15,49946.73
2025-07-06 11:00:00+00:00,38.975,39.023,38.844,38.984,46282.68,21316.88
2025-07-06 12:00:00+00:00,38.984,39.14,38.81,39.131,81429.65,45841.59
2025-07-06 13:00:00+00:00,39.132,39.672,39.086,39.351,428110.19,216819.51
2025-07-06 14:00:00+00:00,39.353,39.585,39.143,39.411,398643.03,211984.81
2025-07-06 15:00:00+00:00,39.407,39.43,39.021,39.344,169280.63,81366.7
2025-07-06 16:00:00+00:00,39.342,39.491,39.145,39.48,150559.69,72851.86
2025-07-06 17:00:00+00:00,39.48,39.531,39.289,39.371,90675.13,40019.07
2025-07-06 18:00:00+00:00,39.37,39.486,39.006,39.236,240993.9,103007.17
2025-07-06 19:00:00+00:00,39.238,39.366,39.126,39.346,112591.53,60216.3
2025-07-06 20:00:00+00:00,39.345,39.665,39.343,39.553,180874.15,104329.07
2025-07-06 21:00:00+00:00,39.553,39.853,39.51,39.761,268018.23,131166.51
2025-07-06 22:00:00+00:00,39.764,40.032,39.713,39.968,224310.78,111334.96
2025-07-06 23:00:00+00:00,39.97,40.021,39.503,39.829,223771.71,94066.94
2025-07-07 00:00:00+00:00,39.829,39.97,39.558,39.674,253678.3,114246.66
2025-07-07 01:00:00+00:00,39.674,39.764,39.469,39.679,176448.86,86502.41
2025-07-07 02:00:00+00:00,39.679,40.002,39.679,39.925,156875.98,81720.97
2025-07-07 03:00:00+00:00,39.925,40.161,39.802,39.837,166410.53,79257.28
2025-07-07 04:00:00+00:00,39.837,39.94,39.633,39.653,134181.11,75364.25
2025-07-07 05:00:00+00:00,39.653,39.786,39.591,39.712,108917.54,50593.2
2025-07-07 06:00:00+00:00,39.713,39.945,39.659,39.732,135848.84,70701.45
2025-07-07 07:00:00+00:00,39.735,39.917,39.597,39.909,112100.96,54687.79
2025-07-07 08:00:00+00:00,39.908,40.016,39.795,39.933,127751.24,62909.82
2025-07-07 09:00:00+00:00,39.932,39.933,39.616,39.665,122558.1,51510.21
2025-07-07 10:00:00+00:00,39.665,39.746,39.429,39.55,148876.5,67387.12
2025-07-07 11:00:00+00:00,39.552,39.708,39.478,39.559,103630.98,47503.47
2025-07-07 12:00:00+00:00,39.558,39.669,39.386,39.547,150105.07,68668.36
2025-07-07 13:00:00+00:00,39.543,39.764,39.37,39.719,198342.75,98358.69
2025-07-07 14:00:00+00:00,39.719,39.851,39.383,39.596,253195.81,118926.77
2025-07-07 15:00:00+00:00,39.598,39.71,39.454,39.457,119265.25,56983.27
2025-07-07 16:00:00+00:00,39.455,39.587,39.073,39.096,319495.06,158834.57
2025-07-07 17:00:00+00:00,39.098,39.381,38.854,39.107,227390.91,114092.95
2025-07-07 18:00:00+00:00,39.108,39.21,38.655,39.064,273298.89,139371.82
2025-07-07 19:00:00+00:00,39.063,39.389,38.728,38.885,309236.61,158230.94
2025-07-07 20:00:00+00:00,38.877,38.877,38.372,38.504,509615.73,242479.75
2025-07-07 21:00:00+00:00,38.505,38.673,38.194,38.43,198357.97,87529.32
2025-07-07 22:00:00+00:00,38.432,38.523,38.201,38.521,132558.33,63789.99
2025-07-07 23:00:00+00:00,38.519,38.73,38.424,38.546,139508.68,72664.85
2025-07-08 00:00:00+00:00,38.547,38.895,38.487,38.788,179337.95,106459.26
2025-07-08 01:00:00+00:00,38.787,38.823,37.946,38.014,227368.56,90317.49
2025-07-08 02:00:00+00:00,38.014,38.048,37.054,37.204,727200.13,343502.61
2025-07-08 03:00:00+00:00,37.203,37.572,37.123,37.375,295762.17,147377.56
2025-07-08 04:00:00+00:00,37.374,37.445,37.104,37.34,224719.84,103905.58
2025-07-08 05:00:00+00:00,37.34,37.454,36.952,37.303,329761.3,152230.57
2025-07-08 06:00:00+00:00,37.302,37.758,37.258,37.675,314234.75,177512.15
2025-07-08 07:00:00+00:00,37.674,37.909,37.515,37.907,256624.3,117200.77
2025-07-08 08:00:00+00:00,37.906,38.045,37.578,37.694,243810.67,119781.43
2025-07-08 09:00:00+00:00,37.694,38.094,37.566,37.947,177198.28,96224.33
2025-07-08 10:00:00+00:00,37.947,38.33,37.846,38.284,235962.02,135280.46
2025-07-08 11:00:00+00:00,38.284,38.4,38.106,38.171,172093.03,84906.03
2025-07-08 12:00:00+00:00,38.169,38.437,38.166,38.354,166203.58,86855.72
2025-07-08 13:00:00+00:00,38.353,38.394,37.953,38.298,211724.27,104123.24
2025-07-08 14:00:00+00:00,38.298,38.318,37.572,37.681,418983.24,163963.47
2025-07-08 15:00:00+00:00,37.68,37.861,37.572,37.636,240392.68,125328.92
2025-07-08 16:00:00+00:00,37.636,37.838,37.505,37.777,175809.72,87582.71
2025-07-08 17:00:00+00:00,37.777,38.798,37.76,38.503,578437.62,316788.68
2025-07-08 18:00:00+00:00,38.503,39.032,38.46,39.008,247916.21,134568.87
2025-07-08 19:00:00+00:00,39.006,39.079,38.728,38.921,169754.63,77101.07
2025-07-08 20:00:00+00:00,38.921,38.935,38.509,38.526,191291.58,83502.6
2025-07-08 21:00:00+00:00,38.522,38.82,38.522,38.757,79518.42,46471.82
2025-07-08 22:00:00+00:00,38.755,38.845,38.541,38.677,87135.75,42434.98
2025-07-08 23:00:00+00:00,38.677,38.937,38.614,38.806,99862.89,50425.68
2025-07-09 00:00:00+00:00,38.803,39.236,38.731,39.101,209322.71,97241.41
2025-07-09 01:00:00+00:00,39.1,39.214,38.783,38.892,143875.77,63305.57
2025-07-09 02:00:00+00:00,38.894,39.117,38.818,38.863,110406.74,55717.17
2025-07-09 03:00:00+00:00,38.862,39.016,38.737,38.792,110423.07,62768.16
2025-07-09 04:00:00+00:00,38.792,39.086,38.786,39.042,98810.72,51058.93
2025-07-09 05:00:00+00:00,39.044,39.264,38.905,39.226,175877.83,99969.68
2025-07-09 06:00:00+00:00,39.226,39.332,39.104,39.203,129751.03,73155.56
2025-07-09 07:00:00+00:00,39.203,39.392,39.141,39.362,143637.21,76884.75
2025-07-09 08:00:00+00:00,39.361,39.434,39.059,39.218,199228.01,96954.21
2025-07-09 09:00:00+00:00,39.218,39.249,38.961,39.012,146156.34,66517.62
2025-07-09 10:00:00+00:00,39.012,39.15,38.898,39.086,100409.45,50348.36
2025-07-09 11:00:00+00:00,39.086,39.362,39.022,39.298,102403.04,50186.67
2025-07-09 12:00:00+00:00,39.297,39.673,39.235,39.505,254810.6,107584.19
2025-07-09 13:00:00+00:00,39.505,39.6,39.087,39.151,248497.25,119022.74
2025-07-09 14:00:00+00:00,39.151,39.352,38.82,39.08,328677.95,166847.34
2025-07-09 15:00:00+00:00,39.079,39.176,38.907,39.087,177832.57,98843.77
2025-07-09 16:00:00+00:00,39.084,40.002,39.084,39.829,334194.68,178327.66
2025-07-09 17:00:00+00:00,39.83,40.174,39.584,39.741,335053.15,165624.42
2025-07-09 18:00:00+00:00,39.741,40.388,39.663,40.265,314025.63,182075.01
2025-07-09 19:00:00+00:00,40.265,40.995,40.187,40.692,502526.18,274443.72
2025-07-09 20:00:00+00:00,40.693,40.749,40.05,40.354,485938.64,245083.78
2025-07-09 21:00:00+00:00,40.353,41.0,40.329,40.601,219553.61,113883.03
2025-07-09 22:00:00+00:00,40.602,41.049,40.602,40.852,195004.8,101863.55
2025-07-09 23:00:00+00:00,40.851,40.996,40.663,40.673,106122.46,58050.84
2025-07-10 00:00:00+00:00,40.671,40.997,40.502,40.544,219751.96,95449.27
2025-07-10 01:00:00+00:00,40.545,41.037,40.52,40.941,119038.79,69570.38
2025-07-10 02:00:00+00:00,40.937,41.699,40.929,41.681,352527.34,195581.79
2025-07-10 03:00:00+00:00,41.683,41.697,41.324,41.393,197637.12,85971.96
2025-07-10 04:00:00+00:00,41.393,41.842,41.142,41.728,224342.56,136724.48
2025-07-10 05:00:00+00:00,41.731,41.764,41.35,41.538,188858.65,87659.71
2025-07-10 06:00:00+00:00,41.538,41.818,41.436,41.753,147739.33,87690.76
2025-07-10 07:00:00+00:00,41.753,41.966,41.693,41.769,204627.33,113116.81
2025-07-10 08:00:00+00:00,41.768,41.978,41.662,41.919,153874.65,81051.78
2025-07-10 09:00:00+00:00,41.917,41.948,41.585,41.632,138748.5,62677.69
2025-07-10 10:00:00+00:00,41.632,41.736,41.022,41.2,341186.91,144283.03
2025-07-10 11:00:00+00:00,41.2,41.4,41.122,41.347,87603.67,44189.79
2025-07-10 12:00:00+00:00,41.348,41.348,40.718,41.169,236491.45,94120.6
2025-07-10 13:00:00+00:00,41.168,41.611,41.076,41.302,218077.93,113458.38
2025-07-10 14:00:00+00:00,41.303,41.783,41.207,41.782,251630.59,145297.53
2025-07-10 15:00:00+00:00,41.78,41.855,41.5,41.847,204414.1,97728.42
2025-07-10 16:00:00+00:00,41.847,42.722,41.76,42.532,445884.92,244097.35
2025-07-10 17:00:00+00:00,42.536,43.159,42.421,43.114,405729.32,232394.93
2025-07-10 18:00:00+00:00,43.115,43.15,42.613,42.911,289632.54,140408.57
2025-07-10 19:00:00+00:00,42.903,43.015,42.473,42.796,172151.08,82597.08
2025-07-10 20:00:00+00:00,42.788,43.226,42.704,43.073,152881.82,77026.15
2025-07-10 21:00:00+00:00,43.065,43.992,43.02,43.834,611184.84,334625.62
2025-07-10 22:00:00+00:00,43.834,44.096,43.544,43.747,302482.24,147904.61
2025-07-10 23:00:00+00:00,43.748,44.01,43.403,43.813,283306.8,143018.16
2025-07-11 00:00:00+00:00,43.818,43.983,43.383,43.55,339795.11,163166.44
2025-07-11 01:00:00+00:00,43.549,44.207,43.464,44.044,255286.56,137073.03
2025-07-11 02:00:00+00:00,44.043,44.266,43.825,44.129,227588.96,114847.55
2025-07-11 03:00:00+00:00,44.129,44.611,43.984,44.588,228053.66,111301.82
2025-07-11 04:00:00+00:00,44.586,45.197,44.275,45.182,322221.15,172894.67
2025-07-11 05:00:00+00:00,45.181,45.655,45.002,45.328,506223.25,250239.72
2025-07-11 06:00:00+00:00,45.333,46.274,45.269,45.358,601847.58,340185.63
2025-07-11 07:00:00+00:00,45.36,45.771,45.067,45.265,365432.92,169525.68
2025-07-11 08:00:00+00:00,45.266,45.891,45.264,45.841,218960.46,108813.44
2025-07-11 09:00:00+00:00,45.843,46.356,45.6,46.115,446008.37,202908.17
2025-07-11 10:00:00+00:00,46.115,46.222,45.666,45.885,290256.76,136101.93
2025-07-11 11:00:00+00:00,45.884,45.985,45.473,45.606,202303.15,94707.83
2025-07-11 12:00:00+00:00,45.612,45.746,45.14,45.604,171845.78,85546.08
2025-07-11 13:00:00+00:00,45.605,45.947,45.222,45.787,231945.95,123342.81
2025-07-11 14:00:00+00:00,45.788,46.464,45.55,45.711,351218.18,160671.62
2025-07-11 15:00:00+00:00,45.708,45.905,45.151,45.227,363054.05,154558.55
2025-07-11 16:00:00+00:00,45.235,46.036,45.043,46.016,353505.04,184501.86
2025-07-11 17:00:00+00:00,46.017,46.524,46.013,46.39,273674.4,138375.2
2025-07-11 18:00:00+00:00,46.391,46.646,46.096,46.575,138097.89,84609.81
2025-07-11 19:00:00+00:00,46.57,46.888,46.33,46.869,238104.94,123959.07
2025-07-11 20:00:00+00:00,46.862,46.939,45.935,45.98,216487.71,105671.29
2025-07-11 21:00:00+00:00,45.98,46.135,45.487,45.668,175145.89,89022.78
2025-07-11 22:00:00+00:00,45.664,45.823,45.254,45.756,226059.41,108190.31
2025-07-11 23:00:00+00:00,45.756,46.409,45.711,46.383,171146.39,77887.51
2025-07-12 00:00:00+00:00,46.382,46.459,45.722,46.193,187229.26,86405.55
2025-07-12 01:00:00+00:00,46.194,46.539,46.057,46.482,134002.53,61991.99
2025-07-12 02:00:00+00:00,46.482,46.551,46.14,46.179,109754.21,49388.48
2025-07-12 03:00:00+00:00,46.179,46.441,46.145,46.394,54723.65,31115.82
2025-07-12 04:00:00+00:00,46.394,46.412,45.889,46.022,98338.79,47791.49
2025-07-12 05:00:00+00:00,46.023,46.4,45.827,46.375,106196.94,50832.54
2025-07-12 06:00:00+00:00,46.376,46.737,46.107,46.578,143844.95,74508.68
2025-07-12 07:00:00+00:00,46.579,47.166,46.516,46.84,275327.48,129979.73
2025-07-12 08:00:00+00:00,46.84,47.142,46.507,46.665,224752.27,117270.67
2025-07-12 09:00:00+00:00,46.664,47.245,46.567,47.08,152807.17,81929.33
2025-07-12 10:00:00+00:00,47.081,47.412,46.855,47.196,176360.99,87479.52
2025-07-12 11:00:00+00:00,47.196,47.409,46.654,46.712,211886.34,109510.33
2025-07-12 12:00:00+00:00,46.709,46.887,45.927,46.298,382826.55,182254.95
2025-07-12 13:00:00+00:00,46.299,46.299,45.175,45.898,396272.94,188107.55
2025-07-12 14:00:00+00:00,45.899,46.357,45.55,45.551,315354.87,139484.79
2025-07-12 15:00:00+00:00,45.551,45.901,45.228,45.471,366950.84,167561.28
2025-07-12 16:00:00+00:00,45.471,46.032,45.091,45.289,424614.71,207202.65
2025-07-12 17:00:00+00:00,45.29,45.872,45.088,45.858,122530.07,60074.87
2025-07-12 18:00:00+00:00,45.858,46.499,45.809,46.492,179343.92,80401.46
2025-07-12 19:00:00+00:00,46.491,46.866,46.31,46.685,218163.84,107696.65
2025-07-12 20:00:00+00:00,46.69,46.746,46.176,46.195,98184.26,44660.2
2025-07-12 21:00:00+00:00,46.189,46.937,46.159,46.916,147821.65,85404.91
2025-07-12 22:00:00+00:00,46.916,47.28,46.684,47.018,159360.8,81068.33
2025-07-12 23:00:00+00:00,47.017,47.323,46.782,47.09,145119.23,76791.74
2025-07-13 00:00:00+00:00,47.09,47.498,46.938,47.44,185030.15,102171.99
2025-07-13 01:00:00+00:00,47.432,47.817,47.385,47.465,180970.84,96103.46
2025-07-13 02:00:00+00:00,47.466,47.592,47.091,47.332,156808.45,80879.52
2025-07-13 03:00:00+00:00,47.332,47.679,47.302,47.483,116782.65,62351.6
2025-07-13 04:00:00+00:00,47.484,47.869,47.172,47.817,209986.28,131374.28
2025-07-13 05:00:00+00:00,47.815,47.919,47.447,47.456,106052.83,49976.76
2025-07-13 06:00:00+00:00,47.461,47.85,47.392,47.776,72155.16,37233.57
2025-07-13 07:00:00+00:00,47.777,48.037,47.643,47.985,151560.83,85893.48
2025-07-13 08:00:00+00:00,47.981,48.062,47.648,47.864,102278.16,40118.0
2025-07-13 09:00:00+00:00,47.864,47.995,47.584,47.954,95352.77,45121.19
2025-07-13 10:00:00+00:00,47.959,48.123,47.817,47.884,147798.63,59309.49
2025-07-13 11:00:00+00:00,47.891,48.184,47.838,48.046,131355.69,65994.53
2025-07-13 12:00:00+00:00,48.045,48.122,47.717,48.016,129397.99,68037.63
2025-07-13 13:00:00+00:00,48.008,48.52,47.895,48.324,192999.03,109162.89
2025-07-13 14:00:00+00:00,48.324,48.8,48.086,48.258,361641.48,198073.71
2025-07-13 15:00:00+00:00,48.258,48.828,48.196,48.448,259837.13,127525.1
2025-07-13 16:00:00+00:00,48.448,48.656,48.258,48.347,165137.05,76706.68
2025-07-13 17:00:00+00:00,48.344,48.63,48.063,48.488,173322.51,81561.66
2025-07-13 18:00:00+00:00,48.489,49.071,48.441,49.055,121306.25,69209.88
2025-07-13 19:00:00+00:00,49.055,49.25,48.897,49.069,211562.11,114942.13
2025-07-13 20:00:00+00:00,49.073,49.307,48.708,49.045,131794.86,69098.04
2025-07-13 21:00:00+00:00,49.045,49.045,48.177,48.532,205058.76,90067.71
2025-07-13 22:00:00+00:00,48.532,48.606,47.85,48.253,222418.02,107498.34
2025-07-13 23:00:00+00:00,48.253,48.952,48.213,48.95,128211.08,69156.78
2025-07-14 00:00:00+00:00,48.942,49.537,48.839,49.12,221990.1,108345.5
2025-07-14 01:00:00+00:00,49.122,49.471,48.976,49.252,159162.65,76079.16
2025-07-14 02:00:00+00:00,49.257,49.652,49.031,49.333,227279.68,114511.57
2025-07-14 03:00:00+00:00,49.333,49.88,49.237,49.661,183241.81,98729.34
2025-07-14 04:00:00+00:00,49.661,49.923,49.437,49.825,143300.54,77058.12
2025-07-14 05:00:00+00:00,49.826,49.919,49.183,49.67,229425.61,114861.07
2025-07-14 06:00:00+00:00,49.671,49.685,48.876,48.917,199418.66,82555.75
2025-07-14 07:00:00+00:00,48.918,49.423,48.562,49.311,303655.72,144343.21
2025-07-14 08:00:00+00:00,49.314,49.398,48.438,48.831,272182.83,116236.14
2025-07-14 09:00:00+00:00,48.83,48.92,48.184,48.255,175601.26,71974.63
2025-07-14 10:00:00+00:00,48.26,48.839,47.967,48.757,326465.59,183736.87
2025-07-14 11:00:00+00:00,48.757,48.794,48.135,48.398,158109.4,62099.57
2025-07-14 12:00:00+00:00,48.398,48.709,48.064,48.694,180071.57,86108.71
2025-07-14 13:00:00+00:00,48.693,48.778,48.295,48.738,178230.88,87839.15
2025-07-14 14:00:00+00:00,48.735,49.04,47.615,48.162,418394.17,194337.15
2025-07-14 15:00:00+00:00,48.165,48.165,47.349,47.722,368854.21,166560.64
2025-07-14 16:00:00+00:00,47.721,48.242,47.061,48.108,487047.1,272223.58
2025-07-14 17:00:00+00:00,48.107,48.199,47.567,47.71,161699.94,76157.22
2025-07-14 18:00:00+00:00,47.711,47.774,46.577,46.847,390814.74,184089.68
2025-07-14 19:00:00+00:00,46.846,47.181,46.633,46.935,198113.0,95142.01
2025-07-14 20:00:00+00:00,46.935,47.512,46.504,47.361,219291.87,103730.66
2025-07-14 21:00:00+00:00,47.355,47.674,47.104,47.632,103272.36,54794.59
2025-07-14 22:00:00+00:00,47.632,47.634,47.344,47.421,121140.29,56988.51
2025-07-14 23:00:00+00:00,47.421,47.666,47.166,47.608,137501.69,69940.52
2025-07-15 00:00:00+00:00,47.607,47.881,47.199,47.258,300435.4,155748.73
2025-07-15 01:00:00+00:00,47.258,47.786,46.88,47.48,241177.81,120443.91
2025-07-15 02:00:00+00:00,47.472,48.013,47.136,47.791,267321.44,134610.16
2025-07-15 03:00:00+00:00,47.791,47.939,46.838,47.326,368426.86,169156.94
2025-07-15 04:00:00+00:00,47.327,48.39,46.745,48.35,363261.55,192277.76
2025-07-15 05:00:00+00:00,48.35,48.396,47.971,48.158,159651.88,73933.48
2025-07-15 06:00:00+00:00,48.161,48.371,47.835,48.102,159003.28,74356.69
2025-07-15 07:00:00+00:00,48.105,48.294,47.467,47.506,172762.16,81374.32
2025-07-15 08:00:00+00:00,47.507,47.533,47.033,47.145,219209.51,101755.11
2025-07-15 09:00:00+00:00,47.153,47.544,47.074,47.199,137110.78,70002.26
2025-07-15 10:00:00+00:00,47.194,47.307,47.11,47.218,120027.16,62282.95
2025-07-15 11:00:00+00:00,47.22,47.309,46.649,47.126,187782.26,80962.3
2025-07-15 12:00:00+00:00,47.129,47.739,46.834,47.669,271151.13,136685.63
2025-07-15 13:00:00+00:00,47.669,48.199,47.534,48.033,398975.04,207964.44
2025-07-15 14:00:00+00:00,48.034,48.324,46.949,47.073,348815.28,157614.42
2025-07-15 15:00:00+00:00,47.078,47.675,46.899,47.444,302268.53,151152.04
2025-07-15 16:00:00+00:00,47.443,48.053,47.343,47.355,326380.67,175005.66
2025-07-15 17:00:00+00:00,47.354,47.871,47.063,47.84,221317.66,118713.34
2025-07-15 18:00:00+00:00,47.844,47.878,47.287,47.53,224231.49,108128.72
2025-07-15 19:00:00+00:00,47.526,47.873,47.048,47.216,192340.11,90381.83
2025-07-15 20:00:00+00:00,47.219,47.457,47.091,47.128,138137.97,61919.72
2025-07-15 21:00:00+00:00,47.127,47.599,47.066,47.546,73545.2,34915.36
2025-07-15 22:00:00+00:00,47.546,47.567,47.159,47.502,112031.75,54115.27
2025-07-15 23:00:00+00:00,47.503,48.167,47.485,47.867,239485.69,113375.09
2025-07-16 00:00:00+00:00,47.865,48.586,47.796,48.329,236882.21,114552.07
2025-07-16 01:00:00+00:00,48.331,48.339,47.575,47.631,139056.75,59418.6
2025-07-16 02:00:00+00:00,47.63,47.745,47.287,47.306,157819.99,83115.38
2025-07-16 03:00:00+00:00,47.306,47.519,47.214,47.241,88564.74,43152.67
2025-07-16 04:00:00+00:00,47.241,47.641,47.098,47.474,137399.68,69711.28
2025-07-16 05:00:00+00:00,47.48,47.8,47.342,47.362,106507.83,56489.06
2025-07-16 06:00:00+00:00,47.362,48.025,47.172,47.723,177306.87,94002.0
2025-07-16 07:00:00+00:00,47.723,47.929,47.559,47.781,87496.06,43585.29
2025-07-16 08:00:00+00:00,47.779,48.238,47.724,48.174,128422.35,71401.08
2025-07-16 09:00:00+00:00,48.179,48.289,47.813,47.986,152327.83,66241.23
2025-07-16 10:00:00+00:00,47.998,48.004,47.6,47.603,105257.12,47782.67
2025-07-16 11:00:00+00:00,47.602,48.036,47.582,47.889,219754.8,83242.13
2025-07-16 12:00:00+00:00,47.885,48.261,47.726,47.815,150195.9,67058.76
2025-07-16 13:00:00+00:00,47.815,48.106,47.554,47.946,252174.01,127880.15
2025-07-16 14:00:00+00:00,47.946,47.995,47.392,47.632,399247.79,217928.67
2025-07-16 15:00:00+00:00,47.631,47.992,47.185,47.979,439537.87,217416.39
2025-07-16 16:00:00+00:00,47.975,48.405,47.446,48.22,312324.85,145065.37
2025-07-16 17:00:00+00:00,48.217,48.434,47.855,48.229,204111.77,93011.05
2025-07-16 18:00:00+00:00,48.222,48.483,48.0,48.138,193834.15,86061.27
2025-07-16 19:00:00+00:00,48.137,48.489,47.88,48.29,155538.49,75793.02
2025-07-16 20:00:00+00:00,48.291,48.332,47.834,47.859,228031.23,91075.01
2025-07-16 21:00:00+00:00,47.86,48.446,47.422,47.459,345282.44,162370.04
2025-07-16 22:00:00+00:00,47.463,47.815,46.896,47.081,327272.46,145915.43
2025-07-16 23:00:00+00:00,47.079,47.271,46.454,46.987,400924.99,205072.36
2025-07-17 00:00:00+00:00,46.989,47.382,46.682,46.703,180502.01,78072.23
2025-07-17 01:00:00+00:00,46.703,46.887,45.727,46.23,572290.04,263718.5
2025-07-17 02:00:00+00:00,46.229,46.51,46.005,46.362,239581.23,120929.43
2025-07-17 03:00:00+00:00,46.361,46.369,45.535,45.999,259684.88,100945.79
2025-07-17 04:00:00+00:00,45.997,46.38,45.762,46.345,152707.38,74154.6
2025-07-17 05:00:00+00:00,46.345,46.345,45.843,46.278,160013.99,69670.28
2025-07-17 06:00:00+00:00,46.279,47.0,46.19,46.98,295073.09,156542.76
2025-07-17 07:00:00+00:00,46.981,46.981,46.491,46.708,263615.55,126059.52
2025-07-17 08:00:00+00:00,46.71,46.797,45.857,46.105,371567.61,171818.95
2025-07-17 09:00:00+00:00,46.107,46.926,45.936,46.829,385788.19,183528.36
2025-07-17 10:00:00+00:00,46.827,46.928,46.473,46.867,175342.33,81742.55
2025-07-17 11:00:00+00:00,46.867,46.889,46.0,46.037,338697.16,155580.76
2025-07-17 12:00:00+00:00,46.037,46.817,45.689,46.516,410635.33,200295.56
2025-07-17 13:00:00+00:00,46.516,46.751,45.825,46.332,340025.26,141184.03
2025-07-17 14:00:00+00:00,46.333,46.944,46.328,46.78,186363.45,94468.06
2025-07-17 15:00:00+00:00,46.78,46.937,46.344,46.806,190471.93,80912.55
2025-07-17 16:00:00+00:00,46.804,46.889,45.909,46.259,408951.56,189396.4
2025-07-17 17:00:00+00:00,46.26,46.439,45.928,46.287,162432.08,88229.34
2025-07-17 18:00:00+00:00,46.291,46.7,46.215,46.61,122640.68,56631.43
2025-07-17 19:00:00+00:00,46.606,46.72,45.77,45.835,165903.61,78421.18
2025-07-17 20:00:00+00:00,45.83,45.889,44.45,45.266,848722.23,383395.03
2025-07-17 21:00:00+00:00,45.266,46.983,45.244,46.461,761326.44,395045.14
2025-07-17 22:00:00+00:00,46.462,46.887,46.033,46.27,286901.0,131552.74
2025-07-17 23:00:00+00:00,46.27,46.369,45.458,45.59,290477.07,131526.81
2025-07-18 00:00:00+00:00,45.589,45.985,44.865,45.75,675160.14,360585.49
2025-07-18 01:00:00+00:00,45.752,46.796,45.063,46.747,711587.59,364287.55
2025-07-18 02:00:00+00:00,46.746,46.774,46.072,46.624,334397.06,148278.74
2025-07-18 03:00:00+00:00,46.629,46.767,46.386,46.425,176463.71,82179.2
2025-07-18 04:00:00+00:00,46.425,46.588,45.989,46.578,247810.05,130505.21
2025-07-18 05:00:00+00:00,46.583,47.439,46.561,47.145,397783.89,193426.7
2025-07-18 06:00:00+00:00,47.145,47.239,46.435,46.724,363560.06,168890.9
2025-07-18 07:00:00+00:00,46.725,46.852,46.119,46.173,320409.37,157411.79
2025-07-18 08:00:00+00:00,46.172,46.491,45.852,46.102,259699.16,116836.25
2025-07-18 09:00:00+00:00,46.101,46.306,45.879,46.084,177592.45,75512.09
2025-07-18 10:00:00+00:00,46.08,46.207,45.78,46.19,113515.87,51440.71
2025-07-18 11:00:00+00:00,46.19,46.196,45.43,45.562,244913.95,99707.89
2025-07-18 12:00:00+00:00,45.566,45.915,45.545,45.896,127054.94,63185.22
2025-07-18 13:00:00+00:00,45.901,45.922,45.424,45.633,207682.15,92492.1
2025-07-18 14:00:00+00:00,45.629,45.971,44.8,45.088,570603.86,289405.01
2025-07-18 15:00:00+00:00,45.087,45.131,44.158,44.477,642911.71,293315.56
2025-07-18 16:00:00+00:00,44.477,44.651,44.0,44.441,395605.72,175163.44
2025-07-18 17:00:00+00:00,44.442,44.851,44.204,44.713,261061.05,136656.64
2025-07-18 18:00:00+00:00,44.717,44.729,44.018,44.026,169041.96,69445.78
2025-07-18 19:00:00+00:00,44.026,44.115,43.045,43.494,776218.84,318200.66
2025-07-18 20:00:00+00:00,43.492,44.217,43.223,43.984,677113.21,350813.24
2025-07-18 21:00:00+00:00,43.983,44.449,43.937,44.255,173460.69,91370.04
2025-07-18 22:00:00+00:00,44.253,44.537,43.954,44.298,129758.65,63408.17
2025-07-18 23:00:00+00:00,44.297,44.509,43.814,44.331,163960.63,83032.84
2025-07-19 00:00:00+00:00,44.332,44.735,44.233,44.435,230924.68,114034.65
2025-07-19 01:00:00+00:00,44.435,45.012,44.211,45.004,265090.79,124001.61
2025-07-19 02:00:00+00:00,45.004,45.204,44.725,45.118,153309.24,81132.97
2025-07-19 03:00:00+00:00,45.118,45.255,45.025,45.129,104875.98,51125.23
2025-07-19 04:00:00+00:00,45.129,45.298,44.535,44.62,180389.84,87437.46
2025-07-19 05:00:00+00:00,44.62,44.952,44.508,44.772,153430.53,78466.46
2025-07-19 06:00:00+00:00,44.773,44.966,44.433,44.454,123982.05,62904.85
2025-07-19 07:00:00+00:00,44.457,44.631,44.348,44.574,66734.67,28755.05
2025-07-19 08:00:00+00:00,44.574,44.776,44.35,44.622,129725.45,53519.5
2025-07-19 09:00:00+00:00,44.623,45.049,44.596,44.708,90935.43,46047.33
2025-07-19 10:00:00+00:00,44.709,45.16,44.694,45.081,90580.9,46615.31
2025-07-19 11:00:00+00:00,45.082,45.279,44.877,44.889,132291.0,61576.45
2025-07-19 12:00:00+00:00,44.89,44.963,44.534,44.824,161443.47,76552.2
2025-07-19 13:00:00+00:00,44.825,45.045,44.58,44.722,105297.13,50694.09
2025-07-19 14:00:00+00:00,44.723,44.776,44.075,44.153,200178.93,87124.63
2025-07-19 15:00:00+00:00,44.155,44.959,44.142,44.786,182629.21,112600.47
2025-07-19 16:00:00+00:00,44.785,45.191,44.5,45.175,200280.48,108544.87
2025-07-19 17:00:00+00:00,45.175,45.285,44.432,44.479,140114.59,64860.83
2025-07-19 18:00:00+00:00,44.473,44.776,44.371,44.604,115582.17,61138.68
2025-07-19 19:00:00+00:00,44.609,44.899,44.375,44.893,118820.46,67244.09
2025-07-19 20:00:00+00:00,44.894,45.094,44.77,44.781,81657.88,43048.11
2025-07-19 21:00:00+00:00,44.78,44.882,43.991,44.175,285502.7,133782.2
2025-07-19 22:00:00+00:00,44.175,44.363,44.068,44.289,54436.43,30278.79
2025-07-19 23:00:00+00:00,44.286,44.494,44.112,44.48,88659.9,42241.39
2025-07-20 00:00:00+00:00,44.478,44.617,44.187,44.576,102288.94,43096.07
2025-07-20 01:00:00+00:00,44.576,45.016,44.55,44.674,162217.61,73543.01
2025-07-20 02:00:00+00:00,44.674,44.859,44.541,44.854,75290.97,31725.36
2025-07-20 03:00:00+00:00,44.853,45.138,44.616,44.946,146089.43,68588.78
2025-07-20 04:00:00+00:00,44.947,45.025,44.71,44.876,83735.95,41498.76
2025-07-20 05:00:00+00:00,44.876,45.064,44.755,45.057,85078.22,39490.74
2025-07-20 06:00:00+00:00,45.056,45.056,44.755,44.755,63224.09,34961.39
2025-07-20 07:00:00+00:00,44.756,45.188,44.751,45.061,133054.04,71147.67
2025-07-20 08:00:00+00:00,45.061,45.687,45.061,45.521,245010.61,130904.08
2025-07-20 09:00:00+00:00,45.522,45.7,45.41,45.455,160816.88,71932.58
2025-07-20 10:00:00+00:00,45.455,45.688,45.254,45.506,130228.95,68338.78
2025-07-20 11:00:00+00:00,45.502,45.775,45.349,45.647,122792.29,61868.98
2025-07-20 12:00:00+00:00,45.644,45.745,45.395,45.481,192122.65,101655.41
2025-07-20 13:00:00+00:00,45.48,46.448,45.456,46.3,310972.56,167944.15
2025-07-20 14:00:00+00:00,46.297,46.337,45.796,46.113,183685.92,84205.94
2025-07-20 15:00:00+00:00,46.116,46.733,45.892,46.706,193538.54,91081.62
2025-07-20 16:00:00+00:00,46.707,47.405,46.695,47.017,335882.36,158730.66
2025-07-20 17:00:00+00:00,47.016,47.079,46.33,46.398,309930.54,126520.05
2025-07-20 18:00:00+00:00,46.4,47.068,46.359,47.022,174452.28,87632.0
2025-07-20 19:00:00+00:00,47.022,47.252,46.521,46.618,266754.51,115018.21
2025-07-20 20:00:00+00:00,46.618,46.836,46.327,46.472,127188.68,59723.68
2025-07-20 21:00:00+00:00,46.473,46.523,45.692,46.316,366740.91,163970.0
2025-07-20 22:00:00+00:00,46.316,46.368,45.275,46.16,446082.02,239396.09
2025-07-20 23:00:00+00:00,46.162,46.171,45.739,45.997,144332.53,73670.91
2025-07-21 00:00:00+00:00,45.991,46.001,45.29,45.852,200078.26,90307.06
2025-07-21 01:00:00+00:00,45.851,46.145,45.535,46.134,125647.21,63758.31
2025-07-21 02:00:00+00:00,46.134,46.343,45.956,46.343,123167.3,57496.07
2025-07-21 03:00:00+00:00,46.341,46.739,46.325,46.637,164659.15,82842.09
2025-07-21 04:00:00+00:00,46.637,46.786,46.476,46.697,121510.67,65745.79
2025-07-21 05:00:00+00:00,46.698,47.286,46.66,47.265,137895.57,75572.74
2025-07-21 06:00:00+00:00,47.265,47.45,46.845,46.991,248017.83,115349.55
2025-07-21 07:00:00+00:00,46.992,47.274,46.912,46.998,127883.95,58167.24
2025-07-21 08:00:00+00:00,46.999,47.288,46.912,47.005,166318.5,78080.94
2025-07-21 09:00:00+00:00,47.005,47.206,46.832,47.136,166102.91,81651.71
2025-07-21 10:00:00+00:00,47.136,47.289,46.873,47.177,101981.93,46971.53
2025-07-21 11:00:00+00:00,47.177,47.823,47.087,47.415,297829.25,135660.66
2025-07-21 12:00:00+00:00,47.422,47.585,47.114,47.187,176618.29,84171.93
2025-07-21 13:00:00+00:00,47.187,47.382,46.236,47.196,601410.9,287604.24
2025-07-21 14:00:00+00:00,47.197,47.53,46.984,47.262,181429.94,92126.33
2025-07-21 15:00:00+00:00,47.26,47.381,46.338,46.453,424674.01,216390.4
2025-07-21 16:00:00+00:00,46.457,46.521,45.726,46.215,492103.27,227065.81
2025-07-21 17:00:00+00:00,46.215,46.279,44.781,45.868,793146.52,372351.42
2025-07-21 18:00:00+00:00,45.868,46.412,44.804,44.932,568028.06,268365.3
2025-07-21 19:00:00+00:00,44.929,45.25,44.295,44.434,588364.07,266689.02
2025-07-21 20:00:00+00:00,44.433,44.651,44.108,44.139,330076.75,167210.62
2025-07-21 21:00:00+00:00,44.136,44.708,44.064,44.345,231444.62,120339.03
2025-07-21 22:00:00+00:00,44.345,45.213,44.315,44.754,404359.16,239387.43
2025-07-21 23:00:00+00:00,44.754,44.838,44.138,44.329,302299.71,147877.0
2025-07-22 00:00:00+00:00,44.324,44.559,44.011,44.175,265624.54,130959.15
2025-07-22 01:00:00+00:00,44.172,45.376,43.609,45.341,686899.38,333512.4
2025-07-22 02:00:00+00:00,45.34,45.685,44.682,44.932,539488.02,278467.33
2025-07-22 03:00:00+00:00,44.931,45.169,43.915,44.305,504211.37,228214.64
2025-07-22 04:00:00+00:00,44.301,44.33,43.066,43.098,665992.42,315992.29
2025-07-22 05:00:00+00:00,43.096,43.861,43.073,43.671,363193.76,176967.57
2025-07-22 06:00:00+00:00,43.672,43.992,43.457,43.797,221857.5,109787.31
2025-07-22 07:00:00+00:00,43.797,44.24,43.522,43.703,234979.51,124867.73
2025-07-22 08:00:00+00:00,43.702,44.008,43.259,43.832,362566.78,176736.5
2025-07-22 09:00:00+00:00,43.832,44.174,43.538,44.071,284975.83,117408.0
2025-07-22 10:00:00+00:00,44.07,44.74,44.031,44.673,249443.14,133434.96
2025-07-22 11:00:00+00:00,44.672,45.147,44.521,45.094,287543.52,149749.72
2025-07-22 12:00:00+00:00,45.094,45.194,44.726,45.017,192662.6,97949.34
2025-07-22 13:00:00+00:00,45.016,45.191,43.6,43.663,622494.08,244460.75
2025-07-22 14:00:00+00:00,43.66,44.6,43.349,44.591,523322.54,272022.28
2025-07-22 15:00:00+00:00,44.583,45.388,44.09,44.267,699261.06,374439.77
2025-07-22 16:00:00+00:00,44.258,44.79,44.0,44.484,275817.71,125515.63
2025-07-22 17:00:00+00:00,44.484,44.583,43.529,44.203,534875.79,238025.46
2025-07-22 18:00:00+00:00,44.202,44.623,43.968,44.481,230583.07,114974.28
2025-07-22 19:00:00+00:00,44.48,44.763,43.94,44.236,236346.89,122728.08
2025-07-22 20:00:00+00:00,44.237,44.814,44.091,44.628,219253.01,118061.29
2025-07-22 21:00:00+00:00,44.631,44.856,44.289,44.736,150368.61,83977.35
2025-07-22 22:00:00+00:00,44.743,45.377,44.685,45.32,209645.57,125382.32
2025-07-22 23:00:00+00:00,45.32,46.327,45.275,46.274,298508.45,148006.11
2025-07-23 00:00:00+00:00,46.273,46.338,45.197,45.298,540321.12,230609.82
2025-07-23 01:00:00+00:00,45.299,45.648,44.776,45.457,501302.77,262207.61
2025-07-23 02:00:00+00:00,45.463,45.762,45.37,45.553,181484.56,95222.48
2025-07-23 03:00:00+00:00,45.552,45.672,44.842,45.153,236760.9,112227.34
2025-07-23 04:00:00+00:00,45.15,45.262,44.894,45.115,171773.77,76015.04
2025-07-23 05:00:00+00:00,45.117,45.132,44.382,44.399,224291.56,94659.36
2025-07-23 06:00:00+00:00,44.399,44.508,44.085,44.257,329008.23,154510.87
2025-07-23 07:00:00+00:00,44.257,44.415,44.027,44.1,161827.33,75895.51
2025-07-23 08:00:00+00:00,44.1,44.394,44.044,44.379,128497.38,62906.32
2025-07-23 09:00:00+00:00,44.379,44.443,43.777,43.803,253979.91,106591.69
2025-07-23 10:00:00+00:00,43.803,44.144,43.593,44.024,290757.6,152234.95
2025-07-23 11:00:00+00:00,44.023,44.148,43.844,43.97,186635.43,94472.23
2025-07-23 12:00:00+00:00,43.97,44.053,43.428,43.487,262356.46,112293.03
2025-07-23 13:00:00+00:00,43.486,43.735,42.781,43.089,879207.74,397700.65
2025-07-23 14:00:00+00:00,43.088,43.59,42.93,43.477,579129.63,287547.84
2025-07-23 15:00:00+00:00,43.477,43.477,42.865,43.446,320998.48,154238.9
2025-07-23 16:00:00+00:00,43.446,43.508,42.53,42.571,510717.94,244078.38
2025-07-23 17:00:00+00:00,42.571,43.093,42.388,43.067,531193.02,275095.05
2025-07-23 18:00:00+00:00,43.069,43.447,43.009,43.308,352236.56,192641.73
2025-07-23 19:00:00+00:00,43.308,43.845,43.211,43.549,291112.37,148092.76
2025-07-23 20:00:00+00:00,43.546,43.788,42.766,43.122,438221.19,193782.68
2025-07-23 21:00:00+00:00,43.127,43.8,42.73,43.792,360441.04,171902.84
2025-07-23 22:00:00+00:00,43.794,44.146,43.472,43.831,256752.71,123912.55
2025-07-23 23:00:00+00:00,43.831,44.151,43.59,43.705,138536.46,66840.05
2025-07-24 00:00:00+00:00,43.705,44.124,43.45,43.916,221588.03,119922.93
2025-07-24 01:00:00+00:00,43.918,44.067,43.525,44.056,173664.64,94736.22
2025-07-24 02:00:00+00:00,44.056,44.293,43.906,44.009,163058.53,70558.41
2025-07-24 03:00:00+00:00,44.008,44.394,43.83,43.843,196856.38,90764.58
2025-07-24 04:00:00+00:00,43.841,44.023,43.057,43.266,280886.05,118335.86
2025-07-24 05:00:00+00:00,43.266,43.296,42.3,42.311,360328.16,158398.79
2025-07-24 06:00:00+00:00,42.313,42.451,41.618,41.934,695532.71,305820.03
2025-07-24 07:00:00+00:00,41.935,42.484,41.463,42.462,486847.61,223473.29
2025-07-24 08:00:00+00:00,42.462,42.801,42.27,42.753,287784.7,135253.48
2025-07-24 09:00:00+00:00,42.757,42.819,42.184,42.387,248165.46,107707.28
2025-07-24 10:00:00+00:00,42.387,42.491,41.586,42.208,293923.68,166460.0
2025-07-24 11:00:00+00:00,42.208,43.027,42.144,42.971,364140.15,192282.6
2025-07-24 12:00:00+00:00,42.97,43.115,42.583,43.08,297342.8,146014.51
2025-07-24 13:00:00+00:00,43.079,43.288,42.601,42.626,238880.13,113721.46
2025-07-24 14:00:00+00:00,42.626,43.537,42.399,43.468,387234.91,190231.02
2025-07-24 15:00:00+00:00,43.466,43.577,42.808,43.0,394806.7,184647.11
2025-07-24 16:00:00+00:00,43.002,43.065,41.938,42.234,391112.84,188788.51
2025-07-24 17:00:00+00:00,42.236,42.924,42.131,42.599,188779.14,86277.04
2025-07-24 18:00:00+00:00,42.597,42.978,42.499,42.79,151549.83,83306.15
2025-07-24 19:00:00+00:00,42.79,43.037,42.642,42.776,147886.7,79416.76
2025-07-24 20:00:00+00:00,42.777,43.162,42.722,43.102,104896.02,48559.85
2025-07-24 21:00:00+00:00,43.1,43.123,42.52,42.63,109767.79,47740.53
2025-07-24 22:00:00+00:00,42.631,42.765,42.348,42.606,139742.45,66049.86
2025-07-24 23:00:00+00:00,42.605,42.605,41.967,42.075,243935.81,114036.39
2025-07-25 00:00:00+00:00,42.076,42.148,41.444,41.623,385962.7,185842.15
2025-07-25 01:00:00+00:00,41.622,42.334,41.435,42.245,277770.56,141679.2
2025-07-25 02:00:00+00:00,42.244,42.442,41.321,41.424,483806.57,227749.43
2025-07-25 03:00:00+00:00,41.424,41.706,41.122,41.425,425586.54,199768.04
2025-07-25 04:00:00+00:00,41.424,42.364,41.196,42.34,385431.09,186627.84
2025-07-25 05:00:00+00:00,42.34,42.397,41.969,42.009,243155.05,104781.86
2025-07-25 06:00:00+00:00,42.009,42.576,41.826,42.501,268426.99,147239.0
2025-07-25 07:00:00+00:00,42.505,42.737,41.724,42.086,379140.37,183182.83
2025-07-25 08:00:00+00:00,42.087,42.539,42.013,42.375,235783.18,116524.05
2025-07-25 09:00:00+00:00,42.375,42.84,42.162,42.762,207595.3,109684.08
2025-07-25 10:00:00+00:00,42.769,43.183,42.733,43.135,268699.2,133537.74
2025-07-25 11:00:00+00:00,43.135,43.326,42.938,43.024,197941.69,95567.6
2025-07-25 12:00:00+00:00,43.021,43.211,42.788,42.954,180137.4,86089.37
2025-07-25 13:00:00+00:00,42.954,43.188,42.752,43.178,206261.54,98451.06
2025-07-25 14:00:00+00:00,43.178,43.208,42.17,42.204,354536.86,179228.39
2025-07-25 15:00:00+00:00,42.205,42.618,42.076,42.41,314207.74,142137.42
2025-07-25 16:00:00+00:00,42.405,43.01,42.237,43.007,239695.14,116660.67
2025-07-25 17:00:00+00:00,43.006,43.2,42.766,42.886,225114.32,109522.05
2025-07-25 18:00:00+00:00,42.886,43.033,42.823,42.907,91971.17,48518.25
2025-07-25 19:00:00+00:00,42.906,43.083,42.727,42.795,125370.65,67649.05
2025-07-25 20:00:00+00:00,42.795,43.188,42.583,42.996,233132.08,117511.67
2025-07-25 21:00:00+00:00,43.002,43.643,43.002,43.642,217662.52,129390.17
2025-07-25 22:00:00+00:00,43.643,43.791,43.458,43.764,136231.12,79011.5
2025-07-25 23:00:00+00:00,43.764,44.192,43.626,44.128,170865.31,98416.08
2025-07-26 00:00:00+00:00,44.128,44.186,43.736,44.15,262592.23,145752.23
2025-07-26 01:00:00+00:00,44.15,44.274,43.883,43.883,122274.91,46294.1
2025-07-26 02:00:00+00:00,43.889,44.367,43.88,44.307,123043.68,67044.72
2025-07-26 03:00:00+00:00,44.306,44.565,44.213,44.231,140077.51,68619.75
2025-07-26 04:00:00+00:00,44.231,44.644,44.172,44.62,82193.22,38741.06
2025-07-26 05:00:00+00:00,44.619,44.866,44.536,44.732,114445.45,60035.98
2025-07-26 06:00:00+00:00,44.731,44.731,44.363,44.482,127727.27,49639.52
2025-07-26 07:00:00+00:00,44.482,44.563,44.23,44.28,110024.1,37985.84
2025-07-26 08:00:00+00:00,44.281,44.611,44.272,44.534,64026.21,36220.4
2025-07-26 09:00:00+00:00,44.534,44.75,44.434,44.596,105066.25,55204.03
2025-07-26 10:00:00+00:00,44.597,44.906,44.527,44.574,160887.33,73678.67
2025-07-26 11:00:00+00:00,44.571,44.634,44.265,44.31,153141.04,72131.12
2025-07-26 12:00:00+00:00,44.31,44.537,44.258,44.349,81278.14,41423.94
2025-07-26 13:00:00+00:00,44.35,44.578,44.28,44.345,87164.47,44200.74
2025-07-26 14:00:00+00:00,44.344,44.451,44.114,44.216,162719.26,79255.53
2025-07-26 15:00:00+00:00,44.212,44.35,43.912,44.175,152095.51,66338.74
2025-07-26 16:00:00+00:00,44.175,44.231,43.629,43.748,148045.56,63956.67
2025-07-26 17:00:00+00:00,43.748,43.855,43.549,43.785,100734.96,43288.72
2025-07-26 18:00:00+00:00,43.789,44.052,43.667,43.936,104868.42,54821.85
2025-07-26 19:00:00+00:00,43.937,44.145,43.786,43.92,98689.0,55785.7
2025-07-26 20:00:00+00:00,43.919,43.919,43.694,43.839,74034.92,33117.81
2025-07-26 21:00:00+00:00,43.836,44.086,43.793,44.051,38180.82,20982.99
2025-07-26 22:00:00+00:00,44.05,44.256,43.716,43.8,157329.46,76919.6
2025-07-26 23:00:00+00:00,43.798,43.855,43.327,43.363,126222.5,47454.54
2025-07-27 00:00:00+00:00,43.365,43.488,43.066,43.198,250618.69,98828.71
2025-07-27 01:00:00+00:00,43.198,43.421,43.043,43.348,94669.89,53897.26
2025-07-27 02:00:00+00:00,43.347,43.532,43.209,43.528,71775.46,45319.91
2025-07-27 03:00:00+00:00,43.528,43.55,43.362,43.457,64731.05,34167.91
2025-07-27 04:00:00+00:00,43.455,43.637,43.42,43.597,68388.33,39936.86
2025-07-27 05:00:00+00:00,43.596,43.789,43.51,43.552,99756.11,47107.14
2025-07-27 06:00:00+00:00,43.558,43.596,43.34,43.433,100593.59,48977.26
2025-07-27 07:00:00+00:00,43.432,43.493,43.081,43.146,103599.3,39351.93
2025-07-27 08:00:00+00:00,43.146,43.218,43.0,43.075,66583.7,26776.17
2025-07-27 09:00:00+00:00,43.076,43.188,42.801,42.824,162756.98,70865.58
2025-07-27 10:00:00+00:00,42.823,43.183,42.802,43.064,122669.23,58733.28
2025-07-27 11:00:00+00:00,43.064,43.152,42.737,42.77,125079.56,57935.04
2025-07-27 12:00:00+00:00,42.771,43.043,42.676,42.823,241764.29,118820.38
2025-07-27 13:00:00+00:00,42.822,42.891,42.402,42.775,251623.26,127834.62
2025-07-27 14:00:00+00:00,42.769,42.958,42.594,42.763,167709.83,82499.69
2025-07-27 15:00:00+00:00,42.763,43.139,42.565,43.064,133401.96,73213.07
2025-07-27 16:00:00+00:00,43.063,43.941,43.063,43.284,436310.7,218693.93
2025-07-27 17:00:00+00:00,43.283,43.656,42.94,43.641,293984.84,156761.5
2025-07-27 18:00:00+00:00,43.641,44.291,43.621,44.276,274535.38,145001.58
2025-07-27 19:00:00+00:00,44.284,44.333,43.677,43.705,136225.27,54044.84
2025-07-27 20:00:00+00:00,43.705,44.022,43.549,43.562,92504.02,42953.61
2025-07-27 21:00:00+00:00,43.568,43.839,43.491,43.787,75269.36,37065.57
2025-07-27 22:00:00+00:00,43.788,44.043,43.69,43.704,160139.41,74313.32
2025-07-27 23:00:00+00:00,43.706,43.804,43.597,43.649,99124.23,50049.33
2025-07-28 00:00:00+00:00,43.655,44.037,43.607,43.779,145783.68,65978.11
2025-07-28 01:00:00+00:00,43.78,43.892,43.414,43.58,110480.83,44106.53
2025-07-28 02:00:00+00:00,43.575,44.328,43.537,44.276,175187.28,88165.88
2025-07-28 03:00:00+00:00,44.276,44.353,43.872,44.347,132174.39,62774.28
2025-07-28 04:00:00+00:00,44.347,44.423,44.021,44.198,109983.31,50598.37
2025-07-28 05:00:00+00:00,44.198,44.697,44.04,44.655,229294.38,123804.81
2025-07-28 06:00:00+00:00,44.655,44.905,44.583,44.74,191723.43,91882.19
2025-07-28 07:00:00+00:00,44.741,44.765,44.004,44.191,171923.63,78167.6
2025-07-28 08:00:00+00:00,44.191,44.509,44.13,44.49,111751.71,57717.24
2025-07-28 09:00:00+00:00,44.487,44.555,44.157,44.336,176601.58,78406.37
2025-07-28 10:00:00+00:00,44.336,44.661,44.28,44.644,118525.39,59267.03
2025-07-28 11:00:00+00:00,44.644,44.711,43.901,44.287,202516.16,88751.68
2025-07-28 12:00:00+00:00,44.29,44.5,44.033,44.39,137444.42,62943.07
2025-07-28 13:00:00+00:00,44.391,45.779,44.326,45.23,963322.75,487019.38
2025-07-28 14:00:00+00:00,45.231,45.248,43.894,44.822,901805.91,431819.58
2025-07-28 15:00:00+00:00,44.821,45.394,44.743,45.109,457937.88,198559.92
2025-07-28 16:00:00+00:00,45.109,46.0,45.055,45.843,701937.24,376026.99
2025-07-28 17:00:00+00:00,45.845,46.095,44.699,44.752,720075.69,310087.54
2025-07-28 18:00:00+00:00,44.754,45.24,44.705,45.138,466611.93,235530.78
2025-07-28 19:00:00+00:00,45.141,45.511,44.287,44.957,492410.82,236054.88
2025-07-28 20:00:00+00:00,44.96,44.998,43.417,44.036,1078881.59,518783.37
2025-07-28 21:00:00+00:00,44.041,44.188,43.465,43.769,223843.43,118339.78
2025-07-28 22:00:00+00:00,43.768,44.062,42.63,42.976,643611.47,297375.27
2025-07-28 23:00:00+00:00,42.979,43.759,42.956,43.742,348635.22,164761.22
2025-07-29 00:00:00+00:00,43.741,44.231,43.45,43.878,322452.59,141050.72
2025-07-29 01:00:00+00:00,43.878,44.13,43.495,43.496,165026.25,72562.17
2025-07-29 02:00:00+00:00,43.496,43.661,43.036,43.146,210166.08,105737.41
2025-07-29 03:00:00+00:00,43.15,44.167,43.139,44.167,186380.59,88213.54
2025-07-29 04:00:00+00:00,44.166,44.325,43.814,43.839,257446.69,104431.91
2025-07-29 05:00:00+00:00,43.841,44.125,43.642,44.107,123353.63,60187.01
2025-07-29 06:00:00+00:00,44.105,44.228,43.776,43.78,190106.08,83253.15
2025-07-29 07:00:00+00:00,43.781,44.61,43.781,44.597,215225.45,108418.96
2025-07-29 08:00:00+00:00,44.597,45.073,44.517,44.775,294603.85,122209.29
2025-07-29 09:00:00+00:00,44.776,45.155,44.633,44.97,188694.33,91050.67
2025-07-29 10:00:00+00:00,44.969,44.994,44.025,44.026,300131.69,122811.75
2025-07-29 11:00:00+00:00,44.027,45.011,43.998,44.746,298893.97,147032.38
2025-07-29 12:00:00+00:00,44.748,45.163,44.689,44.877,243118.53,115230.68
2025-07-29 13:00:00+00:00,44.877,45.29,44.408,44.604,256983.46,126255.82
2025-07-29 14:00:00+00:00,44.605,44.632,42.448,43.329,3609074.62,1908333.38
2025-07-29 15:00:00+00:00,43.326,43.717,42.723,43.226,1034109.11,494269.85
2025-07-29 16:00:00+00:00,43.221,43.838,42.914,43.617,604815.37,258340.82
2025-07-29 17:00:00+00:00,43.617,44.113,43.434,43.728,292452.68,148177.04
2025-07-29 18:00:00+00:00,43.73,44.188,43.556,44.102,229950.85,87848.61
2025-07-29 19:00:00+00:00,44.102,44.341,43.731,43.917,209990.28,93741.94
2025-07-29 20:00:00+00:00,43.917,44.237,43.04,43.34,617115.87,297436.97
2025-07-29 21:00:00+00:00,43.35,43.362,42.67,43.245,271704.35,141457.02
2025-07-29 22:00:00+00:00,43.247,43.596,42.855,43.544,237943.32,119229.6
2025-07-29 23:00:00+00:00,43.548,43.654,43.174,43.485,140695.02,55880.36
2025-07-30 00:00:00+00:00,43.485,43.506,42.8,43.046,180075.77,91981.43
2025-07-30 01:00:00+00:00,43.051,43.231,42.35,43.124,392444.14,161907.07
2025-07-30 02:00:00+00:00,43.119,43.572,43.024,43.387,169290.95,84661.51
2025-07-30 03:00:00+00:00,43.386,43.596,43.239,43.304,78382.79,32993.09
2025-07-30 04:00:00+00:00,43.305,43.609,42.896,42.937,148365.3,80785.89
2025-07-30 05:00:00+00:00,42.938,43.332,42.853,43.202,160100.45,82869.74
2025-07-30 06:00:00+00:00,43.201,43.576,43.063,43.49,145240.17,74985.46
2025-07-30 07:00:00+00:00,43.498,43.729,42.869,42.954,245135.95,117159.79
2025-07-30 08:00:00+00:00,42.949,43.327,42.763,43.096,261638.89,139818.29
2025-07-30 09:00:00+00:00,43.096,43.181,42.697,42.95,165210.09,81130.07
2025-07-30 10:00:00+00:00,42.949,43.172,42.691,42.756,184935.09,74371.8
2025-07-30 11:00:00+00:00,42.757,42.925,42.322,42.667,318221.88,169050.61
2025-07-30 12:00:00+00:00,42.667,42.76,42.189,42.557,408148.6,186379.55
2025-07-30 13:00:00+00:00,42.557,42.791,42.253,42.694,466094.29,235849.27
2025-07-30 14:00:00+00:00,42.694,43.346,42.643,43.308,327915.78,161520.25
2025-07-30 15:00:00+00:00,43.307,43.332,42.883,42.999,253786.56,109490.92
2025-07-30 16:00:00+00:00,42.999,43.324,42.825,43.044,174389.87,93078.84
2025-07-30 17:00:00+00:00,43.045,43.213,42.718,42.849,127376.29,59422.83
2025-07-30 18:00:00+00:00,42.841,43.068,41.66,41.684,666495.55,300285.58
2025-07-30 19:00:00+00:00,41.683,42.347,40.69,42.267,1288277.69,695439.46
2025-07-30 20:00:00+00:00,42.272,42.537,42.172,42.402,197383.15,94528.59
2025-07-30 21:00:00+00:00,42.401,42.468,41.782,42.216,193659.53,88140.79
2025-07-30 22:00:00+00:00,42.214,42.235,41.7,41.805,192675.94,80533.84
2025-07-30 23:00:00+00:00,41.804,42.291,41.795,42.221,115307.51,52326.59
2025-07-31 00:00:00+00:00,42.225,42.676,42.036,42.645,230409.74,104726.65
2025-07-31 01:00:00+00:00,42.646,42.722,42.237,42.57,178637.69,77598.97
2025-07-31 02:00:00+00:00,42.569,42.664,42.311,42.654,106937.44,52527.39
2025-07-31 03:00:00+00:00,42.654,43.076,42.597,43.058,198578.64,110327.22
2025-07-31 04:00:00+00:00,43.06,43.158,42.817,43.131,110320.19,53405.17
2025-07-31 05:00:00+00:00,43.13,43.361,42.967,43.259,112002.13,51654.87
2025-07-31 06:00:00+00:00,43.259,43.381,43.012,43.332,125105.56,67328.65
2025-07-31 07:00:00+00:00,43.332,43.55,43.271,43.38,163539.93,99805.32
2025-07-31 08:00:00+00:00,43.38,43.78,43.38,43.78,120313.56,65635.06
2025-07-31 09:00:00+00:00,43.78,43.99,43.66,43.976,128382.76,70313.4
2025-07-31 10:00:00+00:00,43.976,44.116,43.8,43.852,110985.16,57001.87
2025-07-31 11:00:00+00:00,43.853,43.985,43.402,43.519,166367.62,68411.65
2025-07-31 12:00:00+00:00,43.519,44.43,43.517,44.152,659871.06,320226.0
2025-07-31 13:00:00+00:00,44.151,44.185,43.606,44.016,442642.81,223950.59
2025-07-31 14:00:00+00:00,44.012,44.162,43.253,43.691,441692.26,203761.36
2025-07-31 15:00:00+00:00,43.696,44.079,43.657,43.692,201377.56,91480.89
2025-07-31 16:00:00+00:00,43.692,44.721,43.635,44.489,467175.24,264585.95
2025-07-31 17:00:00+00:00,44.489,44.507,43.021,43.062,552041.46,229783.59
2025-07-31 18:00:00+00:00,43.067,43.107,42.539,42.767,517638.1,280006.99
2025-07-31 19:00:00+00:00,42.774,42.829,41.608,41.615,548742.43,219384.99
2025-07-31 20:00:00+00:00,41.615,41.897,41.08,41.297,734475.45,350995.79
2025-07-31 21:00:00+00:00,41.29,41.636,40.96,41.246,379347.25,185175.35
2025-07-31 22:00:00+00:00,41.247,41.595,40.986,41.092,504124.72,236963.04
2025-07-31 23:00:00+00:00,41.093,41.507,40.64,40.826,422968.71,177564.61
2025-08-01 00:00:00+00:00,40.824,41.307,40.311,41.234,682215.02,333515.98
2025-08-01 01:00:00+00:00,41.234,41.465,40.689,41.198,447047.65,227932.75
2025-08-01 02:00:00+00:00,41.196,41.635,40.999,41.378,281596.19,126260.48
2025-08-01 03:00:00+00:00,41.377,41.57,41.127,41.173,182364.97,82963.64
2025-08-01 04:00:00+00:00,41.172,41.173,40.411,40.441,346519.8,149588.36
2025-08-01 05:00:00+00:00,40.438,40.78,40.052,40.452,426893.18,231723.85
2025-08-01 06:00:00+00:00,40.453,40.511,39.592,39.918,598594.99,248783.03
2025-08-01 07:00:00+00:00,39.916,40.27,39.525,40.001,522402.73,276384.51
2025-08-01 08:00:00+00:00,40.001,40.021,39.204,39.497,482070.12,217383.8
2025-08-01 09:00:00+00:00,39.495,39.964,39.415,39.483,383863.47,195234.4
2025-08-01 10:00:00+00:00,39.483,39.782,39.435,39.675,344699.26,180148.43
2025-08-01 11:00:00+00:00,39.676,40.127,39.364,40.053,365824.47,176720.56
2025-08-01 12:00:00+00:00,40.053,40.414,39.793,39.891,599000.02,290564.08
2025-08-01 13:00:00+00:00,39.887,40.123,38.002,38.4,1201490.44,494134.7
2025-08-01 14:00:00+00:00,38.401,39.711,38.224,39.538,948941.8,502209.04
2025-08-01 15:00:00+00:00,39.535,39.579,38.713,39.147,483684.86,222878.72
2025-08-01 16:00:00+00:00,39.146,39.545,38.429,38.503,460784.77,217576.15
2025-08-01 17:00:00+00:00,38.503,38.629,38.172,38.32,466926.84,252239.7
2025-08-01 18:00:00+00:00,38.319,38.345,37.224,37.642,1295978.85,625149.96
2025-08-01 19:00:00+00:00,37.643,37.75,37.06,37.364,817944.73,393490.96
2025-08-01 20:00:00+00:00,37.368,37.869,37.054,37.636,640955.49,330944.71
2025-08-01 21:00:00+00:00,37.638,37.961,37.452,37.536,355291.09,176382.07
2025-08-01 22:00:00+00:00,37.54,37.588,36.323,37.042,1061293.26,445170.42
2025-08-01 23:00:00+00:00,37.046,37.64,36.896,37.613,491289.99,252900.62
2025-08-02 00:00:00+00:00,37.615,37.997,37.527,37.905,362166.17,188760.32
2025-08-02 01:00:00+00:00,37.901,38.013,37.606,37.825,128653.78,55970.48
2025-08-02 02:00:00+00:00,37.825,38.113,37.713,38.088,116108.17,69454.98
2025-08-02 03:00:00+00:00,38.089,38.199,37.9,38.068,225460.23,127724.39
2025-08-02 04:00:00+00:00,38.068,38.237,37.972,38.111,128109.89,64444.2
2025-08-02 05:00:00+00:00,38.11,38.307,37.96,38.286,151386.16,77021.15
2025-08-02 06:00:00+00:00,38.286,38.318,37.528,37.749,333881.91,116706.29
2025-08-02 07:00:00+00:00,37.748,38.484,37.636,38.465,347844.13,186103.0
2025-08-02 08:00:00+00:00,38.465,38.729,38.263,38.48,276091.83,152345.36
2025-08-02 09:00:00+00:00,38.479,38.594,38.158,38.566,237689.92,115277.36
2025-08-02 10:00:00+00:00,38.565,38.592,38.047,38.165,274152.68,133165.97
2025-08-02 11:00:00+00:00,38.164,38.408,37.951,38.371,309865.37,180224.95
2025-08-02 12:00:00+00:00,38.377,38.423,37.988,38.156,216663.48,104817.02
2025-08-02 13:00:00+00:00,38.155,38.184,37.587,37.984,241384.0,115702.92
2025-08-02 14:00:00+00:00,37.988,38.097,37.286,37.574,328446.94,148178.74
2025-08-02 15:00:00+00:00,37.573,38.03,37.147,37.182,241912.22,123322.79
2025-08-02 16:00:00+00:00,37.186,37.661,36.884,37.197,443373.14,209535.08
2025-08-02 17:00:00+00:00,37.196,37.619,36.464,36.552,364485.93,166613.05
2025-08-02 18:00:00+00:00,36.554,36.711,35.493,35.687,923230.89,444526.01
2025-08-02 19:00:00+00:00,35.687,36.75,35.676,36.097,705731.05,355213.82
2025-08-02 20:00:00+00:00,36.098,36.956,36.079,36.956,353492.5,197206.12
2025-08-02 21:00:00+00:00,36.956,37.393,36.85,37.153,413953.85,225721.76
2025-08-02 22:00:00+00:00,37.153,37.492,36.908,37.358,277984.71,153368.76
2025-08-02 23:00:00+00:00,37.356,37.379,36.775,36.896,249025.88,116637.65
2025-08-03 00:00:00+00:00,36.898,37.041,36.415,36.895,338702.59,157633.51
2025-08-03 01:00:00+00:00,36.896,37.038,36.496,36.669,287867.94,142196.26
2025-08-03 02:00:00+00:00,36.669,37.656,36.668,37.6,304873.35,170422.48
2025-08-03 03:00:00+00:00,37.605,37.835,37.357,37.709,135105.29,66993.95
2025-08-03 04:00:00+00:00,37.709,37.852,37.47,37.838,139111.5,72320.09
2025-08-03 05:00:00+00:00,37.84,37.903,37.662,37.826,91960.99,49271.05
2025-08-03 06:00:00+00:00,37.826,38.161,37.65,38.136,178690.05,68236.95
2025-08-03 07:00:00+00:00,38.135,38.447,38.001,38.361,355840.98,216062.56
2025-08-03 08:00:00+00:00,38.359,38.493,38.19,38.485,168650.48,85722.73
2025-08-03 09:00:00+00:00,38.486,38.626,38.366,38.607,155671.5,70553.43
2025-08-03 10:00:00+00:00,38.608,39.299,38.6,38.961,478540.16,267646.65
2025-08-03 11:00:00+00:00,38.961,39.26,38.493,38.544,387403.02,173170.97
2025-08-03 12:00:00+00:00,38.544,38.569,37.83,38.063,732173.09,359623.16
2025-08-03 13:00:00+00:00,38.063,38.366,37.794,38.06,418180.8,208717.21
2025-08-03 14:00:00+00:00,38.063,38.162,37.614,37.805,312623.99,121274.33
2025-08-03 15:00:00+00:00,37.804,38.054,37.52,37.953,214136.34,117549.48
2025-08-03 16:00:00+00:00,37.954,38.32,37.762,38.318,167033.76,113095.82
2025-08-03 17:00:00+00:00,38.315,38.452,38.137,38.43,168503.16,103510.44
2025-08-03 18:00:00+00:00,38.429,38.495,38.31,38.412,77190.8,42742.19
2025-08-03 19:00:00+00:00,38.412,38.676,38.257,38.414,148964.52,78071.81
2025-08-03 20:00:00+00:00,38.416,38.476,38.135,38.409,181523.47,80004.91
2025-08-03 21:00:00+00:00,38.409,38.67,38.202,38.344,195117.74,93237.67
2025-08-03 22:00:00+00:00,38.344,38.476,38.051,38.233,164352.41,78762.0
2025-08-03 23:00:00+00:00,38.233,38.47,38.147,38.18,150937.84,81253.75
2025-08-04 00:00:00+00:00,38.18,39.037,38.032,38.987,328804.88,165721.44
2025-08-04 01:00:00+00:00,38.986,38.986,38.52,38.602,308696.63,162342.08
2025-08-04 02:00:00+00:00,38.602,38.774,38.287,38.752,218742.52,122625.85
2025-08-04 03:00:00+00:00,38.749,38.769,38.245,38.266,112801.79,46289.05
2025-08-04 04:00:00+00:00,38.265,38.435,37.706,37.776,341483.91,124104.46
2025-08-04 05:00:00+00:00,37.777,37.897,37.554,37.862,140595.64,66447.1
2025-08-04 06:00:00+00:00,37.86,37.982,37.669,37.964,97998.05,56593.92
2025-08-04 07:00:00+00:00,37.962,38.476,37.954,38.338,183607.89,109480.18
2025-08-04 08:00:00+00:00,38.338,38.498,37.964,38.046,187823.03,84162.89
2025-08-04 09:00:00+00:00,38.048,38.286,37.554,37.634,384924.13,156942.57
2025-08-04 10:00:00+00:00,37.635,37.753,37.36,37.502,301903.09,125086.67
2025-08-04 11:00:00+00:00,37.504,37.601,37.248,37.569,187118.38,91080.28
2025-08-04 12:00:00+00:00,37.569,37.918,37.5,37.859,197895.16,104591.61
2025-08-04 13:00:00+00:00,37.859,38.549,37.648,38.532,412576.23,223643.17
2025-08-04 14:00:00+00:00,38.532,38.977,38.17,38.347,744211.98,347567.98
2025-08-04 15:00:00+00:00,38.349,38.501,37.952,38.362,247037.76,124149.16
2025-08-04 16:00:00+00:00,38.363,38.938,38.319,38.907,388709.62,191240.59
2025-08-04 17:00:00+00:00,38.907,39.462,38.453,38.536,797052.79,367588.48
2025-08-04 18:00:00+00:00,38.535,38.787,37.984,38.024,418638.69,214121.17
2025-08-04 19:00:00+00:00,38.024,38.179,37.604,37.668,448080.15,219579.81
2025-08-04 20:00:00+00:00,37.669,38.314,37.522,38.017,451327.55,239714.13
2025-08-04 21:00:00+00:00,38.017,38.762,38.007,38.711,274574.24,164598.49
2025-08-04 22:00:00+00:00,38.714,39.048,38.674,39.031,188416.3,90720.04
2025-08-04 23:00:00+00:00,39.03,39.044,38.658,38.804,150589.51,62343.99
2025-08-05 00:00:00+00:00,38.803,38.881,38.389,38.809,290063.38,140412.32
2025-08-05 01:00:00+00:00,38.809,38.989,38.584,38.642,183020.97,82649.52
2025-08-05 02:00:00+00:00,38.643,38.822,38.338,38.801,208512.32,86907.6
2025-08-05 03:00:00+00:00,38.803,39.056,38.33,38.438,339838.01,163417.71
2025-08-05 04:00:00+00:00,38.438,38.707,38.013,38.282,243687.33,118360.54
2025-08-05 05:00:00+00:00,38.28,38.856,38.236,38.834,209654.32,110644.71
2025-08-05 06:00:00+00:00,38.834,39.264,38.592,38.714,416264.94,177676.77
2025-08-05 07:00:00+00:00,38.708,38.944,38.193,38.265,260402.48,128792.9
2025-08-05 08:00:00+00:00,38.264,38.393,38.031,38.253,243119.36,120619.34
2025-08-05 09:00:00+00:00,38.251,39.438,38.222,39.392,365361.29,174862.62
2025-08-05 10:00:00+00:00,39.392,39.704,39.065,39.104,518458.89,228204.08
2025-08-05 11:00:00+00:00,39.104,39.705,38.985,39.692,246823.49,122903.8
2025-08-05 12:00:00+00:00,39.69,39.796,38.942,39.228,471750.65,221735.53
2025-08-05 13:00:00+00:00,39.229,39.868,38.941,39.822,384440.77,199690.54
2025-08-05 14:00:00+00:00,39.828,39.868,38.475,38.917,831014.81,397640.23
2025-08-05 15:00:00+00:00,38.919,39.301,38.088,38.108,716616.9,335128.84
2025-08-05 16:00:00+00:00,38.107,38.559,37.963,38.474,423721.01,216868.65
2025-08-05 17:00:00+00:00,38.475,38.929,38.298,38.77,242675.57,110194.12
2025-08-05 18:00:00+00:00,38.772,38.938,38.498,38.6,212070.64,95314.89
2025-08-05 19:00:00+00:00,38.597,38.777,37.724,38.069,403794.15,182318.04
2025-08-05 20:00:00+00:00,38.069,38.397,37.759,37.862,241628.67,114981.33
2025-08-05 21:00:00+00:00,37.865,38.272,37.714,37.716,172403.15,84733.31
2025-08-05 22:00:00+00:00,37.718,38.282,37.372,38.247,327784.87,163011.09
2025-08-05 23:00:00+00:00,38.249,38.621,38.249,38.497,308787.51,131941.87
2025-08-06 00:00:00+00:00,38.497,38.568,37.921,37.955,200453.38,92530.58
2025-08-06 01:00:00+00:00,37.952,37.952,37.2,37.57,407507.6,177586.79
2025-08-06 02:00:00+00:00,37.569,37.692,37.257,37.291,156219.4,83005.42
2025-08-06 03:00:00+00:00,37.291,37.44,37.037,37.254,237120.81,115204.31
2025-08-06 04:00:00+00:00,37.253,37.336,37.01,37.017,161142.48,76521.64
2025-08-06 05:00:00+00:00,37.017,37.633,36.855,37.299,482712.66,224519.38
2025-08-06 06:00:00+00:00,37.3,37.613,37.157,37.489,194426.75,103000.26
2025-08-06 07:00:00+00:00,37.49,37.838,37.348,37.831,234239.09,111389.69
2025-08-06 08:00:00+00:00,37.831,37.852,37.32,37.471,158015.0,76544.7
2025-08-06 09:00:00+00:00,37.471,37.772,37.339,37.388,192589.96,93119.11
2025-08-06 10:00:00+00:00,37.388,37.512,37.154,37.229,173585.61,81728.38
2025-08-06 11:00:00+00:00,37.231,37.636,37.171,37.479,115362.99,60213.63
2025-08-06 12:00:00+00:00,37.479,37.664,37.277,37.532,201350.64,104279.6
2025-08-06 13:00:00+00:00,37.535,38.01,37.478,37.996,389110.02,196941.06
2025-08-06 14:00:00+00:00,37.994,38.478,37.848,38.475,478764.71,221373.58
2025-08-06 15:00:00+00:00,38.475,38.867,38.113,38.802,472768.66,256204.19
2025-08-06 16:00:00+00:00,38.8,38.822,38.28,38.704,258658.16,123069.42
2025-08-06 17:00:00+00:00,38.697,39.047,38.65,38.839,198949.13,108786.37
2025-08-06 18:00:00+00:00,38.84,39.258,38.31,38.6,497015.12,211050.68
2025-08-06 19:00:00+00:00,38.6,38.637,38.224,38.372,118921.14,55497.15
2025-08-06 20:00:00+00:00,38.369,38.393,38.093,38.163,144817.13,58232.44
2025-08-06 21:00:00+00:00,38.163,38.292,37.892,38.093,113215.96,54832.78
2025-08-06 22:00:00+00:00,38.094,38.234,38.01,38.071,86101.35,41658.11
2025-08-06 23:00:00+00:00,38.077,38.1,37.942,38.079,60008.98,31601.36
2025-08-07 00:00:00+00:00,38.077,38.142,37.92,37.92,93510.33,50370.4
2025-08-07 01:00:00+00:00,37.921,38.234,37.917,37.936,113067.46,61198.7
2025-08-07 02:00:00+00:00,37.935,38.1,37.825,37.913,96597.54,46703.96
2025-08-07 03:00:00+00:00,37.909,37.961,37.577,37.68,130001.27,55168.88
2025-08-07 04:00:00+00:00,37.68,37.844,37.664,37.742,60688.86,30191.39
2025-08-07 05:00:00+00:00,37.742,38.076,37.735,38.074,102414.3,59512.3
2025-08-07 06:00:00+00:00,38.074,38.2,37.98,38.069,91887.67,39131.38
2025-08-07 07:00:00+00:00,38.069,38.212,37.846,37.94,84044.96,40831.48
2025-08-07 08:00:00+00:00,37.94,38.344,37.909,37.954,213562.09,94632.61
2025-08-07 09:00:00+00:00,37.955,38.05,37.809,38.038,86101.43,39065.75
2025-08-07 10:00:00+00:00,38.035,39.116,37.99,39.067,461991.45,240192.72
2025-08-07 11:00:00+00:00,39.068,39.43,39.009,39.183,394026.91,189808.92
2025-08-07 12:00:00+00:00,39.183,39.339,38.791,38.97,348450.55,163703.19
2025-08-07 13:00:00+00:00,38.97,39.427,38.951,39.422,233147.13,124353.31
2025-08-07 14:00:00+00:00,39.42,39.626,39.088,39.559,388034.49,205407.11
2025-08-07 15:00:00+00:00,39.559,39.634,39.29,39.55,179786.43,91661.03
2025-08-07 16:00:00+00:00,39.548,39.686,38.634,39.2,373564.94,158788.08
2025-08-07 17:00:00+00:00,39.201,39.504,38.999,39.175,358140.46,169727.89
2025-08-07 18:00:00+00:00,39.176,39.274,38.822,39.222,147555.01,81288.75
2025-08-07 19:00:00+00:00,39.222,39.885,39.222,39.87,331066.67,165691.45
2025-08-07 20:00:00+00:00,39.87,40.243,39.597,40.012,315098.37,156541.82
2025-08-07 21:00:00+00:00,40.014,40.438,39.955,40.213,228182.44,101406.06
2025-08-07 22:00:00+00:00,40.214,40.704,40.108,40.692,225627.03,129826.13
2025-08-07 23:00:00+00:00,40.688,40.983,40.561,40.897,283223.49,154511.39
2025-08-08 00:00:00+00:00,40.897,41.205,40.518,40.706,432941.93,207762.44
2025-08-08 01:00:00+00:00,40.707,40.986,40.553,40.64,218687.2,109520.53
2025-08-08 02:00:00+00:00,40.64,41.012,40.369,40.948,183295.53,87659.06
2025-08-08 03:00:00+00:00,40.946,41.14,40.738,40.857,213276.14,87102.56
2025-08-08 04:00:00+00:00,40.856,41.243,40.652,40.817,220533.19,90542.91
2025-08-08 05:00:00+00:00,40.817,40.897,40.296,40.309,220885.88,71137.1
2025-08-08 06:00:00+00:00,40.309,40.528,40.11,40.522,232585.78,86176.72
2025-08-08 07:00:00+00:00,40.522,40.795,40.311,40.766,128207.76,76241.38
2025-08-08 08:00:00+00:00,40.766,40.965,40.52,40.624,139647.42,67255.47
2025-08-08 09:00:00+00:00,40.622,40.845,40.443,40.821,91867.27,44952.0
2025-08-08 10:00:00+00:00,40.821,41.033,40.716,40.998,121817.65,60731.01
2025-08-08 11:00:00+00:00,40.999,41.505,40.917,41.436,227572.05,111301.15
2025-08-08 12:00:00+00:00,41.435,41.463,41.021,41.183,174040.16,74739.65
2025-08-08 13:00:00+00:00,41.181,41.708,41.129,41.51,320306.58,154507.67
2025-08-08 14:00:00+00:00,41.509,41.756,40.823,41.032,343928.27,171089.49
2025-08-08 15:00:00+00:00,41.039,41.048,40.486,40.589,271333.24,130838.0
2025-08-08 16:00:00+00:00,40.59,40.807,40.257,40.475,263043.8,112203.56
2025-08-08 17:00:00+00:00,40.476,41.39,40.462,41.377,297246.05,173475.52
2025-08-08 18:00:00+00:00,41.38,41.669,40.758,41.028,603618.71,296662.47
2025-08-08 19:00:00+00:00,41.03,41.176,40.611,40.69,167118.28,75328.61
2025-08-08 20:00:00+00:00,40.693,41.096,40.6,41.019,185771.94,103583.87
2025-08-08 21:00:00+00:00,41.016,41.135,40.852,41.056,60769.69,28245.82
2025-08-08 22:00:00+00:00,41.054,41.22,40.908,41.168,101236.84,50594.94
2025-08-08 23:00:00+00:00,41.168,41.252,40.944,40.992,66880.1,30483.71
2025-08-09 00:00:00+00:00,40.992,41.047,40.555,40.616,165617.44,75718.38
2025-08-09 01:00:00+00:00,40.611,41.025,40.546,41.014,105890.47,62271.03
2025-08-09 02:00:00+00:00,41.014,41.23,40.951,41.121,81917.99,29148.76
2025-08-09 03:00:00+00:00,41.121,41.239,40.814,40.962,181664.67,59230.0
2025-08-09 04:00:00+00:00,40.959,41.249,40.863,41.237,117845.04,56712.71
2025-08-09 05:00:00+00:00,41.241,41.995,41.193,41.801,525310.28,240074.04
2025-08-09 06:00:00+00:00,41.801,41.907,41.327,41.895,247328.42,127962.57
2025-08-09 07:00:00+00:00,41.894,42.654,41.826,42.65,302464.53,180933.3
2025-08-09 08:00:00+00:00,42.649,43.384,42.635,43.087,455737.64,244338.84
2025-08-09 09:00:00+00:00,43.086,43.479,42.758,43.449,313307.06,163255.1
2025-08-09 10:00:00+00:00,43.449,43.771,43.271,43.406,467550.74,239269.39
2025-08-09 11:00:00+00:00,43.405,43.714,43.24,43.323,300088.33,133216.43
2025-08-09 12:00:00+00:00,43.324,43.979,43.121,43.825,376973.19,208588.94
2025-08-09 13:00:00+00:00,43.826,43.931,43.467,43.632,313843.05,165830.38
2025-08-09 14:00:00+00:00,43.63,43.993,43.281,43.853,287916.57,128423.62
2025-08-09 15:00:00+00:00,43.853,44.071,43.592,43.634,193527.1,98174.36
2025-08-09 16:00:00+00:00,43.633,43.89,43.371,43.808,235277.93,115580.87
2025-08-09 17:00:00+00:00,43.807,44.121,43.481,43.577,330408.06,152889.31
2025-08-09 18:00:00+00:00,43.575,43.886,43.504,43.719,165167.73,86472.89
2025-08-09 19:00:00+00:00,43.719,44.046,43.593,43.894,168673.42,85491.93
2025-08-09 20:00:00+00:00,43.893,44.479,43.84,44.457,216233.94,125230.44
2025-08-09 21:00:00+00:00,44.456,44.741,43.891,44.269,307070.34,163529.87
2025-08-09 22:00:00+00:00,44.269,44.469,43.954,44.071,190226.21,78527.54
2025-08-09 23:00:00+00:00,44.07,44.158,43.622,43.666,228702.46,89803.88
2025-08-10 00:00:00+00:00,43.666,44.037,43.636,44.011,99797.36,55358.45
2025-08-10 01:00:00+00:00,44.01,44.085,43.732,43.907,107846.71,48981.75
2025-08-10 02:00:00+00:00,43.908,44.153,43.847,44.008,142353.99,72182.31
2025-08-10 03:00:00+00:00,44.014,44.547,43.944,44.255,281753.73,143301.08
2025-08-10 04:00:00+00:00,44.256,44.494,44.093,44.466,126424.51,62416.89
2025-08-10 05:00:00+00:00,44.461,44.476,43.598,43.82,257012.82,126240.83
2025-08-10 06:00:00+00:00,43.82,43.872,43.312,43.68,297404.47,122621.69
2025-08-10 07:00:00+00:00,43.681,43.832,43.154,43.177,216224.61,91699.38
2025-08-10 08:00:00+00:00,43.177,43.568,42.813,43.373,329122.75,151205.5
2025-08-10 09:00:00+00:00,43.373,43.777,43.373,43.708,106978.13,48379.09
2025-08-10 10:00:00+00:00,43.709,43.764,43.172,43.319,254568.82,103270.93
2025-08-10 11:00:00+00:00,43.32,43.886,43.178,43.713,178528.37,79383.21
2025-08-10 12:00:00+00:00,43.715,43.918,43.516,43.809,142776.52,71006.8
2025-08-10 13:00:00+00:00,43.81,43.997,43.489,43.533,163192.69,78512.89
2025-08-10 14:00:00+00:00,43.53,44.358,43.402,44.325,219512.09,108871.47
2025-08-10 15:00:00+00:00,44.325,45.124,44.258,45.037,354502.7,178624.83
2025-08-10 16:00:00+00:00,45.037,45.094,44.733,45.074,187174.76,85930.85
2025-08-10 17:00:00+00:00,45.072,45.27,44.711,45.196,240441.8,128468.4
2025-08-10 18:00:00+00:00,45.194,45.36,44.975,45.267,147889.28,71659.95
2025-08-10 19:00:00+00:00,45.263,45.446,45.193,45.335,110014.98,55208.23
2025-08-10 20:00:00+00:00,45.33,45.36,44.959,44.976,125413.29,63444.44
2025-08-10 21:00:00+00:00,44.977,45.214,44.509,45.061,221644.84,115651.56
2025-08-10 22:00:00+00:00,45.061,45.252,44.781,45.248,111810.26,55304.32
2025-08-10 23:00:00+00:00,45.25,45.285,44.817,45.269,118669.16,58415.03
2025-08-11 00:00:00+00:00,45.27,45.483,45.113,45.366,182766.5,89565.92
2025-08-11 01:00:00+00:00,45.365,46.139,45.219,46.104,364015.56,201835.38
2025-08-11 02:00:00+00:00,46.104,46.414,45.885,46.156,307303.57,154272.25
2025-08-11 03:00:00+00:00,46.155,46.223,45.764,45.957,236242.69,105072.35
2025-08-11 04:00:00+00:00,45.957,46.458,45.957,46.283,144268.34,67846.03
2025-08-11 05:00:00+00:00,46.286,46.603,46.176,46.534,174163.31,82027.05
2025-08-11 06:00:00+00:00,46.534,46.767,46.344,46.74,141431.51,77555.09
2025-08-11 07:00:00+00:00,46.741,46.799,45.962,46.076,231227.04,91481.24
2025-08-11 08:00:00+00:00,46.075,46.265,45.89,46.241,211534.78,96807.83
2025-08-11 09:00:00+00:00,46.241,46.285,45.782,45.866,124512.73,41163.0
2025-08-11 10:00:00+00:00,45.871,46.06,45.627,45.72,169838.96,70850.07
2025-08-11 11:00:00+00:00,45.721,45.769,44.581,44.813,606861.16,272977.27
2025-08-11 12:00:00+00:00,44.813,44.874,44.326,44.429,327320.98,139799.01
2025-08-11 13:00:00+00:00,44.432,44.944,43.845,44.699,532090.54,263484.57
2025-08-11 14:00:00+00:00,44.7,45.14,44.387,44.395,324392.44,167646.83
2025-08-11 15:00:00+00:00,44.396,44.783,44.13,44.764,215616.24,106328.54
2025-08-11 16:00:00+00:00,44.764,44.958,44.299,44.445,256424.86,124145.13
2025-08-11 17:00:00+00:00,44.443,44.555,43.674,43.737,308940.84,132654.82
2025-08-11 18:00:00+00:00,43.737,43.97,43.453,43.964,169384.85,84910.54
2025-08-11 19:00:00+00:00,43.964,44.195,43.486,43.738,164132.27,75726.28
2025-08-11 20:00:00+00:00,43.737,43.904,43.4,43.779,169726.75,82604.11
2025-08-11 21:00:00+00:00,43.777,44.077,43.005,43.23,356518.19,166728.68
2025-08-11 22:00:00+00:00,43.23,43.268,42.578,43.187,381916.14,166109.16
2025-08-11 23:00:00+00:00,43.193,43.417,43.01,43.167,159415.99,76499.56
2025-08-12 00:00:00+00:00,43.167,43.462,43.014,43.393,130442.57,72254.11
2025-08-12 01:00:00+00:00,43.392,43.703,43.193,43.67,168809.95,92258.93
2025-08-12 02:00:00+00:00,43.67,43.982,43.433,43.695,149043.21,84094.23
2025-08-12 03:00:00+00:00,43.695,43.809,43.221,43.284,154685.71,71801.05
2025-08-12 04:00:00+00:00,43.284,43.744,43.224,43.549,159719.71,64063.32
2025-08-12 05:00:00+00:00,43.55,43.55,42.821,43.119,237518.29,96569.28
2025-08-12 06:00:00+00:00,43.118,43.298,42.8,43.057,118945.26,57401.86
2025-08-12 07:00:00+00:00,43.057,43.461,43.057,43.344,82776.7,41276.62
2025-08-12 08:00:00+00:00,43.344,43.437,43.049,43.222,106899.77,54126.19
2025-08-12 09:00:00+00:00,43.222,43.347,42.735,42.75,119048.8,43871.06
2025-08-12 10:00:00+00:00,42.749,42.867,42.356,42.487,349735.83,149928.86
2025-08-12 11:00:00+00:00,42.488,42.789,42.153,42.759,354671.25,175717.23
2025-08-12 12:00:00+00:00,42.757,44.529,42.377,44.274,992013.88,523816.9
2025-08-12 13:00:00+00:00,44.274,44.313,42.823,43.226,1011841.56,460976.91
2025-08-12 14:00:00+00:00,43.228,43.664,43.096,43.51,353972.53,187013.46
2025-08-12 15:00:00+00:00,43.509,44.476,43.464,44.468,341011.54,174891.1
2025-08-12 16:00:00+00:00,44.46,44.644,44.059,44.434,397832.07,208007.92
2025-08-12 17:00:00+00:00,44.435,44.87,44.026,44.096,444800.58,212491.64
2025-08-12 18:00:00+00:00,44.1,44.611,43.63,43.793,347364.23,155813.13
2025-08-12 19:00:00+00:00,43.797,44.489,43.797,44.351,191324.26,99795.43
2025-08-12 20:00:00+00:00,44.356,45.05,44.16,44.904,319233.09,170707.18
2025-08-12 21:00:00+00:00,44.903,45.87,44.876,45.533,440268.47,241324.46
2025-08-12 22:00:00+00:00,45.534,45.576,44.77,45.03,262675.35,114173.34
2025-08-12 23:00:00+00:00,45.03,45.42,44.704,44.725,171632.97,83392.89
2025-08-13 00:00:00+00:00,44.726,45.068,44.664,44.82,228157.6,110549.78
2025-08-13 01:00:00+00:00,44.817,44.852,43.801,43.979,406313.83,184954.63
2025-08-13 02:00:00+00:00,43.979,44.799,43.816,44.777,224819.37,119095.44
2025-08-13 03:00:00+00:00,44.776,44.88,44.411,44.525,268390.9,123695.86
2025-08-13 04:00:00+00:00,44.526,44.65,43.708,43.825,520876.34,240620.01
2025-08-13 05:00:00+00:00,43.82,43.899,43.293,43.431,399571.3,204205.78
2025-08-13 06:00:00+00:00,43.432,43.609,43.002,43.473,540148.91,273483.84
2025-08-13 07:00:00+00:00,43.473,44.292,43.408,44.17,246058.38,131885.64
2025-08-13 08:00:00+00:00,44.169,44.776,43.962,44.769,347370.32,140481.74
2025-08-13 09:00:00+00:00,44.769,45.398,44.628,45.03,447643.87,215915.39
2025-08-13 10:00:00+00:00,45.03,46.05,44.721,46.032,447033.4,241500.64
2025-08-13 11:00:00+00:00,46.036,46.6,45.917,46.536,387636.68,177700.89
2025-08-13 12:00:00+00:00,46.536,46.872,45.921,45.955,469213.52,224825.32
2025-08-13 13:00:00+00:00,45.959,47.02,45.936,46.81,576747.28,312712.98
2025-08-13 14:00:00+00:00,46.809,47.0,45.52,45.688,758030.22,346301.36
2025-08-13 15:00:00+00:00,45.688,45.89,45.007,45.366,645485.4,317029.11
2025-08-13 16:00:00+00:00,45.367,46.401,45.294,46.38,456845.41,235590.85
2025-08-13 17:00:00+00:00,46.383,47.476,46.211,47.303,743877.34,357203.57
2025-08-13 18:00:00+00:00,47.302,47.497,46.63,47.02,486020.29,236295.6
2025-08-13 19:00:00+00:00,47.023,47.957,46.783,47.848,483884.75,263617.33
2025-08-13 20:00:00+00:00,47.843,48.021,46.632,46.729,619289.97,274997.86
2025-08-13 21:00:00+00:00,46.725,47.312,46.323,46.616,329075.56,162228.68
2025-08-13 22:00:00+00:00,46.614,47.603,46.534,47.06,270011.35,126284.74
2025-08-13 23:00:00+00:00,47.057,47.889,47.046,47.631,203170.49,100511.56
2025-08-14 00:00:00+00:00,47.628,48.068,47.331,47.461,276295.06,127527.6
2025-08-14 01:00:00+00:00,47.464,47.708,47.159,47.338,190759.78,88750.08
2025-08-14 02:00:00+00:00,47.337,47.938,47.096,47.845,182377.97,85807.41
2025-08-14 03:00:00+00:00,47.845,48.746,47.698,48.545,311554.69,159906.92
2025-08-14 04:00:00+00:00,48.545,48.88,47.791,47.801,355420.57,171094.28
2025-08-14 05:00:00+00:00,47.8,48.142,47.521,47.636,206203.33,105280.76
2025-08-14 06:00:00+00:00,47.635,47.651,46.492,47.474,705043.4,355531.21
2025-08-14 07:00:00+00:00,47.47,47.596,46.636,46.852,342795.94,170120.12
2025-08-14 08:00:00+00:00,46.852,46.916,46.283,46.407,228897.37,97110.08
2025-08-14 09:00:00+00:00,46.409,47.218,46.0,47.182,343860.08,153856.98
2025-08-14 10:00:00+00:00,47.182,47.33,46.356,46.785,367255.65,155763.63
2025-08-14 11:00:00+00:00,46.785,47.27,46.703,47.158,203471.44,96945.25
2025-08-14 12:00:00+00:00,47.152,47.402,43.75,44.995,1963882.86,917224.89
2025-08-14 13:00:00+00:00,44.998,46.351,43.627,45.978,1831219.87,900419.02
2025-08-14 14:00:00+00:00,45.978,46.658,45.404,46.03,813230.19,378304.06
2025-08-14 15:00:00+00:00,46.026,46.127,44.511,44.713,820697.78,380905.24
2025-08-14 16:00:00+00:00,44.712,45.029,44.086,44.827,848807.12,422963.35
2025-08-14 17:00:00+00:00,44.832,45.586,44.449,45.315,537201.78,265163.05
2025-08-14 18:00:00+00:00,45.315,45.756,44.602,45.67,388994.12,178903.92
2025-08-14 19:00:00+00:00,45.676,46.49,45.586,45.676,399320.14,204759.73
2025-08-14 20:00:00+00:00,45.663,46.386,45.514,46.076,339204.45,167578.17
2025-08-14 21:00:00+00:00,46.076,46.076,44.146,44.805,1009643.66,457995.0
2025-08-14 22:00:00+00:00,44.805,45.241,44.653,45.038,442909.8,177373.26
2025-08-14 23:00:00+00:00,45.038,45.763,44.97,45.442,243806.48,123378.65
2025-08-15 00:00:00+00:00,45.441,46.466,45.309,45.879,494725.86,244447.75
2025-08-15 01:00:00+00:00,45.876,47.255,45.751,47.164,476634.53,239141.01
2025-08-15 02:00:00+00:00,47.163,48.764,46.842,48.634,831089.25,452256.53
2025-08-15 03:00:00+00:00,48.636,49.542,48.402,49.507,915885.88,452666.65
2025-08-15 04:00:00+00:00,49.507,49.564,48.45,48.635,744572.77,331488.05
2025-08-15 05:00:00+00:00,48.633,48.81,48.046,48.484,541957.31,246005.99
2025-08-15 06:00:00+00:00,48.484,48.906,48.301,48.519,378181.86,205028.21
2025-08-15 07:00:00+00:00,48.511,48.827,47.96,48.339,275747.51,120861.07
2025-08-15 08:00:00+00:00,48.339,49.15,48.264,48.998,362439.42,190028.45
2025-08-15 09:00:00+00:00,48.997,49.052,48.016,48.229,409398.99,166229.65
2025-08-15 10:00:00+00:00,48.235,48.7,48.162,48.342,267820.98,125573.06
2025-08-15 11:00:00+00:00,48.342,48.754,48.04,48.306,415032.82,172833.28
2025-08-15 12:00:00+00:00,48.307,48.59,47.766,48.468,821895.41,350423.0
2025-08-15 13:00:00+00:00,48.466,48.693,47.481,47.635,912113.86,379739.23
2025-08-15 14:00:00+00:00,47.631,48.153,46.238,46.561,1149077.85,507513.46
2025-08-15 15:00:00+00:00,46.562,46.969,45.598,46.302,1234744.7,590652.07
2025-08-15 16:00:00+00:00,46.303,47.113,45.907,46.81,763376.81,388720.13
2025-08-15 17:00:00+00:00,46.811,47.2,46.224,46.76,448504.06,231060.19
2025-08-15 18:00:00+00:00,46.762,46.906,45.919,46.11,462209.03,223329.88
2025-08-15 19:00:00+00:00,46.114,46.546,45.944,46.195,222607.86,112399.31
2025-08-15 20:00:00+00:00,46.195,47.264,45.997,47.02,341425.23,170437.96
2025-08-15 21:00:00+00:00,47.032,47.812,46.736,47.803,379975.83,202215.36
2025-08-15 22:00:00+00:00,47.791,48.474,47.612,48.438,425801.54,233362.26
2025-08-15 23:00:00+00:00,48.438,48.559,47.476,47.795,390088.69,170336.12
2025-08-16 00:00:00+00:00,47.795,48.278,47.627,47.796,341417.34,174451.95
2025-08-16 01:00:00+00:00,47.804,48.12,47.571,48.12,155378.62,80865.69
2025-08-16 02:00:00+00:00,48.12,48.222,47.865,47.878,141700.47,66296.02
2025-08-16 03:00:00+00:00,47.872,48.264,47.766,47.836,147819.82,63030.75
2025-08-16 04:00:00+00:00,47.836,48.017,47.603,47.771,111451.7,55181.04
2025-08-16 05:00:00+00:00,47.771,47.801,47.032,47.113,282042.18,93595.07
2025-08-16 06:00:00+00:00,47.12,47.286,46.95,46.963,182248.73,80604.31
2025-08-16 07:00:00+00:00,46.966,47.486,46.856,47.271,189484.35,111462.08
2025-08-16 08:00:00+00:00,47.271,47.532,47.063,47.209,149675.91,60779.91
2025-08-16 09:00:00+00:00,47.209,47.366,46.631,46.686,189978.81,95756.34
2025-08-16 10:00:00+00:00,46.682,46.86,46.492,46.61,380009.74,194338.38
2025-08-16 11:00:00+00:00,46.611,46.975,46.381,46.4,200057.64,101401.4
2025-08-16 12:00:00+00:00,46.4,46.9,46.139,46.888,204530.98,107547.19
2025-08-16 13:00:00+00:00,46.887,47.133,46.55,46.576,189100.13,89154.8
2025-08-16 14:00:00+00:00,46.576,46.94,46.433,46.897,166853.65,92370.63
2025-08-16 15:00:00+00:00,46.896,46.959,46.472,46.538,163491.47,76966.92
2025-08-16 16:00:00+00:00,46.539,46.82,46.507,46.802,107729.54,59725.49
2025-08-16 17:00:00+00:00,46.803,46.813,46.548,46.809,80609.02,37343.2
2025-08-16 18:00:00+00:00,46.809,46.809,46.403,46.797,130535.19,60883.39
2025-08-16 19:00:00+00:00,46.798,47.159,46.687,46.763,162944.91,75554.08
2025-08-16 20:00:00+00:00,46.764,46.991,46.635,46.898,110329.28,63227.81
2025-08-16 21:00:00+00:00,46.898,46.905,46.57,46.609,63285.43,29008.27
2025-08-16 22:00:00+00:00,46.605,46.885,46.546,46.71,78060.24,38530.82
2025-08-16 23:00:00+00:00,46.711,46.724,46.148,46.296,189320.01,88084.36
2025-08-17 00:00:00+00:00,46.296,46.454,45.845,45.932,285909.84,104080.17
2025-08-17 01:00:00+00:00,45.933,46.171,45.788,46.162,169697.09,89738.82
2025-08-17 02:00:00+00:00,46.161,46.547,45.941,46.514,171516.69,80621.21
2025-08-17 03:00:00+00:00,46.515,46.729,46.319,46.62,170723.28,80805.22
2025-08-17 04:00:00+00:00,46.62,47.121,46.584,47.094,172454.78,94638.82
2025-08-17 05:00:00+00:00,47.089,47.24,46.92,47.0,158426.94,85534.65
2025-08-17 06:00:00+00:00,47.002,47.214,46.707,46.714,130980.91,57424.61
2025-08-17 07:00:00+00:00,46.717,47.307,46.68,47.302,130468.16,69815.44
2025-08-17 08:00:00+00:00,47.302,47.771,47.217,47.692,189835.32,92085.46
2025-08-17 09:00:00+00:00,47.69,47.786,47.4,47.756,146622.35,71138.92
2025-08-17 10:00:00+00:00,47.754,47.754,47.252,47.531,151383.42,63583.77
2025-08-17 11:00:00+00:00,47.53,47.632,47.151,47.626,213276.56,110089.04
2025-08-17 12:00:00+00:00,47.624,47.696,47.027,47.1,172199.7,74729.44
2025-08-17 13:00:00+00:00,47.1,47.216,46.752,46.963,319422.25,142103.66
2025-08-17 14:00:00+00:00,46.967,47.084,46.752,46.972,174695.61,80054.86
2025-08-17 15:00:00+00:00,46.968,47.164,46.764,47.105,176807.88,89264.37
2025-08-17 16:00:00+00:00,47.106,47.207,46.46,46.629,331342.15,149938.44
2025-08-17 17:00:00+00:00,46.631,46.785,46.443,46.673,117664.41,62806.5
2025-08-17 18:00:00+00:00,46.674,46.788,46.336,46.596,108862.71,53990.75
2025-08-17 19:00:00+00:00,46.6,46.739,46.077,46.131,182166.42,74151.2
2025-08-17 20:00:00+00:00,46.131,46.392,46.052,46.153,128363.83,64824.82
2025-08-17 21:00:00+00:00,46.154,46.521,46.117,46.379,82386.24,42096.0
2025-08-17 22:00:00+00:00,46.379,46.816,46.329,46.639,126901.38,66403.12
2025-08-17 23:00:00+00:00,46.638,46.676,46.004,46.04,168830.32,83818.99
2025-08-18 00:00:00+00:00,46.041,46.172,45.667,45.83,259951.91,125987.87
2025-08-18 01:00:00+00:00,45.828,45.884,45.063,45.173,431986.92,177923.25
2025-08-18 02:00:00+00:00,45.17,45.213,44.328,44.465,664211.79,306657.48
2025-08-18 03:00:00+00:00,44.464,44.802,43.892,44.153,600188.68,268171.48
2025-08-18 04:00:00+00:00,44.15,44.383,43.815,44.159,372106.35,215774.37
2025-08-18 05:00:00+00:00,44.159,44.265,43.4,43.843,445617.86,214003.37
2025-08-18 06:00:00+00:00,43.844,43.855,43.0,43.514,663163.08,282712.01
2025-08-18 07:00:00+00:00,43.513,43.797,43.415,43.571,466528.76,252057.11
2025-08-18 08:00:00+00:00,43.571,44.025,43.512,43.56,363110.35,189131.31
2025-08-18 09:00:00+00:00,43.56,43.575,43.111,43.216,578185.92,244011.97
2025-08-18 10:00:00+00:00,43.217,43.498,43.025,43.326,260789.81,126881.46
2025-08-18 11:00:00+00:00,43.331,43.339,43.0,43.102,208970.73,76853.01
2025-08-18 12:00:00+00:00,43.102,43.785,42.94,43.772,318326.56,169655.03
2025-08-18 13:00:00+00:00,43.775,43.864,43.125,43.14,415104.48,210952.47
2025-08-18 14:00:00+00:00,43.143,43.827,43.11,43.816,281627.3,142197.58
2025-08-18 15:00:00+00:00,43.815,44.217,43.496,44.203,317851.49,153494.68
2025-08-18 16:00:00+00:00,44.203,44.516,43.81,44.055,412189.77,200582.76
2025-08-18 17:00:00+00:00,44.055,44.757,44.026,44.173,306038.09,148837.48
2025-08-18 18:00:00+00:00,44.172,44.395,43.807,44.099,202288.73,100285.26
2025-08-18 19:00:00+00:00,44.099,44.176,43.535,43.58,259648.94,119412.63
2025-08-18 20:00:00+00:00,43.579,43.799,43.361,43.592,129054.62,57615.12
2025-08-18 21:00:00+00:00,43.591,43.939,43.45,43.807,140287.74,71537.68
2025-08-18 22:00:00+00:00,43.811,44.302,43.798,43.845,269324.16,143079.79
2025-08-18 23:00:00+00:00,43.849,44.006,43.022,43.321,335827.78,148622.74
2025-08-19 00:00:00+00:00,43.321,43.466,42.604,43.32,568481.22,256138.55
2025-08-19 01:00:00+00:00,43.316,43.547,42.554,42.642,305083.17,138637.29
2025-08-19 02:00:00+00:00,42.643,42.885,42.435,42.467,170476.23,72125.11
2025-08-19 03:00:00+00:00,42.468,42.503,41.774,42.09,631395.37,257035.05
2025-08-19 04:00:00+00:00,42.086,42.285,41.592,42.259,447458.24,233523.09
2025-08-19 05:00:00+00:00,42.259,42.378,42.105,42.135,154333.14,79863.01
2025-08-19 06:00:00+00:00,42.135,42.299,41.99,42.144,123227.51,61644.82
2025-08-19 07:00:00+00:00,42.145,42.179,41.703,42.05,175647.74,79102.0
2025-08-19 08:00:00+00:00,42.049,42.393,41.843,42.293,349970.14,187846.81
2025-08-19 09:00:00+00:00,42.295,42.797,42.273,42.603,331582.46,175461.21
2025-08-19 10:00:00+00:00,42.604,43.341,42.553,43.24,310409.46,163606.32
2025-08-19 11:00:00+00:00,43.24,43.392,42.966,43.32,267616.69,137739.74
2025-08-19 12:00:00+00:00,43.32,43.804,43.17,43.802,293763.01,144165.7
2025-08-19 13:00:00+00:00,43.801,44.178,43.202,43.487,737537.7,328212.21
2025-08-19 14:00:00+00:00,43.486,43.689,42.282,42.552,749689.52,296142.96
2025-08-19 15:00:00+00:00,42.555,42.918,42.278,42.449,616727.66,330652.08
2025-08-19 16:00:00+00:00,42.45,42.654,41.715,41.916,513618.0,242718.85
2025-08-19 17:00:00+00:00,41.915,42.898,41.804,42.887,405953.59,219664.98
2025-08-19 18:00:00+00:00,42.882,43.408,42.804,42.944,563105.49,242025.37
2025-08-19 19:00:00+00:00,42.943,43.833,42.533,42.981,542424.25,261782.18
2025-08-19 20:00:00+00:00,42.987,43.205,42.552,43.084,414011.79,182698.37
2025-08-19 21:00:00+00:00,43.091,43.117,42.536,42.542,114894.36,49974.6
2025-08-19 22:00:00+00:00,42.543,42.648,41.838,41.848,309235.38,133457.94
2025-08-19 23:00:00+00:00,41.848,41.876,40.939,41.303,765081.43,338831.41
2025-08-20 00:00:00+00:00,41.304,41.85,41.245,41.826,362596.38,167938.34
2025-08-20 01:00:00+00:00,41.826,41.983,41.276,41.705,274802.38,119592.13
2025-08-20 02:00:00+00:00,41.705,41.873,41.564,41.732,152845.26,75359.74
2025-08-20 03:00:00+00:00,41.729,42.22,41.508,41.513,365836.46,152745.96
2025-08-20 04:00:00+00:00,41.517,42.155,41.511,41.852,302636.52,145732.43
2025-08-20 05:00:00+00:00,41.852,41.861,41.506,41.853,108699.5,50803.21
2025-08-20 06:00:00+00:00,41.859,41.999,41.685,41.82,208309.9,105777.79
2025-08-20 07:00:00+00:00,41.816,42.148,41.494,41.51,181796.43,85497.63
2025-08-20 08:00:00+00:00,41.51,42.314,41.487,42.268,329178.32,182183.75
2025-08-20 09:00:00+00:00,42.267,42.37,41.966,42.019,220236.29,102233.63
2025-08-20 10:00:00+00:00,42.019,42.25,41.909,41.976,172175.75,80962.49
2025-08-20 11:00:00+00:00,41.976,42.06,41.213,41.712,255902.03,111472.94
2025-08-20 12:00:00+00:00,41.71,42.169,41.554,42.112,287702.51,134066.82
2025-08-20 13:00:00+00:00,42.113,42.114,41.028,41.038,578733.94,277441.59
2025-08-20 14:00:00+00:00,41.037,42.022,40.596,41.646,907574.83,452498.84
2025-08-20 15:00:00+00:00,41.647,42.858,41.559,41.974,930580.44,406047.03
2025-08-20 16:00:00+00:00,41.974,42.517,41.769,41.847,345033.1,165222.3
2025-08-20 17:00:00+00:00,41.847,42.757,41.773,42.714,291640.84,150664.53
2025-08-20 18:00:00+00:00,42.716,42.737,41.846,41.908,408312.68,196440.99
2025-08-20 19:00:00+00:00,41.908,43.262,41.878,43.232,443793.7,217468.42
2025-08-20 20:00:00+00:00,43.231,43.246,42.575,43.038,491254.87,224510.76
2025-08-20 21:00:00+00:00,43.038,43.201,42.649,43.051,167952.48,83846.48
2025-08-20 22:00:00+00:00,43.051,43.275,42.771,43.218,160723.99,88289.69
2025-08-20 23:00:00+00:00,43.218,43.239,42.813,42.999,135301.77,65735.19
2025-08-21 00:00:00+00:00,42.999,43.121,42.625,43.051,193026.41,86458.47
2025-08-21 01:00:00+00:00,43.052,43.228,42.629,43.214,208435.29,95238.73
2025-08-21 02:00:00+00:00,43.214,43.451,42.308,42.644,404233.22,205546.46
2025-08-21 03:00:00+00:00,42.64,43.046,42.282,42.296,291541.99,136484.95
2025-08-21 04:00:00+00:00,42.297,42.357,42.087,42.222,217288.36,110143.28
2025-08-21 05:00:00+00:00,42.222,42.646,42.059,42.623,156513.4,78979.45
2025-08-21 06:00:00+00:00,42.627,42.631,42.04,42.185,152271.09,73887.99
2025-08-21 07:00:00+00:00,42.182,42.21,41.627,41.916,341510.87,156666.27
2025-08-21 08:00:00+00:00,41.917,41.996,41.433,41.439,317790.16,158556.64
2025-08-21 09:00:00+00:00,41.44,41.68,41.267,41.483,278564.32,147705.2
2025-08-21 10:00:00+00:00,41.484,41.677,41.177,41.285,218547.03,111899.3
2025-08-21 11:00:00+00:00,41.285,41.405,40.958,41.062,339299.54,145037.21
2025-08-21 12:00:00+00:00,41.062,41.202,40.817,41.122,292216.47,150226.37
2025-08-21 13:00:00+00:00,41.121,41.769,41.038,41.436,415368.4,195888.29
2025-08-21 14:00:00+00:00,41.436,42.285,41.308,41.628,502612.41,247368.54
2025-08-21 15:00:00+00:00,41.628,41.687,41.01,41.069,292072.96,158206.95
2025-08-21 16:00:00+00:00,41.07,41.332,40.7,40.766,262075.32,111681.51
2025-08-21 17:00:00+00:00,40.768,41.522,40.608,41.516,380117.61,164845.3
2025-08-21 18:00:00+00:00,41.516,41.533,41.015,41.215,193618.57,100866.77
2025-08-21 19:00:00+00:00,41.215,41.304,40.653,40.912,195836.37,103246.62
2025-08-21 20:00:00+00:00,40.91,41.301,40.723,41.101,154897.96,77698.59
2025-08-21 21:00:00+00:00,41.101,41.198,40.881,41.063,124562.27,54957.61
2025-08-21 22:00:00+00:00,41.063,41.336,40.912,41.013,112985.31,50540.83
2025-08-21 23:00:00+00:00,41.016,41.033,40.415,40.454,205147.23,87511.6
2025-08-22 00:00:00+00:00,40.452,40.886,40.451,40.7,158310.86,61537.34
2025-08-22 01:00:00+00:00,40.699,41.666,40.653,41.395,557449.11,285922.94
2025-08-22 02:00:00+00:00,41.394,41.643,41.285,41.42,164795.39,76146.97
2025-08-22 03:00:00+00:00,41.42,41.544,41.05,41.18,139483.25,74191.22
2025-08-22 04:00:00+00:00,41.179,41.603,41.179,41.456,187744.16,101556.58
2025-08-22 05:00:00+00:00,41.458,42.076,41.458,41.843,254391.65,141751.63
2025-08-22 06:00:00+00:00,41.842,42.097,41.7,41.796,114412.13,51002.88
2025-08-22 07:00:00+00:00,41.796,42.18,41.74,42.133,150814.23,76132.24
2025-08-22 08:00:00+00:00,42.133,42.263,41.907,41.941,178362.02,85867.97
2025-08-22 09:00:00+00:00,41.943,42.226,41.751,42.193,155614.99,78723.59
2025-08-22 10:00:00+00:00,42.194,42.224,41.715,42.078,214598.86,92304.45
2025-08-22 11:00:00+00:00,42.078,42.145,41.684,41.737,224100.17,107277.29
2025-08-22 12:00:00+00:00,41.739,41.831,40.958,41.382,469384.75,216426.75
2025-08-22 13:00:00+00:00,41.386,41.814,41.073,41.574,360187.85,174106.75
2025-08-22 14:00:00+00:00,41.571,44.057,41.564,43.658,2019622.94,1039395.34
2025-08-22 15:00:00+00:00,43.657,44.175,43.645,43.664,653451.17,318045.76
2025-08-22 16:00:00+00:00,43.667,44.412,43.663,43.99,561909.42,289877.87
2025-08-22 17:00:00+00:00,43.987,44.928,43.953,44.447,508239.61,234852.4
2025-08-22 18:00:00+00:00,44.446,44.724,44.315,44.482,309781.41,159173.81
2025-08-22 19:00:00+00:00,44.481,44.649,44.196,44.296,276248.77,136288.52
2025-08-22 20:00:00+00:00,44.3,44.856,44.248,44.606,259971.78,131840.12
2025-08-22 21:00:00+00:00,44.607,44.862,44.425,44.757,229043.43,108344.72
2025-08-22 22:00:00+00:00,44.759,45.0,44.657,44.883,241839.07,119697.06
2025-08-22 23:00:00+00:00,44.882,45.532,44.879,45.335,262933.44,129175.52
2025-08-23 00:00:00+00:00,45.335,45.355,44.863,44.942,181457.7,81330.32
2025-08-23 01:00:00+00:00,44.942,45.057,44.305,44.548,211909.06,97274.78
2025-08-23 02:00:00+00:00,44.549,44.583,43.756,44.25,430404.57,211285.52
2025-08-23 03:00:00+00:00,44.25,44.33,43.457,43.538,326526.51,112257.31
2025-08-23 04:00:00+00:00,43.538,44.289,43.535,44.201,193837.54,99182.01
2025-08-23 05:00:00+00:00,44.202,44.672,43.93,44.586,250166.93,118355.83
2025-08-23 06:00:00+00:00,44.587,44.718,43.716,43.764,287678.56,112160.1
2025-08-23 07:00:00+00:00,43.765,43.777,43.485,43.718,241854.47,119407.24
2025-08-23 08:00:00+00:00,43.717,43.804,43.296,43.543,201517.79,100964.65
2025-08-23 09:00:00+00:00,43.543,43.923,43.375,43.914,215379.26,113760.25
2025-08-23 10:00:00+00:00,43.913,44.138,43.461,43.528,226736.0,100169.76
2025-08-23 11:00:00+00:00,43.529,43.986,43.502,43.686,144805.96,69183.41
2025-08-23 12:00:00+00:00,43.688,43.975,43.531,43.727,199357.33,107010.99
2025-08-23 13:00:00+00:00,43.727,43.905,43.569,43.71,139282.06,59435.01
2025-08-23 14:00:00+00:00,43.707,44.206,43.65,43.755,199938.6,87985.41
2025-08-23 15:00:00+00:00,43.755,44.018,43.714,43.877,143244.83,61231.91
2025-08-23 16:00:00+00:00,43.876,44.162,43.864,44.062,109661.01,58006.72
2025-08-23 17:00:00+00:00,44.061,44.575,44.053,44.348,232461.07,126531.97
2025-08-23 18:00:00+00:00,44.348,44.665,44.178,44.577,156390.49,74334.93
2025-08-23 19:00:00+00:00,44.577,44.836,44.513,44.631,103936.96,58507.77
2025-08-23 20:00:00+00:00,44.631,44.885,44.548,44.844,84094.73,39483.84
2025-08-23 21:00:00+00:00,44.843,44.96,44.66,44.694,77161.87,36884.99
2025-08-23 22:00:00+00:00,44.694,44.788,44.4,44.665,133988.27,61183.52
2025-08-23 23:00:00+00:00,44.67,44.923,44.603,44.91,123382.78,65772.58
2025-08-24 00:00:00+00:00,44.91,45.077,44.73,44.855,111670.15,51390.28
2025-08-24 01:00:00+00:00,44.855,44.975,44.364,44.671,185835.18,73806.86
2025-08-24 02:00:00+00:00,44.675,44.741,44.241,44.26,131045.19,55298.35
2025-08-24 03:00:00+00:00,44.261,44.296,43.977,44.206,154534.63,71145.78
2025-08-24 04:00:00+00:00,44.206,44.446,44.092,44.267,126341.4,74706.11
2025-08-24 05:00:00+00:00,44.267,44.267,43.965,44.001,81804.6,29373.29
2025-08-24 06:00:00+00:00,44.003,44.022,43.706,43.8,135704.76,60484.71
2025-08-24 07:00:00+00:00,43.799,44.162,43.782,44.041,128895.63,63976.13
2025-08-24 08:00:00+00:00,44.041,44.237,43.915,44.106,113403.99,50192.46
2025-08-24 09:00:00+00:00,44.105,44.274,43.972,44.112,85826.08,27721.88
2025-08-24 10:00:00+00:00,44.112,44.177,43.45,43.54,255400.43,141689.65
2025-08-24 11:00:00+00:00,43.54,43.744,43.42,43.672,148932.18,71859.78
2025-08-24 12:00:00+00:00,43.672,43.862,43.501,43.739,110833.45,49504.39
2025-08-24 13:00:00+00:00,43.735,44.044,43.711,44.013,125357.7,53123.49
2025-08-24 14:00:00+00:00,44.014,44.469,43.773,44.36,272558.8,117767.02
2025-08-24 15:00:00+00:00,44.36,44.625,44.077,44.127,183666.03,80925.41
2025-08-24 16:00:00+00:00,44.126,44.729,44.098,44.643,238696.2,127897.07
2025-08-24 17:00:00+00:00,44.644,45.683,44.501,45.62,460977.54,232570.45
2025-08-24 18:00:00+00:00,45.621,46.712,45.397,46.528,444335.1,232468.11
2025-08-24 19:00:00+00:00,46.527,47.0,44.881,45.519,1582235.46,754974.57
2025-08-24 20:00:00+00:00,45.518,45.8,44.59,45.243,894039.63,469650.38
2025-08-24 21:00:00+00:00,45.251,46.351,45.04,45.826,416082.62,206129.33
2025-08-24 22:00:00+00:00,45.826,46.295,45.235,46.295,331534.14,155988.4
2025-08-24 23:00:00+00:00,46.296,46.572,45.811,46.061,305729.43,139189.95
2025-08-25 00:00:00+00:00,46.061,46.403,45.148,45.589,414408.34,188321.04
2025-08-25 01:00:00+00:00,45.589,46.278,45.5,46.203,237166.39,120280.59
2025-08-25 02:00:00+00:00,46.204,47.406,46.176,47.033,549341.9,291206.74
2025-08-25 03:00:00+00:00,47.028,47.144,46.387,46.466,290740.41,120245.17
2025-08-25 04:00:00+00:00,46.466,46.498,45.801,46.327,281070.4,132841.59
2025-08-25 05:00:00+00:00,46.328,46.41,45.598,45.785,245103.1,125735.97
2025-08-25 06:00:00+00:00,45.786,45.917,44.792,44.94,658597.22,293583.92
2025-08-25 07:00:00+00:00,44.936,45.148,44.052,44.287,696954.72,318748.17
2025-08-25 08:00:00+00:00,44.287,45.342,43.902,45.15,654524.14,334695.85
2025-08-25 09:00:00+00:00,45.156,45.835,44.784,45.829,420498.1,202214.88
2025-08-25 10:00:00+00:00,45.828,46.052,44.614,45.053,1036383.54,490193.98
2025-08-25 11:00:00+00:00,45.052,45.683,44.845,45.658,415427.93,192997.94
2025-08-25 12:00:00+00:00,45.657,46.059,45.391,45.805,435858.18,212502.93
2025-08-25 13:00:00+00:00,45.804,46.0,45.107,45.523,593774.19,260479.94
2025-08-25 14:00:00+00:00,45.536,46.718,45.333,46.301,677339.88,312116.23
2025-08-25 15:00:00+00:00,46.301,46.441,45.5,45.832,411452.14,175477.02
2025-08-25 16:00:00+00:00,45.823,46.825,45.572,45.856,531833.38,250682.72
2025-08-25 17:00:00+00:00,45.852,45.97,45.25,45.514,517143.53,272793.61
2025-08-25 18:00:00+00:00,45.515,45.678,45.107,45.134,177595.7,92948.51
2025-08-25 19:00:00+00:00,45.135,45.14,43.812,44.003,738934.8,330889.65
2025-08-25 20:00:00+00:00,44.006,44.324,43.23,43.271,894876.04,429123.37
2025-08-25 21:00:00+00:00,43.272,43.343,42.542,42.842,923312.59,442141.17
2025-08-25 22:00:00+00:00,42.843,43.618,42.694,43.135,361800.89,168567.96
2025-08-25 23:00:00+00:00,43.139,43.357,42.88,42.976,267533.99,120924.82
2025-08-26 00:00:00+00:00,42.979,43.138,42.357,42.636,453879.16,205893.59
2025-08-26 01:00:00+00:00,42.636,44.142,42.456,44.101,644324.09,320599.9
2025-08-26 02:00:00+00:00,44.101,44.295,43.611,43.965,388029.66,169556.92
2025-08-26 03:00:00+00:00,43.965,44.36,43.902,44.098,282247.06,145301.39
2025-08-26 04:00:00+00:00,44.1,45.478,44.096,45.357,534312.96,249814.41
2025-08-26 05:00:00+00:00,45.357,45.612,45.106,45.114,269412.23,132894.57
2025-08-26 06:00:00+00:00,45.117,45.369,44.77,44.931,218440.1,111323.19
2025-08-26 07:00:00+00:00,44.926,45.576,44.783,45.523,290390.0,141115.03
2025-08-26 08:00:00+00:00,45.52,45.868,45.108,45.368,265588.74,137214.33
2025-08-26 09:00:00+00:00,45.368,45.519,45.017,45.24,114797.06,59005.97
2025-08-26 10:00:00+00:00,45.24,45.695,45.189,45.409,296575.44,149761.53
2025-08-26 11:00:00+00:00,45.409,45.544,44.881,45.25,284571.63,164167.34
2025-08-26 12:00:00+00:00,45.25,46.31,44.655,45.866,732256.93,362442.0
2025-08-26 13:00:00+00:00,45.867,45.875,45.12,45.555,496813.15,258032.7
2025-08-26 14:00:00+00:00,45.558,46.721,45.102,46.653,514539.71,249306.95
2025-08-26 15:00:00+00:00,46.651,47.043,46.3,46.55,595505.76,298555.49
2025-08-26 16:00:00+00:00,46.55,47.628,46.541,47.569,580455.74,347489.01
2025-08-26 17:00:00+00:00,47.568,47.784,47.12,47.654,534510.88,252892.54
2025-08-26 18:00:00+00:00,47.655,47.946,47.133,47.927,357537.92,164854.6
2025-08-26 19:00:00+00:00,47.927,48.681,47.738,48.491,480191.82,282006.5
2025-08-26 20:00:00+00:00,48.49,49.047,48.254,48.945,465712.29,269649.1
2025-08-26 21:00:00+00:00,48.944,49.782,48.71,49.407,929265.89,529902.03
2025-08-26 22:00:00+00:00,49.407,49.606,48.244,48.86,1489444.79,695560.57
2025-08-26 23:00:00+00:00,48.861,49.244,48.496,48.794,520350.93,265796.85
2025-08-27 00:00:00+00:00,48.796,49.01,48.395,48.471,403100.96,185736.34
2025-08-27 01:00:00+00:00,48.471,49.259,48.15,49.247,617716.25,349888.7
2025-08-27 02:00:00+00:00,49.243,50.27,48.675,49.621,787116.17,433513.34
2025-08-27 03:00:00+00:00,49.623,51.222,49.252,50.997,1319827.65,722180.14
2025-08-27 04:00:00+00:00,50.996,51.254,50.446,50.94,721415.7,338762.47
2025-08-27 05:00:00+00:00,50.945,51.219,50.518,50.76,454195.74,199989.83
2025-08-27 06:00:00+00:00,50.763,50.811,50.067,50.31,583402.78,229951.03
2025-08-27 07:00:00+00:00,50.312,50.469,49.679,49.976,535165.0,232944.26
2025-08-27 08:00:00+00:00,49.977,50.275,48.224,48.95,1272320.05,557615.03
2025-08-27 09:00:00+00:00,48.949,49.104,48.577,49.072,698377.42,365094.86
2025-08-27 10:00:00+00:00,49.072,49.261,48.692,48.795,349643.18,156976.95
2025-08-27 11:00:00+00:00,48.795,49.766,48.79,49.748,326502.52,176096.63
2025-08-27 12:00:00+00:00,49.743,50.07,49.356,49.56,593248.0,264031.24
2025-08-27 13:00:00+00:00,49.559,49.949,49.15,49.759,430811.73,204261.38
2025-08-27 14:00:00+00:00,49.76,50.774,49.616,50.11,669711.42,335825.94
2025-08-27 15:00:00+00:00,50.107,50.649,50.033,50.588,484413.98,257096.57
2025-08-27 16:00:00+00:00,50.588,50.674,49.666,49.686,507370.45,241217.22
2025-08-27 17:00:00+00:00,49.686,50.386,49.64,50.206,346829.88,188518.24
2025-08-27 18:00:00+00:00,50.205,50.565,49.807,50.046,343812.1,166693.56
2025-08-27 19:00:00+00:00,50.053,50.27,48.682,48.778,1095648.68,514811.46
2025-08-27 20:00:00+00:00,48.777,49.469,48.328,49.26,1054931.08,495998.74
2025-08-27 21:00:00+00:00,49.262,49.266,47.821,47.974,486029.29,191172.78
2025-08-27 22:00:00+00:00,47.98,48.155,47.409,47.583,535557.79,247055.97
2025-08-27 23:00:00+00:00,47.582,47.746,46.855,47.04,433994.09,187485.05
2025-08-28 00:00:00+00:00,47.039,47.292,46.71,47.286,537874.27,266480.35
2025-08-28 01:00:00+00:00,47.286,48.264,47.135,48.152,696193.95,382375.52
2025-08-28 02:00:00+00:00,48.155,48.319,47.651,47.943,321773.1,154207.75
2025-08-28 03:00:00+00:00,47.941,48.538,47.672,48.531,315367.76,163990.14
2025-08-28 04:00:00+00:00,48.531,48.745,48.28,48.323,410209.23,217758.76
2025-08-28 05:00:00+00:00,48.32,48.425,47.888,48.247,321620.69,142546.83
2025-08-28 06:00:00+00:00,48.246,48.749,47.972,48.73,198674.87,109222.37
2025-08-28 07:00:00+00:00,48.727,49.009,48.38,48.811,333610.71,138055.33
2025-08-28 08:00:00+00:00,48.811,49.05,48.286,48.469,407721.89,188840.13
2025-08-28 09:00:00+00:00,48.464,48.497,47.812,48.035,351561.99,157708.17
2025-08-28 10:00:00+00:00,48.035,48.371,47.947,48.365,153428.28,87083.5
2025-08-28 11:00:00+00:00,48.366,48.366,48.008,48.011,152031.07,65648.19
2025-08-28 12:00:00+00:00,48.012,48.55,47.936,48.532,319378.62,154338.59
2025-08-28 13:00:00+00:00,48.533,48.882,47.5,48.24,520044.42,218462.96
2025-08-28 14:00:00+00:00,48.246,48.614,47.995,48.511,294126.12,132381.82
2025-08-28 15:00:00+00:00,48.514,48.62,47.828,47.992,297702.67,128352.51
2025-08-28 16:00:00+00:00,47.996,48.161,47.203,47.229,479651.93,219780.9
2025-08-28 17:00:00+00:00,47.229,47.278,46.069,46.763,1695889.61,777968.09
2025-08-28 18:00:00+00:00,46.762,47.35,46.572,46.83,525788.69,237845.77
2025-08-28 19:00:00+00:00,46.829,47.25,45.837,46.074,809615.26,341872.19
2025-08-28 20:00:00+00:00,46.075,46.577,45.916,45.921,411616.96,215936.85
2025-08-28 21:00:00+00:00,45.921,46.105,45.685,46.08,291851.64,146957.94
2025-08-28 22:00:00+00:00,46.078,46.327,45.794,45.928,274956.89,133823.01
2025-08-28 23:00:00+00:00,45.925,46.093,45.562,45.608,285996.67,130023.54
2025-08-29 00:00:00+00:00,45.609,45.996,45.324,45.914,439376.92,210214.03
2025-08-29 01:00:00+00:00,45.925,46.146,45.713,45.767,349721.22,190439.55
2025-08-29 02:00:00+00:00,45.767,46.09,45.567,45.567,288513.23,128766.6
2025-08-29 03:00:00+00:00,45.568,45.947,45.324,45.696,242240.02,127537.41
2025-08-29 04:00:00+00:00,45.689,46.048,45.559,45.781,149015.55,74752.18
2025-08-29 05:00:00+00:00,45.783,45.824,45.461,45.472,183210.34,95299.41
2025-08-29 06:00:00+00:00,45.473,45.479,44.888,45.349,521744.6,199403.88
2025-08-29 07:00:00+00:00,45.349,45.35,44.286,44.431,941744.99,424388.48
2025-08-29 08:00:00+00:00,44.431,44.94,44.002,44.079,666846.22,319851.83
2025-08-29 09:00:00+00:00,44.078,44.406,43.744,44.245,520936.88,273289.11
2025-08-29 10:00:00+00:00,44.241,44.711,44.191,44.357,338732.94,200949.27
2025-08-29 11:00:00+00:00,44.357,44.417,44.165,44.417,253583.64,158729.07
2025-08-29 12:00:00+00:00,44.417,45.412,44.411,45.319,716690.96,380678.69
2025-08-29 13:00:00+00:00,45.318,45.435,44.278,44.52,789831.77,341336.64
2025-08-29 14:00:00+00:00,44.521,44.998,43.913,44.203,711890.98,347458.46
2025-08-29 15:00:00+00:00,44.207,45.118,44.16,44.835,559269.93,275195.01
2025-08-29 16:00:00+00:00,44.84,45.042,44.589,44.652,390893.88,151076.22
2025-08-29 17:00:00+00:00,44.652,44.8,44.187,44.728,300781.32,140513.83
2025-08-29 18:00:00+00:00,44.728,44.734,43.656,43.684,385312.23,150399.18
2025-08-29 19:00:00+00:00,43.683,44.338,43.498,43.679,483745.54,232101.61
2025-08-29 20:00:00+00:00,43.679,44.274,43.318,44.196,552579.98,288403.29
2025-08-29 21:00:00+00:00,44.2,44.803,43.948,44.324,506479.86,249404.97
2025-08-29 22:00:00+00:00,44.324,44.593,44.121,44.461,187757.33,103762.47
2025-08-29 23:00:00+00:00,44.46,44.651,44.285,44.432,166114.05,84060.82
2025-08-30 00:00:00+00:00,44.434,44.535,44.015,44.154,181336.66,77338.2
2025-08-30 01:00:00+00:00,44.155,44.199,43.701,43.772,239964.89,112777.78
2025-08-30 02:00:00+00:00,43.771,44.313,43.709,44.118,154138.64,79647.89
2025-08-30 03:00:00+00:00,44.119,44.65,44.118,44.591,182948.06,104511.48
2025-08-30 04:00:00+00:00,44.592,44.785,44.376,44.53,195889.01,96812.12
2025-08-30 05:00:00+00:00,44.53,44.921,44.189,44.2,226475.34,99035.42
2025-08-30 06:00:00+00:00,44.201,44.327,43.96,43.976,182978.34,95569.03
2025-08-30 07:00:00+00:00,43.976,44.356,43.942,44.342,157461.42,87142.76
2025-08-30 08:00:00+00:00,44.341,44.344,43.634,43.684,225899.57,90991.83
2025-08-30 09:00:00+00:00,43.687,43.765,43.381,43.559,205948.62,85679.12
2025-08-30 10:00:00+00:00,43.56,43.779,43.289,43.455,266711.89,126311.23
2025-08-30 11:00:00+00:00,43.456,43.619,43.363,43.52,111323.6,57775.38
2025-08-30 12:00:00+00:00,43.519,43.668,43.266,43.634,160604.22,70890.48
2025-08-30 13:00:00+00:00,43.634,43.821,43.389,43.713,223664.75,96005.37
2025-08-30 14:00:00+00:00,43.713,43.798,43.524,43.688,149724.09,73769.36
2025-08-30 15:00:00+00:00,43.688,44.195,43.562,44.173,223561.65,119561.0
2025-08-30 16:00:00+00:00,44.169,44.179,43.864,44.056,182297.41,78012.18
2025-08-30 17:00:00+00:00,44.058,44.223,43.83,44.118,140254.52,64589.76
2025-08-30 18:00:00+00:00,44.117,44.318,44.058,44.277,89822.15,43831.34
2025-08-30 19:00:00+00:00,44.277,44.289,43.869,43.945,107556.88,49677.03
2025-08-30 20:00:00+00:00,43.945,44.042,43.838,43.992,68185.03,41270.25
2025-08-30 21:00:00+00:00,43.992,44.077,43.827,43.915,38177.77,17515.3
2025-08-30 22:00:00+00:00,43.914,43.995,43.762,43.955,48490.91,22460.82
2025-08-30 23:00:00+00:00,43.956,44.207,43.949,44.066,79864.64,46704.96
2025-08-31 00:00:00+00:00,44.066,44.867,44.034,44.763,228126.87,137454.68
2025-08-31 01:00:00+00:00,44.761,44.823,44.443,44.71,135350.02,68108.91
2025-08-31 02:00:00+00:00,44.71,44.729,44.47,44.646,90659.76,40967.6
2025-08-31 03:00:00+00:00,44.649,44.957,44.614,44.941,93871.51,54887.57
2025-08-31 04:00:00+00:00,44.941,44.95,44.594,44.837,115524.26,41169.79
2025-08-31 05:00:00+00:00,44.838,44.94,44.686,44.94,75271.02,35441.56
2025-08-31 06:00:00+00:00,44.94,45.002,44.704,44.781,114006.12,60619.57
2025-08-31 07:00:00+00:00,44.78,45.089,44.492,44.514,142589.16,77463.48
2025-08-31 08:00:00+00:00,44.514,44.867,44.455,44.858,93034.8,54626.29
2025-08-31 09:00:00+00:00,44.858,44.858,44.31,44.359,171668.38,78188.64
2025-08-31 10:00:00+00:00,44.358,44.46,44.2,44.395,142194.91,61552.88
2025-08-31 11:00:00+00:00,44.395,44.456,44.241,44.447,66324.24,35747.08
2025-08-31 12:00:00+00:00,44.445,44.526,44.256,44.499,92335.36,43029.95
2025-08-31 13:00:00+00:00,44.497,44.633,44.221,44.286,153822.79,76424.17
2025-08-31 14:00:00+00:00,44.292,44.464,44.117,44.283,123669.88,76093.81
2025-08-31 15:00:00+00:00,44.283,44.523,44.167,44.488,158972.57,85388.79
2025-08-31 16:00:00+00:00,44.488,45.081,44.408,45.072,278572.38,138874.86
2025-08-31 17:00:00+00:00,45.072,45.367,44.9,45.16,296660.6,158391.45
2025-08-31 18:00:00+00:00,45.161,45.346,45.048,45.06,88212.37,45216.91
2025-08-31 19:00:00+00:00,45.058,45.076,44.693,44.804,168599.61,83498.94
2025-08-31 20:00:00+00:00,44.808,44.97,44.717,44.864,42126.07,21481.34
2025-08-31 21:00:00+00:00,44.86,45.043,44.678,45.003,44059.17,27202.28
2025-08-31 22:00:00+00:00,45.003,45.187,44.728,44.827,81167.95,35910.28
2025-08-31 23:00:00+00:00,44.826,44.826,44.24,44.28,230708.19,88584.27
2025-09-01 00:00:00+00:00,44.284,44.724,43.838,44.526,500395.83,248685.09
2025-09-01 01:00:00+00:00,44.53,45.017,44.373,44.808,190411.5,93837.15
2025-09-01 02:00:00+00:00,44.807,44.811,44.18,44.391,272727.73,109849.19
2025-09-01 03:00:00+00:00,44.387,44.573,44.013,44.419,212338.09,91755.83
2025-09-01 04:00:00+00:00,44.408,44.539,43.966,44.136,155469.61,67733.36
2025-09-01 05:00:00+00:00,44.137,44.488,43.934,44.216,122495.0,56842.6
2025-09-01 06:00:00+00:00,44.216,44.36,43.964,44.148,114019.8,58318.73
2025-09-01 07:00:00+00:00,44.147,45.01,43.992,45.01,213533.23,116675.97
2025-09-01 08:00:00+00:00,45.01,45.47,44.992,45.376,362340.19,171106.59
2025-09-01 09:00:00+00:00,45.376,45.48,44.914,44.943,241910.27,124060.29
2025-09-01 10:00:00+00:00,44.948,45.02,44.586,44.926,190857.66,89088.59
2025-09-01 11:00:00+00:00,44.926,44.938,44.4,44.707,186075.28,79381.49
2025-09-01 12:00:00+00:00,44.708,44.799,44.428,44.531,163769.0,65433.03
2025-09-01 13:00:00+00:00,44.531,44.891,44.455,44.574,160989.01,77747.77
2025-09-01 14:00:00+00:00,44.575,44.925,44.439,44.535,139664.12,61343.01
2025-09-01 15:00:00+00:00,44.535,44.66,44.072,44.294,195436.54,91147.35
2025-09-01 16:00:00+00:00,44.292,44.321,43.546,43.664,461968.97,217649.23
2025-09-01 17:00:00+00:00,43.668,43.833,43.371,43.668,400108.87,199566.32
2025-09-01 18:00:00+00:00,43.668,44.105,43.643,44.093,228774.61,118505.32
2025-09-01 19:00:00+00:00,44.093,44.21,43.951,44.045,80644.73,40892.61
2025-09-01 20:00:00+00:00,44.051,44.118,43.386,43.644,278950.23,124638.7
2025-09-01 21:00:00+00:00,43.644,43.644,42.693,42.976,456699.72,177291.74
2025-09-01 22:00:00+00:00,42.974,42.992,42.504,42.717,364167.86,174529.48
2025-09-01 23:00:00+00:00,42.714,43.15,42.673,43.126,188615.73,106540.71
2025-09-02 00:00:00+00:00,43.129,43.354,42.959,43.124,191911.9,87607.04
2025-09-02 01:00:00+00:00,43.124,43.749,43.054,43.475,215784.76,99416.12
2025-09-02 02:00:00+00:00,43.48,43.993,43.326,43.99,200411.96,88464.94
2025-09-02 03:00:00+00:00,43.99,44.31,43.757,44.157,344462.16,146634.3
2025-09-02 04:00:00+00:00,44.157,44.53,43.992,44.336,234462.06,114363.6
2025-09-02 05:00:00+00:00,44.337,44.548,44.202,44.482,91467.46,43050.67
2025-09-02 06:00:00+00:00,44.483,44.935,44.456,44.65,182585.02,90802.97
2025-09-02 07:00:00+00:00,44.651,44.711,44.4,44.493,137022.01,53528.94
2025-09-02 08:00:00+00:00,44.493,45.051,44.489,44.81,164886.52,92578.01
2025-09-02 09:00:00+00:00,44.81,45.079,44.585,44.807,134135.47,66106.47
2025-09-02 10:00:00+00:00,44.808,44.9,44.374,44.485,176614.97,77509.52
2025-09-02 11:00:00+00:00,44.486,44.49,44.21,44.314,121075.78,62918.93
2025-09-02 12:00:00+00:00,44.315,44.412,43.402,43.424,369331.36,170930.71
2025-09-02 13:00:00+00:00,43.425,44.66,43.37,44.526,552714.6,303883.94
2025-09-02 14:00:00+00:00,44.526,44.962,44.302,44.62,356213.63,162708.76
2025-09-02 15:00:00+00:00,44.618,44.852,44.0,44.098,276108.43,128575.4
2025-09-02 16:00:00+00:00,44.095,44.377,43.977,44.148,188098.69,100078.56
2025-09-02 17:00:00+00:00,44.152,44.668,44.113,44.129,224421.33,110951.92
2025-09-02 18:00:00+00:00,44.132,44.183,43.745,43.974,175828.99,85592.53
2025-09-02 19:00:00+00:00,43.973,44.175,43.822,44.058,109963.86,56708.77
2025-09-02 20:00:00+00:00,44.058,44.47,43.958,44.318,148117.29,77281.92
2025-09-02 21:00:00+00:00,44.319,44.806,44.309,44.772,168053.91,99869.12
2025-09-02 22:00:00+00:00,44.773,44.853,44.549,44.849,90147.69,45772.58
2025-09-02 23:00:00+00:00,44.849,44.925,44.631,44.901,134672.83,77826.13
2025-09-03 00:00:00+00:00,44.902,45.304,44.776,44.808,252302.26,123561.31
2025-09-03 01:00:00+00:00,44.811,45.271,44.545,45.199,230107.43,129409.04
2025-09-03 02:00:00+00:00,45.199,45.336,44.97,45.168,195000.04,108137.99
2025-09-03 03:00:00+00:00,45.168,45.267,44.717,44.719,151225.02,65286.29
2025-09-03 04:00:00+00:00,44.718,44.791,44.534,44.733,88004.66,47769.3
2025-09-03 05:00:00+00:00,44.733,44.748,44.424,44.456,59600.8,22146.26
2025-09-03 06:00:00+00:00,44.46,44.55,44.266,44.379,124886.49,52407.95
2025-09-03 07:00:00+00:00,44.38,44.568,44.279,44.525,85396.61,43907.66
2025-09-03 08:00:00+00:00,44.528,44.758,44.45,44.707,115284.57,61086.09
2025-09-03 09:00:00+00:00,44.707,45.5,44.614,45.481,231181.78,121642.05
2025-09-03 10:00:00+00:00,45.481,45.797,45.253,45.532,298902.05,127106.39
2025-09-03 11:00:00+00:00,45.528,46.006,45.467,45.578,225522.45,109517.23
2025-09-03 12:00:00+00:00,45.588,45.823,45.38,45.542,147825.7,64299.29
2025-09-03 13:00:00+00:00,45.542,46.147,45.4,45.676,374407.67,190425.22
2025-09-03 14:00:00+00:00,45.678,46.21,45.429,46.037,381138.02,178448.24
2025-09-03 15:00:00+00:00,46.037,46.151,45.739,46.08,203934.48,107680.19
2025-09-03 16:00:00+00:00,46.081,46.272,45.85,46.157,257156.0,155051.62
2025-09-03 17:00:00+00:00,46.157,46.518,46.067,46.171,291612.39,160941.63
2025-09-03 18:00:00+00:00,46.172,46.3,45.605,45.831,258302.02,112831.69
2025-09-03 19:00:00+00:00,45.828,45.944,45.672,45.832,178164.99,85002.6
2025-09-03 20:00:00+00:00,45.837,46.107,45.81,45.992,116303.09,60833.64
2025-09-03 21:00:00+00:00,45.992,46.095,45.8,46.001,127526.16,64684.92
2025-09-03 22:00:00+00:00,46.001,46.125,45.914,46.12,92292.01,47039.48
2025-09-03 23:00:00+00:00,46.12,46.135,45.804,45.883,143567.98,72069.07
2025-09-04 00:00:00+00:00,45.883,46.449,45.732,46.285,226415.74,130961.49
2025-09-04 01:00:00+00:00,46.286,46.288,45.878,46.056,141035.18,58434.65
2025-09-04 02:00:00+00:00,46.05,46.075,45.539,45.719,183988.18,74433.36
2025-09-04 03:00:00+00:00,45.719,45.899,45.419,45.456,187227.79,79487.29
2025-09-04 04:00:00+00:00,45.456,45.757,45.41,45.456,132557.35,62407.93
2025-09-04 05:00:00+00:00,45.456,45.562,45.3,45.519,157201.39,74457.14
2025-09-04 06:00:00+00:00,45.519,45.628,45.235,45.455,157878.94,63651.16
2025-09-04 07:00:00+00:00,45.454,45.716,45.336,45.668,135297.8,66242.12
2025-09-04 08:00:00+00:00,45.668,45.923,45.502,45.58,170182.02,74317.38
2025-09-04 09:00:00+00:00,45.58,45.972,45.58,45.965,91198.02,51901.31
2025-09-04 10:00:00+00:00,45.965,45.993,45.745,45.757,95710.69,38531.45
2025-09-04 11:00:00+00:00,45.758,46.05,45.705,45.889,76757.1,38550.39
2025-09-04 12:00:00+00:00,45.89,46.082,45.734,45.955,125312.87,60458.7
2025-09-04 13:00:00+00:00,45.954,45.967,45.525,45.541,305447.14,134565.45
2025-09-04 14:00:00+00:00,45.544,45.676,45.038,45.331,346890.83,151431.49
2025-09-04 15:00:00+00:00,45.331,45.333,44.884,45.216,300207.43,132018.2
2025-09-04 16:00:00+00:00,45.214,45.378,44.866,45.055,154126.09,80476.39
2025-09-04 17:00:00+00:00,45.056,45.397,45.026,45.259,145224.79,57577.21
2025-09-04 18:00:00+00:00,45.258,45.428,44.877,44.959,148664.79,56404.07
2025-09-04 19:00:00+00:00,44.959,45.091,44.431,44.49,205572.0,76796.1
2025-09-04 20:00:00+00:00,44.491,45.154,44.431,45.021,297010.99,150756.96
2025-09-04 21:00:00+00:00,45.022,45.381,44.936,45.193,164482.54,91477.76
2025-09-04 22:00:00+00:00,45.193,45.803,45.152,45.789,160947.17,94705.07
2025-09-04 23:00:00+00:00,45.79,45.883,45.237,45.373,217750.07,86271.1
2025-09-05 00:00:00+00:00,45.372,45.554,45.169,45.19,142277.95,67272.47
2025-09-05 01:00:00+00:00,45.191,45.512,45.166,45.413,122073.14,67866.38
2025-09-05 02:00:00+00:00,45.413,45.68,45.236,45.627,133531.91,82345.71
2025-09-05 03:00:00+00:00,45.627,45.66,45.079,45.207,152380.99,61395.33
2025-09-05 04:00:00+00:00,45.208,45.543,45.208,45.496,97765.26,51596.52
2025-09-05 05:00:00+00:00,45.487,45.635,45.423,45.6,54032.15,28985.71
2025-09-05 06:00:00+00:00,45.6,45.834,45.544,45.818,107479.5,59990.13
2025-09-05 07:00:00+00:00,45.819,46.343,45.79,46.286,254797.59,127146.1
2025-09-05 08:00:00+00:00,46.286,46.295,45.905,45.956,153406.92,65807.79
2025-09-05 09:00:00+00:00,45.954,46.233,45.835,46.176,107579.58,50212.33
2025-09-05 10:00:00+00:00,46.176,46.37,46.155,46.265,83513.34,37144.81
2025-09-05 11:00:00+00:00,46.265,47.78,46.135,47.07,1111559.66,614975.14
2025-09-05 12:00:00+00:00,47.072,47.335,46.37,47.296,950837.84,408286.94
2025-09-05 13:00:00+00:00,47.305,47.746,46.595,47.381,926948.73,430382.26
2025-09-05 14:00:00+00:00,47.382,47.425,46.02,46.253,1056901.56,538985.93
2025-09-05 15:00:00+00:00,46.251,46.983,46.055,46.639,415475.65,193408.66
2025-09-05 16:00:00+00:00,46.642,46.834,46.331,46.807,203116.35,105481.75
2025-09-05 17:00:00+00:00,46.808,46.899,46.215,46.436,229667.25,92337.09
2025-09-05 18:00:00+00:00,46.436,46.589,46.066,46.576,205361.64,106829.33
2025-09-05 19:00:00+00:00,46.576,47.371,46.44,47.22,377277.82,219367.37
2025-09-05 20:00:00+00:00,47.214,47.4,46.908,47.373,204970.76,124531.24
2025-09-05 21:00:00+00:00,47.372,47.513,46.952,47.264,354527.52,176097.58
2025-09-05 22:00:00+00:00,47.261,47.419,47.061,47.195,132317.0,71730.31
2025-09-05 23:00:00+00:00,47.194,47.546,47.163,47.271,125018.09,65128.97
2025-09-06 00:00:00+00:00,47.271,47.895,47.265,47.82,312584.74,154850.65
2025-09-06 01:00:00+00:00,47.822,47.87,47.497,47.529,200927.27,90148.89
2025-09-06 02:00:00+00:00,47.529,47.719,47.282,47.424,142249.39,81295.78
2025-09-06 03:00:00+00:00,47.423,47.879,47.355,47.73,170585.43,80302.87
2025-09-06 04:00:00+00:00,47.729,47.729,47.335,47.359,147960.4,76509.82
2025-09-06 05:00:00+00:00,47.36,47.366,46.906,47.198,169261.25,81754.24
2025-09-06 06:00:00+00:00,47.197,47.202,46.925,47.082,161458.79,59461.17
2025-09-06 07:00:00+00:00,47.081,47.131,46.78,46.865,87971.17,32012.07
2025-09-06 08:00:00+00:00,46.866,46.937,46.678,46.773,140234.95,87900.48
2025-09-06 09:00:00+00:00,46.77,46.771,46.525,46.631,184722.9,96419.77
2025-09-06 10:00:00+00:00,46.631,46.86,46.614,46.836,81602.57,43035.01
2025-09-06 11:00:00+00:00,46.836,46.9,46.678,46.896,118489.04,71358.69
2025-09-06 12:00:00+00:00,46.896,46.999,46.813,46.834,101021.7,62474.69
2025-09-06 13:00:00+00:00,46.833,46.95,46.666,46.894,105433.78,55030.88
2025-09-06 14:00:00+00:00,46.895,47.068,46.861,46.97,103756.02,63358.73
2025-09-06 15:00:00+00:00,46.97,47.022,46.45,46.48,158800.23,70995.03
2025-09-06 16:00:00+00:00,46.479,46.512,46.064,46.24,284627.05,135868.39
2025-09-06 17:00:00+00:00,46.24,46.242,45.762,45.944,177696.69,78502.77
2025-09-06 18:00:00+00:00,45.943,46.111,45.626,45.803,248887.46,124827.45
2025-09-06 19:00:00+00:00,45.804,45.847,45.439,45.614,178244.09,67306.85
2025-09-06 20:00:00+00:00,45.612,46.03,45.585,46.023,155608.03,92958.91
2025-09-06 21:00:00+00:00,46.025,46.06,45.855,46.056,66011.37,43100.81
2025-09-06 22:00:00+00:00,46.056,46.255,45.99,46.193,114602.03,69112.88
2025-09-06 23:00:00+00:00,46.19,46.287,46.015,46.015,83757.94,41267.87
2025-09-07 00:00:00+00:00,46.015,46.666,46.0,46.59,239799.14,137606.79
2025-09-07 01:00:00+00:00,46.589,46.957,46.548,46.765,180809.56,81221.93
2025-09-07 02:00:00+00:00,46.766,47.184,46.655,46.949,381356.48,210049.97
2025-09-07 03:00:00+00:00,46.944,47.054,46.817,46.901,60936.65,31409.47
2025-09-07 04:00:00+00:00,46.901,46.959,46.75,46.796,132985.59,51594.99
2025-09-07 05:00:00+00:00,46.802,46.946,46.668,46.797,73764.49,35420.41
2025-09-07 06:00:00+00:00,46.797,46.822,46.583,46.594,70823.02,27486.17
2025-09-07 07:00:00+00:00,46.593,47.042,46.521,47.042,105434.67,59089.13
2025-09-07 08:00:00+00:00,47.042,47.367,46.963,47.241,205252.53,96285.62
2025-09-07 09:00:00+00:00,47.242,47.486,47.045,47.299,191234.39,90787.67
2025-09-07 10:00:00+00:00,47.3,47.403,47.173,47.283,89016.65,39946.29
2025-09-07 11:00:00+00:00,47.283,47.341,47.091,47.194,68155.98,38397.13
2025-09-07 12:00:00+00:00,47.194,47.221,46.896,47.061,166946.84,86343.21
2025-09-07 13:00:00+00:00,47.061,47.31,47.024,47.293,74684.71,37315.1
2025-09-07 14:00:00+00:00,47.293,47.547,47.098,47.435,212206.15,119389.87
2025-09-07 15:00:00+00:00,47.436,47.72,47.28,47.579,189547.59,85407.33
2025-09-07 16:00:00+00:00,47.577,47.677,47.082,47.165,220233.49,96449.79
2025-09-07 17:00:00+00:00,47.164,47.23,46.921,47.11,148087.39,75790.3
2025-09-07 18:00:00+00:00,47.109,47.118,46.87,47.059,86481.89,40487.1
2025-09-07 19:00:00+00:00,47.059,47.244,46.901,47.082,111535.71,54922.92
2025-09-07 20:00:00+00:00,47.081,47.184,46.772,47.157,123145.79,52899.71
2025-09-07 21:00:00+00:00,47.157,47.178,46.842,46.891,55213.43,26284.42
2025-09-07 22:00:00+00:00,46.886,47.242,46.876,47.182,60825.91,30756.35
2025-09-07 23:00:00+00:00,47.19,47.517,47.065,47.113,137870.26,80642.61
2025-09-08 00:00:00+00:00,47.112,47.364,46.97,47.193,152942.64,69327.3
2025-09-08 01:00:00+00:00,47.193,47.595,47.103,47.462,177830.5,84217.72
2025-09-08 02:00:00+00:00,47.462,48.466,47.422,48.42,402957.07,208304.38
2025-09-08 03:00:00+00:00,48.426,49.011,48.28,48.776,437740.43,223975.45
2025-09-08 04:00:00+00:00,48.775,48.857,48.453,48.779,276405.89,137396.55
2025-09-08 05:00:00+00:00,48.78,49.652,48.77,49.64,431449.53,254403.02
2025-09-08 06:00:00+00:00,49.639,50.073,49.191,49.797,481401.9,275894.19
2025-09-08 07:00:00+00:00,49.804,50.157,49.56,50.072,335682.0,161176.95
2025-09-08 08:00:00+00:00,50.072,51.078,50.064,51.023,653857.7,360691.67
2025-09-08 09:00:00+00:00,51.023,51.237,50.498,50.665,593181.11,248741.95
2025-09-08 10:00:00+00:00,50.661,50.909,50.554,50.759,381332.02,170494.89
2025-09-08 11:00:00+00:00,50.758,50.863,50.32,50.5,386370.59,165885.67
2025-09-08 12:00:00+00:00,50.498,50.975,50.45,50.907,306487.17,162503.18
2025-09-08 13:00:00+00:00,50.908,51.973,50.845,51.334,1329245.15,645194.75
2025-09-08 14:00:00+00:00,51.332,51.843,51.266,51.549,347677.08,172426.55
2025-09-08 15:00:00+00:00,51.55,51.96,51.176,51.539,500610.63,222297.27
2025-09-08 16:00:00+00:00,51.538,51.6,50.911,50.995,411742.77,200141.44
2025-09-08 17:00:00+00:00,50.998,51.001,50.433,50.657,641920.91,323915.75
2025-09-08 18:00:00+00:00,50.658,50.943,50.421,50.723,254581.05,136915.58
2025-09-08 19:00:00+00:00,50.723,50.758,50.256,50.424,230986.52,98325.5
2025-09-08 20:00:00+00:00,50.424,50.511,49.876,50.25,411580.85,183810.41
2025-09-08 21:00:00+00:00,50.254,50.728,50.141,50.701,309073.78,174871.15
2025-09-08 22:00:00+00:00,50.701,51.086,50.434,50.818,294853.42,153134.51
2025-09-08 23:00:00+00:00,50.819,51.033,50.655,50.901,158297.13,74939.51
2025-09-09 00:00:00+00:00,50.9,51.267,50.538,51.018,360814.76,179919.25
2025-09-09 01:00:00+00:00,51.018,51.477,50.848,51.194,274757.47,137034.75
2025-09-09 02:00:00+00:00,51.195,51.336,50.656,50.884,246665.35,116236.41
2025-09-09 03:00:00+00:00,50.891,51.767,50.791,51.489,296809.68,162254.73
2025-09-09 04:00:00+00:00,51.488,53.181,51.365,53.079,1016205.14,572473.79
2025-09-09 05:00:00+00:00,53.078,53.623,52.88,53.605,522695.28,267297.92
2025-09-09 06:00:00+00:00,53.606,55.106,53.523,54.677,1243928.61,668717.29
2025-09-09 07:00:00+00:00,54.676,55.151,54.021,54.546,764466.13,355188.41
2025-09-09 08:00:00+00:00,54.545,54.928,54.341,54.428,412353.53,227487.6
2025-09-09 09:00:00+00:00,54.429,55.359,54.35,54.919,568126.46,364846.19
2025-09-09 10:00:00+00:00,54.917,55.248,54.416,55.011,557817.3,297663.15
2025-09-09 11:00:00+00:00,55.011,55.101,53.699,53.915,626942.83,291421.05
2025-09-09 12:00:00+00:00,53.914,54.257,53.187,53.77,608392.96,244663.97
2025-09-09 13:00:00+00:00,53.769,54.122,53.333,53.6,522174.4,259381.29
2025-09-09 14:00:00+00:00,53.605,54.329,52.816,53.545,1381295.44,682140.45
2025-09-09 15:00:00+00:00,53.545,53.615,52.076,52.666,1090825.0,500412.69
2025-09-09 16:00:00+00:00,52.667,53.445,52.508,52.581,482513.8,238349.39
2025-09-09 17:00:00+00:00,52.581,53.041,52.397,52.409,301380.34,139164.64
2025-09-09 18:00:00+00:00,52.41,53.142,52.366,53.032,238295.88,135253.86
2025-09-09 19:00:00+00:00,53.033,54.01,52.944,53.814,436812.26,241591.41
2025-09-09 20:00:00+00:00,53.813,53.991,52.858,53.47,425945.4,185392.3
2025-09-09 21:00:00+00:00,53.469,53.822,53.216,53.311,304613.91,186827.08
2025-09-09 22:00:00+00:00,53.31,53.494,53.076,53.192,119614.56,63770.35
2025-09-09 23:00:00+00:00,53.195,53.371,52.709,53.315,282967.64,102230.77
2025-09-10 00:00:00+00:00,53.315,53.376,52.581,52.659,228597.05,91402.38
2025-09-10 01:00:00+00:00,52.659,53.32,52.575,53.24,238543.76,113077.49
2025-09-10 02:00:00+00:00,53.243,54.453,53.229,54.056,696274.47,389490.19
2025-09-10 03:00:00+00:00,54.052,54.052,53.395,53.785,275083.35,118455.69
2025-09-10 04:00:00+00:00,53.786,54.472,53.426,54.238,282015.33,152069.19
2025-09-10 05:00:00+00:00,54.237,54.999,54.0,54.6,488413.51,232769.75
2025-09-10 06:00:00+00:00,54.599,55.143,54.4,54.949,428622.07,211782.49
2025-09-10 07:00:00+00:00,54.949,55.502,54.832,55.152,501896.42,276895.27
2025-09-10 08:00:00+00:00,55.152,55.461,54.783,54.959,336601.3,139641.3
2025-09-10 09:00:00+00:00,54.96,55.808,54.802,54.813,664478.77,317859.77
2025-09-10 10:00:00+00:00,54.814,54.873,54.108,54.289,431007.24,191092.05
2025-09-10 11:00:00+00:00,54.29,54.516,54.039,54.516,280136.03,144971.7
2025-09-10 12:00:00+00:00,54.515,55.384,54.201,54.426,855630.02,431817.34
2025-09-10 13:00:00+00:00,54.427,55.504,54.386,55.159,627214.21,297646.04
2025-09-10 14:00:00+00:00,55.16,55.341,54.852,54.968,341632.58,143255.1
2025-09-10 15:00:00+00:00,54.967,55.454,54.66,55.133,363880.95,178654.68
2025-09-10 16:00:00+00:00,55.137,55.42,54.787,55.027,256638.03,115165.76
2025-09-10 17:00:00+00:00,55.028,55.142,54.49,55.105,327929.66,153368.64
2025-09-10 18:00:00+00:00,55.105,55.173,54.542,55.074,251786.06,121290.61
2025-09-10 19:00:00+00:00,55.069,55.069,53.7,54.405,591883.99,268739.08
2025-09-10 20:00:00+00:00,54.41,55.015,54.328,54.918,267641.01,121820.65
2025-09-10 21:00:00+00:00,54.92,55.269,54.834,55.205,196499.94,117025.18
2025-09-10 22:00:00+00:00,55.205,56.115,55.177,56.083,639088.13,362204.88
2025-09-10 23:00:00+00:00,56.082,56.121,55.186,55.494,461848.86,231799.07
2025-09-11 00:00:00+00:00,55.489,56.11,55.42,55.901,274356.56,130043.72
2025-09-11 01:00:00+00:00,55.9,56.273,55.506,55.642,274082.75,133704.98
2025-09-11 02:00:00+00:00,55.642,55.693,55.328,55.536,231585.39,111989.7
2025-09-11 03:00:00+00:00,55.535,56.124,55.429,56.069,243402.29,123047.12
2025-09-11 04:00:00+00:00,56.069,56.128,55.503,55.746,279959.81,135012.83
2025-09-11 05:00:00+00:00,55.752,55.855,55.51,55.729,213785.62,123381.18
2025-09-11 06:00:00+00:00,55.738,55.776,55.24,55.481,239314.01,106394.18
2025-09-11 07:00:00+00:00,55.484,55.614,55.21,55.327,186677.89,76150.55
2025-09-11 08:00:00+00:00,55.33,55.45,55.18,55.208,161311.61,60645.68
2025-09-11 09:00:00+00:00,55.208,55.216,54.625,54.679,449522.74,187425.52
2025-09-11 10:00:00+00:00,54.679,54.804,53.74,54.302,929591.12,423061.18
2025-09-11 11:00:00+00:00,54.3,54.4,53.03,53.597,931498.48,452562.04
2025-09-11 12:00:00+00:00,53.596,54.677,53.162,54.171,1377017.59,677737.77
2025-09-11 13:00:00+00:00,54.165,54.77,53.716,54.71,465258.12,208410.59
2025-09-11 14:00:00+00:00,54.71,54.812,54.0,54.463,377350.64,149596.26
2025-09-11 15:00:00+00:00,54.465,54.87,54.264,54.72,362178.67,215616.54
2025-09-11 16:00:00+00:00,54.72,55.097,54.453,54.742,372063.4,171911.66
2025-09-11 17:00:00+00:00,54.742,55.188,54.68,55.019,158076.12,75713.83
2025-09-11 18:00:00+00:00,55.019,55.249,54.79,54.985,194365.87,96632.06
2025-09-11 19:00:00+00:00,54.985,55.99,54.912,55.761,660401.0,356130.64
2025-09-11 20:00:00+00:00,55.761,55.839,55.449,55.711,195126.3,101352.92
2025-09-11 21:00:00+00:00,55.707,56.0,55.63,55.874,227579.58,107716.43
2025-09-11 22:00:00+00:00,55.874,56.805,55.847,56.465,455147.71,271524.34
2025-09-11 23:00:00+00:00,56.466,57.2,56.422,57.054,457928.93,243862.7
2025-09-12 00:00:00+00:00,57.055,57.499,56.695,56.821,512462.22,233328.29
2025-09-12 01:00:00+00:00,56.823,57.089,56.464,56.612,303588.57,137299.89
2025-09-12 02:00:00+00:00,56.612,57.104,56.533,56.686,257121.79,122078.74
2025-09-12 03:00:00+00:00,56.683,56.72,56.402,56.586,243677.68,121309.97
2025-09-12 04:00:00+00:00,56.585,56.898,56.526,56.791,328328.47,144204.27
2025-09-12 05:00:00+00:00,56.792,57.376,56.761,57.195,249921.01,138475.82
2025-09-12 06:00:00+00:00,57.194,57.264,56.808,56.875,253006.56,122236.85
2025-09-12 07:00:00+00:00,56.875,57.07,56.322,56.395,308332.0,123805.83
2025-09-12 08:00:00+00:00,56.395,56.611,56.132,56.314,318871.58,157294.21
2025-09-12 09:00:00+00:00,56.313,56.435,56.041,56.302,202438.72,74790.93
2025-09-12 10:00:00+00:00,56.302,56.597,56.046,56.542,202348.22,103025.86
2025-09-12 11:00:00+00:00,56.542,56.554,55.6,55.691,334159.6,127450.15
2025-09-12 12:00:00+00:00,55.692,56.118,55.574,55.971,290734.33,127287.76
2025-09-12 13:00:00+00:00,55.971,56.543,55.965,56.364,301657.44,172050.96
2025-09-12 14:00:00+00:00,56.364,56.866,56.098,56.263,411669.66,169810.83
2025-09-12 15:00:00+00:00,56.252,56.277,54.846,55.407,730244.81,346652.65
2025-09-12 16:00:00+00:00,55.407,55.77,55.006,55.753,384823.69,178011.95
2025-09-12 17:00:00+00:00,55.752,55.993,55.35,55.891,324490.88,161663.49
2025-09-12 18:00:00+00:00,55.891,56.357,55.674,56.347,304484.63,168115.31
2025-09-12 19:00:00+00:00,56.348,56.554,56.058,56.445,238717.45,112592.98
2025-09-12 20:00:00+00:00,56.44,56.44,55.641,55.986,300060.12,129204.76
2025-09-12 21:00:00+00:00,55.986,55.994,55.411,55.492,223835.64,98046.51
2025-09-12 22:00:00+00:00,55.492,56.084,54.918,55.116,488660.84,211587.17
2025-09-12 23:00:00+00:00,55.116,55.312,54.738,55.255,261615.48,128882.36
2025-09-13 00:00:00+00:00,55.255,55.565,54.881,55.171,500509.68,252591.58
2025-09-13 01:00:00+00:00,55.171,55.62,55.125,55.434,199473.92,94344.74
2025-09-13 02:00:00+00:00,55.434,55.742,55.227,55.599,221503.17,103432.53
2025-09-13 03:00:00+00:00,55.602,55.968,55.426,55.912,218972.17,96996.06
2025-09-13 04:00:00+00:00,55.913,55.917,55.41,55.501,187532.97,83486.66
2025-09-13 05:00:00+00:00,55.5,55.535,54.927,55.174,320545.19,137564.11
2025-09-13 06:00:00+00:00,55.174,55.349,54.906,55.046,154441.88,63384.54
2025-09-13 07:00:00+00:00,55.043,55.222,54.85,55.172,111151.21,55079.54
2025-09-13 08:00:00+00:00,55.175,55.542,55.175,55.492,164378.1,86064.09
2025-09-13 09:00:00+00:00,55.499,56.257,55.446,55.992,297748.19,164852.4
2025-09-13 10:00:00+00:00,55.994,56.215,55.842,55.912,192134.8,86895.13
2025-09-13 11:00:00+00:00,55.912,56.41,55.669,56.242,208536.83,101784.11
2025-09-13 12:00:00+00:00,56.241,56.719,55.963,56.714,266429.76,142530.1
2025-09-13 13:00:00+00:00,56.713,56.87,55.467,55.909,566518.5,252994.82
2025-09-13 14:00:00+00:00,55.907,56.238,55.46,55.914,405595.18,195504.26
2025-09-13 15:00:00+00:00,55.913,56.26,55.429,55.715,286345.8,105116.58
2025-09-13 16:00:00+00:00,55.715,55.888,55.0,55.032,469136.55,200254.02
2025-09-13 17:00:00+00:00,55.032,55.192,54.527,54.575,583800.79,272012.6
2025-09-13 18:00:00+00:00,54.575,54.885,54.165,54.845,478877.56,227882.08
2025-09-13 19:00:00+00:00,54.845,54.996,54.65,54.976,123539.36,66527.84
2025-09-13 20:00:00+00:00,54.979,55.136,54.583,54.824,249798.58,107639.69
2025-09-13 21:00:00+00:00,54.825,54.993,54.435,54.616,173936.81,83183.95
2025-09-13 22:00:00+00:00,54.616,54.622,54.253,54.526,157854.42,78650.71
2025-09-13 23:00:00+00:00,54.527,54.796,54.428,54.456,131528.96,59019.48
2025-09-14 00:00:00+00:00,54.457,55.239,54.408,54.912,378838.23,173793.68
2025-09-14 01:00:00+00:00,54.916,55.321,54.489,55.083,328221.03,134649.0
2025-09-14 02:00:00+00:00,55.075,55.324,54.587,54.604,245228.89,109420.08
2025-09-14 03:00:00+00:00,54.604,54.66,53.865,54.02,547078.48,236485.98
2025-09-14 04:00:00+00:00,54.027,54.561,53.64,54.44,368128.31,178319.46
2025-09-14 05:00:00+00:00,54.44,54.915,54.346,54.707,267311.29,144652.76
2025-09-14 06:00:00+00:00,54.704,54.942,54.533,54.934,153794.67,81028.25
2025-09-14 07:00:00+00:00,54.935,54.957,54.276,54.363,294444.92,109091.25
2025-09-14 08:00:00+00:00,54.364,54.81,54.288,54.465,167759.73,93162.15
2025-09-14 09:00:00+00:00,54.465,54.605,54.154,54.534,258585.59,121324.59
2025-09-14 10:00:00+00:00,54.535,54.688,54.209,54.277,147266.74,72154.2
2025-09-14 11:00:00+00:00,54.278,54.456,53.819,53.919,279207.3,116983.45
2025-09-14 12:00:00+00:00,53.919,54.151,53.624,53.746,205338.33,75067.16
2025-09-14 13:00:00+00:00,53.75,54.201,53.53,54.129,220648.37,113965.57
2025-09-14 14:00:00+00:00,54.125,54.287,53.534,53.917,293806.6,123119.14
2025-09-14 15:00:00+00:00,53.917,54.441,53.696,54.028,300391.43,130298.41
2025-09-14 16:00:00+00:00,54.027,54.959,54.008,54.816,396439.43,225197.63
2025-09-14 17:00:00+00:00,54.813,54.868,54.3,54.778,314249.04,170561.16
2025-09-14 18:00:00+00:00,54.777,54.84,54.223,54.35,219211.89,97986.71
2025-09-14 19:00:00+00:00,54.35,54.663,54.16,54.197,146528.95,67089.85
2025-09-14 20:00:00+00:00,54.197,54.378,54.047,54.143,129624.67,63648.43
2025-09-14 21:00:00+00:00,54.143,54.276,53.94,54.162,85258.21,38647.65
2025-09-14 22:00:00+00:00,54.163,54.285,53.915,54.253,98317.6,41181.47
2025-09-14 23:00:00+00:00,54.253,54.253,53.556,53.688,192207.81,83662.42
2025-09-15 00:00:00+00:00,53.688,54.051,53.679,53.733,133844.93,56497.23
2025-09-15 01:00:00+00:00,53.732,53.909,53.201,53.79,313697.08,132608.42
2025-09-15 02:00:00+00:00,53.78,54.269,53.768,54.018,176319.17,90628.69
2025-09-15 03:00:00+00:00,54.018,54.399,54.001,54.296,171492.26,81421.2
2025-09-15 04:00:00+00:00,54.297,54.644,54.237,54.294,209323.08,105536.97
2025-09-15 05:00:00+00:00,54.295,54.504,54.009,54.029,143861.93,64292.3
2025-09-15 06:00:00+00:00,54.03,54.102,53.474,53.565,308804.5,123310.39
2025-09-15 07:00:00+00:00,53.564,53.923,53.015,53.228,347649.99,161068.85
2025-09-15 08:00:00+00:00,53.228,53.598,52.349,52.79,674099.94,272238.91
2025-09-15 09:00:00+00:00,52.79,53.62,52.674,53.577,323459.59,162592.98
2025-09-15 10:00:00+00:00,53.577,54.061,53.313,53.523,329689.58,158037.27
2025-09-15 11:00:00+00:00,53.526,53.598,53.208,53.309,172633.89,79907.91
2025-09-15 12:00:00+00:00,53.312,53.754,52.934,53.055,255742.47,120237.01
2025-09-15 13:00:00+00:00,53.061,53.239,52.491,52.606,408199.26,194931.71
2025-09-15 14:00:00+00:00,52.607,53.128,52.25,52.909,344790.43,167867.56
2025-09-15 15:00:00+00:00,52.917,53.153,52.313,52.668,303408.61,136821.97
2025-09-15 16:00:00+00:00,52.666,52.953,52.2,52.307,263249.81,105865.48
2025-09-15 17:00:00+00:00,52.307,52.569,52.054,52.542,284933.07,158097.56
2025-09-15 18:00:00+00:00,52.542,53.022,52.27,52.85,235569.94,105715.9
2025-09-15 19:00:00+00:00,52.85,53.663,52.648,53.652,400586.5,202532.77
2025-09-15 20:00:00+00:00,53.652,53.832,53.383,53.795,225297.97,116783.73
2025-09-15 21:00:00+00:00,53.805,53.871,53.425,53.559,151086.03,77181.04
2025-09-15 22:00:00+00:00,53.559,53.729,53.434,53.676,93555.31,50600.19
2025-09-15 23:00:00+00:00,53.676,54.029,53.612,54.0,175643.17,106148.22
2025-09-16 00:00:00+00:00,54.0,54.032,53.183,53.336,322240.07,122649.04
2025-09-16 01:00:00+00:00,53.339,53.784,53.199,53.313,197652.48,101840.42
2025-09-16 02:00:00+00:00,53.314,53.643,53.215,53.333,123090.67,58833.02
2025-09-16 03:00:00+00:00,53.334,53.517,53.181,53.258,113473.96,53653.47
2025-09-16 04:00:00+00:00,53.259,53.503,52.968,53.456,139672.81,61883.47
2025-09-16 05:00:00+00:00,53.457,53.898,53.385,53.847,164878.4,73478.85
2025-09-16 06:00:00+00:00,53.847,53.958,53.291,53.396,156739.92,72961.34
2025-09-16 07:00:00+00:00,53.397,53.536,53.253,53.353,67232.21,36753.72
2025-09-16 08:00:00+00:00,53.353,53.617,53.166,53.376,116039.11,60010.17
2025-09-16 09:00:00+00:00,53.379,53.474,53.058,53.244,88899.43,37675.41
2025-09-16 10:00:00+00:00,53.245,53.345,52.858,52.861,123531.39,45791.0
2025-09-16 11:00:00+00:00,52.862,52.9,52.424,52.758,253822.6,117209.27
2025-09-16 12:00:00+00:00,52.761,52.761,52.296,52.392,149324.95,68926.96
2025-09-16 13:00:00+00:00,52.392,54.119,52.281,53.365,2109003.78,1039477.67
2025-09-16 14:00:00+00:00,53.365,53.843,52.943,53.811,442035.75,197396.79
2025-09-16 15:00:00+00:00,53.81,54.152,53.527,54.082,304540.55,170460.01
2025-09-16 16:00:00+00:00,54.082,54.089,53.527,53.709,325121.32,129620.42
2025-09-16 17:00:00+00:00,53.708,54.163,53.7,54.077,300686.16,168424.97
2025-09-16 18:00:00+00:00,54.077,54.127,53.874,54.012,117041.62,58923.11
2025-09-16 19:00:00+00:00,54.012,54.029,53.711,53.88,166843.51,83142.91
2025-09-16 20:00:00+00:00,53.883,54.12,53.804,54.006,89283.0,36461.41
2025-09-16 21:00:00+00:00,54.006,54.458,53.967,54.439,165679.3,91214.29
2025-09-16 22:00:00+00:00,54.439,54.597,54.29,54.439,192082.05,97914.15
2025-09-16 23:00:00+00:00,54.439,54.615,54.297,54.456,104422.21,46583.45
2025-09-17 00:00:00+00:00,54.456,54.504,54.03,54.127,155746.62,72375.75
2025-09-17 01:00:00+00:00,54.127,54.469,53.865,53.971,181876.06,76232.64
2025-09-17 02:00:00+00:00,53.972,54.818,53.85,54.764,389052.36,242748.57
2025-09-17 03:00:00+00:00,54.764,54.793,54.08,54.123,301301.71,137711.06
2025-09-17 04:00:00+00:00,54.123,54.46,53.962,54.22,135313.22,67105.43
2025-09-17 05:00:00+00:00,54.215,54.777,54.1,54.689,215127.91,105344.92
2025-09-17 06:00:00+00:00,54.688,55.319,54.62,55.313,440529.75,298409.71
2025-09-17 07:00:00+00:00,55.313,55.319,54.759,54.984,266014.01,132038.87
2025-09-17 08:00:00+00:00,54.981,55.116,54.707,55.036,229199.16,104067.53
2025-09-17 09:00:00+00:00,55.035,55.067,54.766,54.901,126083.92,61510.06
2025-09-17 10:00:00+00:00,54.901,55.262,54.732,55.005,287214.37,118472.66
2025-09-17 11:00:00+00:00,55.005,55.549,54.932,55.269,227330.64,116956.95
2025-09-17 12:00:00+00:00,55.269,55.52,54.907,55.128,225121.75,116780.57
2025-09-17 13:00:00+00:00,55.128,55.414,54.741,55.066,253475.41,130431.0
2025-09-17 14:00:00+00:00,55.07,55.288,54.784,55.092,224481.17,121244.01
2025-09-17 15:00:00+00:00,55.092,55.58,54.621,54.629,321215.16,162950.7
2025-09-17 16:00:00+00:00,54.629,54.969,54.32,54.948,241184.79,119735.23
2025-09-17 17:00:00+00:00,54.948,55.715,54.923,54.947,534515.46,275208.44
2025-09-17 18:00:00+00:00,54.998,55.914,54.634,54.783,1158422.79,548906.08
2025-09-17 19:00:00+00:00,54.783,55.765,54.747,55.52,457420.1,221130.57
2025-09-17 20:00:00+00:00,55.517,56.42,55.505,56.069,422519.6,212166.65
2025-09-17 21:00:00+00:00,56.065,57.032,55.7,56.946,322558.39,171924.1
2025-09-17 22:00:00+00:00,56.947,57.84,56.9,57.562,580393.08,320272.87
2025-09-17 23:00:00+00:00,57.564,58.041,56.326,57.766,696372.92,290090.7
2025-09-18 00:00:00+00:00,57.767,58.818,57.7,58.624,675249.3,316595.17
2025-09-18 01:00:00+00:00,58.621,59.63,58.369,58.844,792704.19,408108.76
2025-09-18 02:00:00+00:00,58.844,59.095,58.257,59.082,490860.49,246731.3
2025-09-18 03:00:00+00:00,59.081,59.428,58.836,59.032,448467.21,235585.02
2025-09-18 04:00:00+00:00,59.032,59.093,58.404,58.677,253793.16,117308.63
2025-09-18 05:00:00+00:00,58.679,58.826,58.279,58.428,182420.37,72477.36
2025-09-18 06:00:00+00:00,58.439,58.489,58.059,58.323,270171.56,132177.58
2025-09-18 07:00:00+00:00,58.323,58.796,58.294,58.397,194814.33,117236.09
2025-09-18 08:00:00+00:00,58.396,58.675,58.029,58.497,429504.46,260572.65
2025-09-18 09:00:00+00:00,58.493,58.783,58.329,58.597,182577.27,88537.68
2025-09-18 10:00:00+00:00,58.596,58.606,57.574,57.947,383555.35,130936.49
2025-09-18 11:00:00+00:00,57.95,58.329,57.75,57.819,244132.16,92191.59
2025-09-18 12:00:00+00:00,57.818,57.949,57.465,57.493,316684.11,179929.05
2025-09-18 13:00:00+00:00,57.493,57.998,57.312,57.763,329559.55,153529.12
2025-09-18 14:00:00+00:00,57.76,58.309,57.701,57.991,287438.96,153592.36
2025-09-18 15:00:00+00:00,57.991,58.1,57.621,57.842,245611.01,102833.99
2025-09-18 16:00:00+00:00,57.841,58.118,57.681,58.059,195709.15,105630.37
2025-09-18 17:00:00+00:00,58.058,58.363,57.913,58.361,150786.59,79763.2
2025-09-18 18:00:00+00:00,58.36,59.17,58.296,59.0,335523.16,187486.02
2025-09-18 19:00:00+00:00,59.002,59.012,58.336,58.674,276458.4,136115.56
2025-09-18 20:00:00+00:00,58.674,58.995,58.464,58.499,239446.96,115118.96
2025-09-18 21:00:00+00:00,58.499,58.528,57.872,58.174,250696.61,132114.26
2025-09-18 22:00:00+00:00,58.174,58.4,57.92,58.254,154888.75,85751.76
2025-09-18 23:00:00+00:00,58.253,58.691,57.912,58.681,213506.16,124440.38
2025-09-19 00:00:00+00:00,58.681,59.351,58.408,58.525,453342.03,253438.98
2025-09-19 01:00:00+00:00,58.525,58.597,57.954,57.989,176948.26,86751.9
2025-09-19 02:00:00+00:00,57.988,58.13,57.611,57.82,249420.88,105502.28
2025-09-19 03:00:00+00:00,57.82,57.87,57.1,57.28,364792.61,155130.73
2025-09-19 04:00:00+00:00,57.281,57.54,57.014,57.377,292620.39,141420.59
2025-09-19 05:00:00+00:00,57.377,57.433,56.697,56.967,316822.1,128404.93
2025-09-19 06:00:00+00:00,56.96,56.978,56.306,56.32,328539.53,143983.17
2025-09-19 07:00:00+00:00,56.32,57.011,56.315,56.389,381734.06,181925.54
2025-09-19 08:00:00+00:00,56.394,56.901,56.367,56.386,271262.21,139102.41
2025-09-19 09:00:00+00:00,56.386,56.537,56.041,56.073,295621.07,136865.95
2025-09-19 10:00:00+00:00,56.073,56.352,55.814,56.18,324428.71,171284.07
2025-09-19 11:00:00+00:00,56.179,56.233,55.676,55.868,302488.52,148670.29
2025-09-19 12:00:00+00:00,55.869,56.4,55.798,56.203,262777.6,133145.55
2025-09-19 13:00:00+00:00,56.203,57.227,56.08,56.859,700431.2,437322.42
2025-09-19 14:00:00+00:00,56.86,56.942,55.706,55.96,529466.99,238818.25
2025-09-19 15:00:00+00:00,55.964,56.489,55.24,56.11,603510.33,282564.06
2025-09-19 16:00:00+00:00,56.111,56.445,55.888,56.199,268672.59,134356.24
2025-09-19 17:00:00+00:00,56.199,56.243,55.631,55.833,274115.25,144392.34
2025-09-19 18:00:00+00:00,55.833,56.096,55.692,56.047,155899.53,82820.66
2025-09-19 19:00:00+00:00,56.047,56.31,55.861,55.942,187780.06,113590.66
2025-09-19 20:00:00+00:00,55.935,56.283,55.917,56.16,107823.28,63382.31
2025-09-19 21:00:00+00:00,56.16,56.369,56.029,56.25,93937.18,54696.36
2025-09-19 22:00:00+00:00,56.251,56.394,56.208,56.354,117816.59,65148.78
2025-09-19 23:00:00+00:00,56.348,56.374,55.839,56.181,154874.75,80343.74
2025-09-20 00:00:00+00:00,56.181,56.394,55.932,56.294,197850.64,124236.75
2025-09-20 01:00:00+00:00,56.295,56.295,55.807,55.874,171313.94,92228.92
2025-09-20 02:00:00+00:00,55.874,56.343,55.632,56.147,189724.72,111381.88
2025-09-20 03:00:00+00:00,56.147,56.171,55.81,56.037,147329.61,89490.72
2025-09-20 04:00:00+00:00,56.036,56.369,55.9,56.27,149893.98,92162.05
2025-09-20 05:00:00+00:00,56.27,56.498,56.108,56.486,122243.56,73408.81
2025-09-20 06:00:00+00:00,56.483,56.657,56.326,56.563,131625.36,69219.6
2025-09-20 07:00:00+00:00,56.563,56.666,56.392,56.612,142539.72,65319.14
2025-09-20 08:00:00+00:00,56.612,56.633,56.148,56.22,126777.98,60133.33
2025-09-20 09:00:00+00:00,56.219,56.442,55.91,55.917,140309.1,60498.17
2025-09-20 10:00:00+00:00,55.918,56.068,55.606,55.617,135713.47,60324.0
2025-09-20 11:00:00+00:00,55.618,55.881,55.435,55.446,182236.29,80452.2
2025-09-20 12:00:00+00:00,55.445,55.584,55.1,55.395,288899.82,159211.81
2025-09-20 13:00:00+00:00,55.395,55.511,55.217,55.388,133012.87,53358.28
2025-09-20 14:00:00+00:00,55.387,55.62,54.77,55.538,419492.27,170252.97
2025-09-20 15:00:00+00:00,55.538,55.982,55.468,55.651,323137.41,177215.96
2025-09-20 16:00:00+00:00,55.65,55.995,55.4,55.887,165780.11,90865.48
2025-09-20 17:00:00+00:00,55.888,55.917,54.566,54.652,442210.9,186121.69
2025-09-20 18:00:00+00:00,54.653,54.757,54.018,54.057,486793.74,190696.29
2025-09-20 19:00:00+00:00,54.057,54.425,53.85,54.32,416807.72,212667.59
2025-09-20 20:00:00+00:00,54.321,54.831,54.193,54.747,208825.66,109511.63
2025-09-20 21:00:00+00:00,54.737,54.918,54.516,54.539,101829.72,39102.68
2025-09-20 22:00:00+00:00,54.54,54.612,54.13,54.205,135739.75,49605.77
2025-09-20 23:00:00+00:00,54.205,54.26,54.028,54.25,121592.68,49900.2
2025-09-21 00:00:00+00:00,54.249,54.309,53.652,54.049,281338.58,123739.58
2025-09-21 01:00:00+00:00,54.044,54.151,53.798,53.877,120433.61,55009.33
2025-09-21 02:00:00+00:00,53.876,54.288,53.746,54.149,257820.18,138378.54
2025-09-21 03:00:00+00:00,54.149,54.247,54.017,54.188,135476.36,59143.65
2025-09-21 04:00:00+00:00,54.188,54.242,54.002,54.219,123490.54,54005.43
2025-09-21 05:00:00+00:00,54.22,54.389,54.175,54.287,98190.5,41008.34
2025-09-21 06:00:00+00:00,54.29,54.314,53.922,53.939,172270.38,80693.72
2025-09-21 07:00:00+00:00,53.938,54.069,53.5,53.628,392168.89,142815.21
2025-09-21 08:00:00+00:00,53.628,53.786,53.138,53.282,377191.01,148555.11
2025-09-21 09:00:00+00:00,53.283,53.406,52.875,52.898,466409.29,231787.4
2025-09-21 10:00:00+00:00,52.898,53.117,52.161,52.214,931435.02,331223.2
2025-09-21 11:00:00+00:00,52.213,52.749,52.14,52.501,613652.04,229608.76
2025-09-21 12:00:00+00:00,52.501,52.799,52.417,52.708,215849.04,121329.59
2025-09-21 13:00:00+00:00,52.709,52.89,52.639,52.833,248717.22,131501.55
2025-09-21 14:00:00+00:00,52.834,52.936,52.33,52.395,312891.95,114940.92
2025-09-21 15:00:00+00:00,52.394,52.58,51.628,52.051,791151.61,329644.21
2025-09-21 16:00:00+00:00,52.05,52.417,51.023,51.266,963521.39,414703.47
2025-09-21 17:00:00+00:00,51.266,51.766,50.635,51.582,942351.38,442433.78
2025-09-21 18:00:00+00:00,51.583,52.279,51.344,51.977,601282.92,304038.08
2025-09-21 19:00:00+00:00,51.976,52.218,51.665,52.193,230324.87,126517.54
2025-09-21 20:00:00+00:00,52.192,52.228,51.782,51.84,203856.33,105418.7
2025-09-21 21:00:00+00:00,51.84,51.916,51.482,51.572,187439.62,83947.87
2025-09-21 22:00:00+00:00,51.571,51.736,51.296,51.607,276879.03,159492.17
2025-09-21 23:00:00+00:00,51.607,51.611,50.814,50.89,350199.24,180542.37
2025-09-22 00:00:00+00:00,50.89,51.337,49.5,50.05,1385077.67,631465.76
2025-09-22 01:00:00+00:00,50.054,50.348,49.544,49.79,658340.29,308383.91
2025-09-22 02:00:00+00:00,49.791,50.129,48.978,49.577,768372.14,309398.1
2025-09-22 03:00:00+00:00,49.576,49.815,49.315,49.78,353179.84,183921.37
2025-09-22 04:00:00+00:00,49.78,50.367,49.521,50.153,389420.31,198389.53
2025-09-22 05:00:00+00:00,50.152,50.315,48.53,48.537,587487.81,227673.92
2025-09-22 06:00:00+00:00,48.534,49.556,45.99,49.372,2355760.6,1052639.81
2025-09-22 07:00:00+00:00,49.371,49.372,48.274,48.565,665858.83,335263.58
2025-09-22 08:00:00+00:00,48.564,49.449,48.491,49.291,536726.23,245850.38
2025-09-22 09:00:00+00:00,49.292,49.362,48.615,48.765,529464.38,225763.5
2025-09-22 10:00:00+00:00,48.765,49.451,48.518,49.355,396239.43,214839.53
2025-09-22 11:00:00+00:00,49.353,49.47,48.596,48.87,309124.26,147350.45
2025-09-22 12:00:00+00:00,48.869,49.283,48.622,49.068,223636.78,121558.85
2025-09-22 13:00:00+00:00,49.07,49.994,48.932,49.933,457533.69,251294.71
2025-09-22 14:00:00+00:00,49.932,50.24,49.145,49.189,694924.46,331939.74
2025-09-22 15:00:00+00:00,49.188,49.32,48.178,48.351,765575.84,323765.35
2025-09-22 16:00:00+00:00,48.351,48.609,47.747,47.882,815171.9,387868.62
2025-09-22 17:00:00+00:00,47.885,48.619,47.54,48.035,826852.45,379628.5
2025-09-22 18:00:00+00:00,48.034,48.227,47.671,47.891,411963.68,180953.93
2025-09-22 19:00:00+00:00,47.896,47.952,47.016,47.15,595995.41,273344.26
2025-09-22 20:00:00+00:00,47.158,47.897,46.866,47.881,554458.84,292996.53
2025-09-22 21:00:00+00:00,47.88,48.057,47.69,47.914,297375.8,153281.61
2025-09-22 22:00:00+00:00,47.913,47.972,47.32,47.323,250195.13,113821.47
2025-09-22 23:00:00+00:00,47.327,47.572,47.181,47.278,232780.5,113343.34
2025-09-23 00:00:00+00:00,47.278,47.364,46.258,46.487,583390.34,252868.7
2025-09-23 01:00:00+00:00,46.486,46.564,46.106,46.134,356506.01,179796.45
2025-09-23 02:00:00+00:00,46.134,46.284,45.52,45.523,853997.48,445006.19
2025-09-23 03:00:00+00:00,45.525,46.722,45.305,46.102,1106891.44,528755.97
2025-09-23 04:00:00+00:00,46.102,46.709,45.953,46.449,425452.93,242773.34
2025-09-23 05:00:00+00:00,46.45,48.241,46.339,47.98,975370.24,499049.08
2025-09-23 06:00:00+00:00,47.98,48.874,47.886,48.694,671696.26,324367.88
2025-09-23 07:00:00+00:00,48.697,48.773,48.148,48.675,421903.2,209970.43
2025-09-23 08:00:00+00:00,48.673,48.904,48.422,48.718,263103.41,137508.15
2025-09-23 09:00:00+00:00,48.717,48.946,47.854,48.07,432255.03,185964.23
2025-09-23 10:00:00+00:00,48.07,48.309,47.919,48.172,184787.07,92269.06
2025-09-23 11:00:00+00:00,48.173,48.179,47.713,48.053,232887.73,95609.75
2025-09-23 12:00:00+00:00,48.052,48.077,47.461,47.638,356801.91,152626.8
2025-09-23 13:00:00+00:00,47.638,48.046,47.258,47.867,565520.35,291653.08
2025-09-23 14:00:00+00:00,47.87,48.627,47.067,47.102,706254.05,319679.26
2025-09-23 15:00:00+00:00,47.1,47.622,46.801,47.317,535819.76,266943.36
2025-09-23 16:00:00+00:00,47.318,47.719,47.055,47.436,302757.36,144473.52
2025-09-23 17:00:00+00:00,47.436,47.513,46.48,46.563,578253.51,249106.14
2025-09-23 18:00:00+00:00,46.563,46.672,45.032,45.143,1054001.02,472105.47
2025-09-23 19:00:00+00:00,45.144,46.05,44.477,44.58,1022665.94,503185.6
2025-09-23 20:00:00+00:00,44.58,45.419,44.58,45.393,535550.38,290357.22
2025-09-23 21:00:00+00:00,45.392,45.614,44.986,45.04,310529.06,145911.41
2025-09-23 22:00:00+00:00,45.041,45.451,44.838,45.267,332141.7,174222.66
2025-09-23 23:00:00+00:00,45.268,45.273,44.364,44.671,449408.59,224615.35
2025-09-24 00:00:00+00:00,44.672,45.322,44.341,44.711,487297.48,255038.75
2025-09-24 01:00:00+00:00,44.712,45.585,44.558,45.556,337079.0,184401.61
2025-09-24 02:00:00+00:00,45.557,45.674,44.907,45.144,368527.7,162252.96
2025-09-24 03:00:00+00:00,45.145,45.2,44.053,44.159,686756.31,291514.59
2025-09-24 04:00:00+00:00,44.159,44.53,43.596,43.977,1141487.64,585173.4
2025-09-24 05:00:00+00:00,43.978,44.838,43.889,44.469,462844.77,244686.31
2025-09-24 06:00:00+00:00,44.468,45.204,44.385,45.138,495072.98,249869.44
2025-09-24 07:00:00+00:00,45.137,45.137,44.135,44.501,391699.67,176465.98
2025-09-24 08:00:00+00:00,44.502,44.64,43.307,43.644,738073.44,323989.69
2025-09-24 09:00:00+00:00,43.645,44.577,43.274,44.542,694755.28,349123.34
2025-09-24 10:00:00+00:00,44.541,45.0,44.225,44.687,671970.25,328431.87
2025-09-24 11:00:00+00:00,44.686,46.075,44.481,45.909,1316720.07,685521.97
2025-09-24 12:00:00+00:00,45.908,46.471,45.46,45.562,944052.7,408998.7
2025-09-24 13:00:00+00:00,45.561,45.846,44.607,44.645,826141.53,329001.5
2025-09-24 14:00:00+00:00,44.644,46.818,44.624,46.354,983880.88,459140.77
2025-09-24 15:00:00+00:00,46.354,46.508,45.204,45.277,686206.89,293507.41
2025-09-24 16:00:00+00:00,45.28,45.462,44.863,44.968,587759.72,272691.83
2025-09-24 17:00:00+00:00,44.97,45.695,44.922,45.584,622661.54,282559.6
2025-09-24 18:00:00+00:00,45.583,45.753,45.126,45.524,345909.46,152784.38
2025-09-24 19:00:00+00:00,45.525,46.157,45.479,45.977,412385.31,189363.77
2025-09-24 20:00:00+00:00,45.978,46.321,45.84,46.172,231162.03,115589.33
2025-09-24 21:00:00+00:00,46.17,46.355,45.5,45.602,251614.03,100137.7
2025-09-24 22:00:00+00:00,45.603,46.322,45.595,45.983,286999.06,143257.35
2025-09-24 23:00:00+00:00,45.983,46.265,45.291,45.646,251743.91,95916.5
2025-09-25 00:00:00+00:00,45.656,46.019,45.362,45.525,291085.87,126069.93
2025-09-25 01:00:00+00:00,45.523,45.749,44.648,44.689,476317.34,212481.23
2025-09-25 02:00:00+00:00,44.692,44.868,43.9,43.994,834897.8,397425.33
2025-09-25 03:00:00+00:00,43.994,44.089,42.842,43.419,1055296.01,466059.37
2025-09-25 04:00:00+00:00,43.409,43.825,42.566,42.957,1409763.44,684089.79
2025-09-25 05:00:00+00:00,42.959,43.526,42.591,42.973,668985.81,328472.16
2025-09-25 06:00:00+00:00,42.972,43.078,42.255,42.309,561151.33,246636.0
2025-09-25 07:00:00+00:00,42.309,42.906,42.161,42.206,689677.54,313665.55
2025-09-25 08:00:00+00:00,42.205,42.964,42.134,42.819,484835.05,240176.05
2025-09-25 09:00:00+00:00,42.82,43.639,42.7,42.989,549537.63,268963.33
2025-09-25 10:00:00+00:00,42.988,43.385,42.445,42.486,507068.16,224465.85
2025-09-25 11:00:00+00:00,42.486,42.635,41.681,41.848,863782.14,359787.41
2025-09-25 12:00:00+00:00,41.845,41.91,40.816,41.388,1898534.87,887299.03
2025-09-25 13:00:00+00:00,41.386,42.1,40.751,41.841,1339240.41,603329.83
2025-09-25 14:00:00+00:00,41.843,42.458,41.358,41.516,862295.45,402663.86
2025-09-25 15:00:00+00:00,41.515,41.73,40.873,41.726,948241.03,470304.96
2025-09-25 16:00:00+00:00,41.728,42.23,41.327,41.504,863583.0,390495.44
2025-09-25 17:00:00+00:00,41.498,42.208,41.162,41.947,1083524.7,466654.95
2025-09-25 18:00:00+00:00,41.946,43.121,41.56,43.108,1165054.02,592198.0
2025-09-25 19:00:00+00:00,43.108,43.115,42.213,42.366,564741.45,244827.59
2025-09-25 20:00:00+00:00,42.368,42.382,41.25,41.752,758611.2,385643.53
2025-09-25 21:00:00+00:00,41.752,43.493,41.18,41.788,1589790.6,769120.99
2025-09-25 22:00:00+00:00,41.786,42.104,40.51,41.121,827253.97,392953.85
2025-09-25 23:00:00+00:00,41.121,41.436,39.72,40.414,1178336.88,487354.37
2025-09-26 00:00:00+00:00,40.413,42.17,40.381,42.091,963600.33,536411.53
2025-09-26 01:00:00+00:00,42.097,42.732,42.019,42.295,725522.06,354178.06
2025-09-26 02:00:00+00:00,42.295,43.052,42.226,42.551,645309.75,291708.26
2025-09-26 03:00:00+00:00,42.551,43.332,42.456,42.951,661567.96,331908.85
2025-09-26 04:00:00+00:00,42.955,43.36,42.276,42.319,759145.5,401429.25
2025-09-26 05:00:00+00:00,42.328,42.846,41.934,42.12,548172.81,263254.35
2025-09-26 06:00:00+00:00,42.12,42.524,41.734,41.986,517020.93,246597.51
2025-09-26 07:00:00+00:00,41.991,42.535,41.916,42.503,270945.3,143769.78
2025-09-26 08:00:00+00:00,42.502,42.81,42.321,42.496,409922.54,213588.09
2025-09-26 09:00:00+00:00,42.495,42.658,41.893,42.226,507770.89,221773.8
2025-09-26 10:00:00+00:00,42.225,42.258,41.234,41.259,648427.22,255524.51
2025-09-26 11:00:00+00:00,41.258,41.318,40.783,41.155,687055.74,358342.1
2025-09-26 12:00:00+00:00,41.152,42.641,40.93,42.508,1115553.19,508348.63
2025-09-26 13:00:00+00:00,42.508,43.709,42.223,43.491,1030402.85,519982.16
2025-09-26 14:00:00+00:00,43.486,43.651,42.64,43.221,895903.98,390454.14
2025-09-26 15:00:00+00:00,43.22,44.366,43.141,44.276,1165663.17,684859.26
2025-09-26 16:00:00+00:00,44.275,44.999,44.109,44.661,895895.08,441817.69
2025-09-26 17:00:00+00:00,44.66,45.446,44.48,45.094,818165.49,424906.59
2025-09-26 18:00:00+00:00,45.094,45.678,44.832,45.591,661604.06,329368.33
2025-09-26 19:00:00+00:00,45.592,45.612,44.727,44.867,687270.97,276116.72
2025-09-26 20:00:00+00:00,44.867,45.347,44.454,44.545,355522.81,134880.51
2025-09-26 21:00:00+00:00,44.545,44.783,44.315,44.339,358977.9,158603.59
2025-09-26 22:00:00+00:00,44.34,44.826,44.186,44.666,370519.26,176284.0
2025-09-26 23:00:00+00:00,44.665,45.042,44.384,44.827,257826.74,109494.98
2025-09-27 00:00:00+00:00,44.825,45.46,44.729,45.445,355670.94,186003.34
2025-09-27 01:00:00+00:00,45.438,45.497,44.573,44.809,553894.21,246976.32
2025-09-27 02:00:00+00:00,44.81,44.883,44.26,44.268,223659.69,86447.99
2025-09-27 03:00:00+00:00,44.272,44.561,43.871,43.881,516248.24,220773.48
2025-09-27 04:00:00+00:00,43.881,44.248,43.658,44.218,534571.68,231359.3
2025-09-27 05:00:00+00:00,44.218,44.76,44.018,44.715,296700.37,148082.5
2025-09-27 06:00:00+00:00,44.714,44.839,44.462,44.821,312641.16,120573.06
2025-09-27 07:00:00+00:00,44.821,44.96,44.32,44.529,255827.84,111424.82
2025-09-27 08:00:00+00:00,44.528,44.591,43.284,43.552,584082.88,231636.99
2025-09-27 09:00:00+00:00,43.549,43.806,43.067,43.661,851763.84,480716.0
2025-09-27 10:00:00+00:00,43.661,43.936,43.366,43.841,338932.92,180508.0
2025-09-27 11:00:00+00:00,43.844,44.101,43.717,43.722,296906.39,131630.62
2025-09-27 12:00:00+00:00,43.722,44.154,43.35,44.026,324554.27,172629.11
2025-09-27 13:00:00+00:00,44.027,45.9,43.972,45.073,1080922.13,533514.33
2025-09-27 14:00:00+00:00,45.07,45.5,44.859,45.031,414080.77,195491.37
2025-09-27 15:00:00+00:00,45.03,45.847,44.69,45.808,508773.97,261765.67
2025-09-27 16:00:00+00:00,45.808,45.873,45.237,45.388,628085.1,303995.96
2025-09-27 17:00:00+00:00,45.386,45.945,45.1,45.926,307729.46,177452.44
2025-09-27 18:00:00+00:00,45.926,45.937,45.357,45.495,302545.45,125251.13
2025-09-27 19:00:00+00:00,45.495,45.73,45.193,45.651,175231.96,85593.1
2025-09-27 20:00:00+00:00,45.651,46.178,45.56,45.68,402188.83,214551.8
2025-09-27 21:00:00+00:00,45.68,46.114,45.507,45.81,152532.37,66183.49
2025-09-27 22:00:00+00:00,45.815,46.601,45.766,46.005,490470.1,265851.51
2025-09-27 23:00:00+00:00,46.008,46.218,45.074,45.75,537753.69,231423.82
2025-09-28 00:00:00+00:00,45.751,45.883,45.395,45.466,253108.17,121923.88
2025-09-28 01:00:00+00:00,45.467,45.691,45.083,45.087,244451.17,108608.15
2025-09-28 02:00:00+00:00,45.086,45.297,44.926,45.161,208709.39,100156.14
2025-09-28 03:00:00+00:00,45.161,45.372,44.502,44.778,426483.3,181822.17
2025-09-28 04:00:00+00:00,44.779,44.93,44.609,44.714,114478.7,60113.67
2025-09-28 05:00:00+00:00,44.715,44.89,44.38,44.479,193979.48,83625.91
2025-09-28 06:00:00+00:00,44.479,44.542,44.183,44.53,245353.1,114152.34
2025-09-28 07:00:00+00:00,44.53,44.875,44.359,44.846,174380.24,92372.64
2025-09-28 08:00:00+00:00,44.846,44.996,44.272,44.284,244686.88,123184.99
2025-09-28 09:00:00+00:00,44.284,44.418,43.811,44.02,308960.06,125552.79
2025-09-28 10:00:00+00:00,44.015,44.015,43.716,43.987,235171.92,112863.57
2025-09-28 11:00:00+00:00,43.987,44.037,43.421,43.625,327075.55,115948.14
2025-09-28 12:00:00+00:00,43.625,43.66,42.912,43.205,493464.96,210821.62
2025-09-28 13:00:00+00:00,43.207,43.829,43.164,43.758,408193.87,229845.52
2025-09-28 14:00:00+00:00,43.758,44.252,43.492,44.236,325084.13,181041.25
2025-09-28 15:00:00+00:00,44.239,44.568,44.07,44.552,337941.76,161373.23
2025-09-28 16:00:00+00:00,44.552,45.366,44.538,45.277,900149.18,421680.7
2025-09-28 17:00:00+00:00,45.277,46.014,45.2,45.701,732209.71,370131.4
2025-09-28 18:00:00+00:00,45.701,45.935,45.469,45.925,174158.87,89826.16
2025-09-28 19:00:00+00:00,45.924,45.999,45.3,45.687,286354.98,138804.9
2025-09-28 20:00:00+00:00,45.687,46.957,45.558,46.578,549774.24,308153.86
2025-09-28 21:00:00+00:00,46.581,47.22,46.248,46.471,444572.86,251199.67
2025-09-28 22:00:00+00:00,46.473,47.23,46.277,47.144,1091780.4,535110.47
2025-09-28 23:00:00+00:00,47.143,47.33,46.715,47.171,370034.41,181533.29
2025-09-29 00:00:00+00:00,47.177,47.21,46.28,46.86,659172.31,256686.02
2025-09-29 01:00:00+00:00,46.861,47.524,46.76,47.02,401430.33,188478.38
2025-09-29 02:00:00+00:00,47.019,47.513,46.976,47.439,266357.56,138425.79
2025-09-29 03:00:00+00:00,47.438,47.464,46.684,47.347,416322.21,168639.42
2025-09-29 04:00:00+00:00,47.348,47.765,46.977,47.027,488917.19,202746.56
2025-09-29 05:00:00+00:00,47.037,47.22,46.689,46.98,340231.22,177059.58
2025-09-29 06:00:00+00:00,46.98,47.134,46.686,46.987,198965.28,95412.33
2025-09-29 07:00:00+00:00,46.985,47.944,46.768,47.738,413603.6,198141.48
2025-09-29 08:00:00+00:00,47.739,48.08,47.394,47.965,382606.54,192612.32
2025-09-29 09:00:00+00:00,47.963,48.124,47.173,47.201,361618.9,179461.24
2025-09-29 10:00:00+00:00,47.2,47.34,46.565,46.604,319038.61,135003.24
2025-09-29 11:00:00+00:00,46.605,46.769,45.909,46.256,827862.49,417954.55
2025-09-29 12:00:00+00:00,46.256,46.644,45.924,46.059,407335.27,200316.07
2025-09-29 13:00:00+00:00,46.058,47.25,45.75,46.949,934265.08,441452.52
2025-09-29 14:00:00+00:00,46.953,47.866,46.726,47.582,814758.43,401138.93
2025-09-29 15:00:00+00:00,47.584,47.81,46.528,46.67,427791.66,192967.99
2025-09-29 16:00:00+00:00,46.672,47.158,46.104,46.129,377407.26,172203.1
2025-09-29 17:00:00+00:00,46.129,46.191,44.964,45.57,1093899.25,544198.36
2025-09-29 18:00:00+00:00,45.57,45.852,45.241,45.833,246888.61,131340.94
2025-09-29 19:00:00+00:00,45.833,46.092,45.618,46.032,289797.94,135333.08
2025-09-29 20:00:00+00:00,46.039,47.102,45.936,46.858,511654.83,226232.83
2025-09-29 21:00:00+00:00,46.858,46.994,46.461,46.618,216233.67,103522.67
2025-09-29 22:00:00+00:00,46.619,46.689,46.296,46.545,167161.36,77340.57
2025-09-29 23:00:00+00:00,46.55,46.568,46.074,46.19,220585.67,112392.08
2025-09-30 00:00:00+00:00,46.19,46.313,45.511,45.64,415502.09,187282.45
2025-09-30 01:00:00+00:00,45.639,45.917,44.777,45.037,831573.16,387819.8
2025-09-30 02:00:00+00:00,45.037,45.593,44.952,45.022,495711.67,211726.64
2025-09-30 03:00:00+00:00,45.023,45.274,44.535,44.682,420414.65,184351.6
2025-09-30 04:00:00+00:00,44.681,44.873,44.332,44.5,501324.79,213742.52
2025-09-30 05:00:00+00:00,44.501,44.985,44.367,44.816,335096.58,183586.37
2025-09-30 06:00:00+00:00,44.816,45.258,44.583,45.135,355592.25,203871.56
2025-09-30 07:00:00+00:00,45.134,45.316,44.671,44.99,297830.62,142625.81
2025-09-30 08:00:00+00:00,44.99,45.248,44.584,44.616,293764.6,126565.64
2025-09-30 09:00:00+00:00,44.619,44.691,43.61,44.103,1010446.01,436361.97
2025-09-30 10:00:00+00:00,44.103,45.639,44.027,45.495,869030.71,420527.46
2025-09-30 11:00:00+00:00,45.495,45.7,45.112,45.645,517756.38,245367.14
2025-09-30 12:00:00+00:00,45.647,45.648,44.84,44.948,378144.72,177377.39
2025-09-30 13:00:00+00:00,44.948,45.519,44.639,44.918,486377.81,216845.07
2025-09-30 14:00:00+00:00,44.917,45.129,44.55,44.788,455351.98,216378.07
2025-09-30 15:00:00+00:00,44.786,44.811,43.506,43.863,877941.68,403754.31
2025-09-30 16:00:00+00:00,43.863,44.112,43.518,43.919,480622.8,216089.41
2025-09-30 17:00:00+00:00,43.92,47.054,43.747,44.962,988313.41,545178.56
2025-09-30 18:00:00+00:00,44.964,45.609,44.692,44.904,593276.14,309620.97
2025-09-30 19:00:00+00:00,44.904,45.763,44.46,45.509,500300.51,255587.08
2025-09-30 20:00:00+00:00,45.509,46.51,45.23,46.282,382035.04,194511.87
2025-09-30 21:00:00+00:00,46.283,46.385,45.5,45.501,422974.75,193076.94
2025-09-30 22:00:00+00:00,45.5,45.815,45.054,45.081,227703.5,93251.82
2025-09-30 23:00:00+00:00,45.08,45.333,44.884,45.22,255728.99,137048.0
2025-10-01 00:00:00+00:00,45.221,45.594,44.575,45.106,381137.06,178013.98
2025-10-01 01:00:00+00:00,45.107,45.852,44.916,45.772,273643.54,147251.37
2025-10-01 02:00:00+00:00,45.772,45.89,45.277,45.408,319683.0,138431.07
2025-10-01 03:00:00+00:00,45.406,45.555,44.658,44.974,337037.99,157119.72
2025-10-01 04:00:00+00:00,44.974,45.444,44.851,44.92,277606.46,130231.36
2025-10-01 05:00:00+00:00,44.921,45.34,44.82,44.903,292807.84,135584.6
2025-10-01 06:00:00+00:00,44.898,45.01,44.619,44.759,156204.39,78867.4
2025-10-01 07:00:00+00:00,44.758,45.723,44.727,45.7,296903.86,150457.27
2025-10-01 08:00:00+00:00,45.7,47.085,45.593,46.776,764219.16,356573.56
2025-10-01 09:00:00+00:00,46.776,47.3,46.19,46.933,1058949.68,500743.01
2025-10-01 10:00:00+00:00,46.933,47.139,46.54,46.8,332879.65,155266.88
2025-10-01 11:00:00+00:00,46.8,47.689,46.684,47.586,340987.11,182375.38
2025-10-01 12:00:00+00:00,47.578,47.678,47.243,47.293,360861.31,151290.26
2025-10-01 13:00:00+00:00,47.293,47.885,47.293,47.705,327495.34,163436.08
2025-10-01 14:00:00+00:00,47.7,48.106,47.149,47.268,638890.72,315351.21
2025-10-01 15:00:00+00:00,47.267,47.596,46.88,47.234,463927.63,228955.03
2025-10-01 16:00:00+00:00,47.236,48.006,47.116,47.32,452934.56,231213.83
2025-10-01 17:00:00+00:00,47.321,47.499,46.673,46.96,411005.33,187206.36
2025-10-01 18:00:00+00:00,46.959,47.145,46.673,46.938,294419.03,148388.91
2025-10-01 19:00:00+00:00,46.937,47.353,46.874,47.094,216179.15,117206.63
2025-10-01 20:00:00+00:00,47.094,47.186,46.607,46.711,273193.16,159562.51
2025-10-01 21:00:00+00:00,46.711,46.808,46.329,46.792,253681.41,131883.81
2025-10-01 22:00:00+00:00,46.793,47.258,46.64,47.042,338233.44,174918.19
2025-10-01 23:00:00+00:00,47.045,47.279,46.829,47.233,224655.01,113114.79
2025-10-02 00:00:00+00:00,47.228,47.988,46.993,47.145,556612.81,256529.39
2025-10-02 01:00:00+00:00,47.152,48.849,47.058,48.66,721932.56,367154.59
2025-10-02 02:00:00+00:00,48.669,48.842,48.125,48.333,476318.44,212036.0
2025-10-02 03:00:00+00:00,48.333,49.369,48.29,49.359,529947.95,304305.18
2025-10-02 04:00:00+00:00,49.359,49.621,48.812,49.356,471901.85,224923.27
2025-10-02 05:00:00+00:00,49.356,49.714,49.061,49.079,472563.33,235488.14
2025-10-02 06:00:00+00:00,49.079,49.577,48.912,49.203,321093.67,151919.59
2025-10-02 07:00:00+00:00,49.202,49.231,48.583,48.807,305696.89,122130.19
2025-10-02 08:00:00+00:00,48.806,49.244,48.676,49.23,295429.12,138294.42
2025-10-02 09:00:00+00:00,49.231,49.514,48.985,49.432,265962.42,143829.06
2025-10-02 10:00:00+00:00,49.432,49.548,49.139,49.41,237991.69,111709.39
2025-10-02 11:00:00+00:00,49.401,49.845,49.329,49.583,293497.59,166623.49
2025-10-02 12:00:00+00:00,49.581,49.89,49.376,49.689,298626.06,143085.01
2025-10-02 13:00:00+00:00,49.688,49.694,48.895,49.085,465229.32,218678.15
2025-10-02 14:00:00+00:00,49.085,49.106,48.551,48.79,817795.15,380709.84
2025-10-02 15:00:00+00:00,48.79,49.343,48.58,49.181,541447.07,232740.85
2025-10-02 16:00:00+00:00,49.179,49.975,49.076,49.181,558636.96,302010.76
2025-10-02 17:00:00+00:00,49.182,49.976,48.952,49.812,421331.62,179043.1
2025-10-02 18:00:00+00:00,49.812,50.415,49.766,50.016,570667.68,292028.72
2025-10-02 19:00:00+00:00,50.018,51.089,49.995,50.855,579136.03,288423.17
2025-10-02 20:00:00+00:00,50.854,50.868,50.105,50.736,426355.32,203564.6
2025-10-02 21:00:00+00:00,50.736,50.912,50.004,50.153,317829.69,157007.26
2025-10-02 22:00:00+00:00,50.152,50.471,49.935,50.139,236980.0,121750.41
2025-10-02 23:00:00+00:00,50.134,50.868,50.11,50.811,267730.45,142693.46
2025-10-03 00:00:00+00:00,50.812,50.829,50.248,50.498,237459.05,117110.04
2025-10-03 01:00:00+00:00,50.497,50.736,49.647,49.726,444782.34,218928.34
2025-10-03 02:00:00+00:00,49.726,50.595,49.692,50.587,266619.19,156064.57
2025-10-03 03:00:00+00:00,50.586,50.828,50.064,50.106,316194.29,141147.86
2025-10-03 04:00:00+00:00,50.113,50.374,49.549,50.324,499642.57,265656.83
2025-10-03 05:00:00+00:00,50.327,50.378,49.939,50.13,203544.41,108387.63
2025-10-03 06:00:00+00:00,50.13,50.4,49.645,49.797,229790.18,121353.13
2025-10-03 07:00:00+00:00,49.796,49.965,49.323,49.542,359219.62,187086.55
2025-10-03 08:00:00+00:00,49.542,49.682,48.5,49.08,867324.3,466857.42
2025-10-03 09:00:00+00:00,49.08,49.498,48.857,49.353,478189.37,265485.67
2025-10-03 10:00:00+00:00,49.355,49.924,49.235,49.915,318495.54,199850.59
2025-10-03 11:00:00+00:00,49.912,49.915,49.164,49.486,450317.74,188318.13
2025-10-03 12:00:00+00:00,49.487,49.649,48.877,49.056,322545.04,127948.98
2025-10-03 13:00:00+00:00,49.057,49.291,48.753,48.908,364804.91,177243.08
2025-10-03 14:00:00+00:00,48.908,49.675,48.387,49.305,605935.09,279477.34
2025-10-03 15:00:00+00:00,49.304,50.733,48.96,50.432,825176.3,378175.32
2025-10-03 16:00:00+00:00,50.432,50.878,50.036,50.124,915151.78,433842.35
2025-10-03 17:00:00+00:00,50.124,50.875,49.603,50.029,1055838.74,507730.34
2025-10-03 18:00:00+00:00,50.031,50.554,49.593,50.2,506053.93,231755.5
2025-10-03 19:00:00+00:00,50.201,50.333,49.715,49.999,393293.58,193323.62
2025-10-03 20:00:00+00:00,49.999,50.167,49.652,50.067,255623.21,135350.9
2025-10-03 21:00:00+00:00,50.068,50.096,49.704,49.789,151068.18,79259.81
2025-10-03 22:00:00+00:00,49.789,50.101,49.663,50.024,176241.21,87362.97
2025-10-03 23:00:00+00:00,50.022,50.022,49.299,49.431,200104.51,86995.13
2025-10-04 00:00:00+00:00,49.431,49.59,48.804,48.953,429242.12,194098.84
2025-10-04 01:00:00+00:00,48.954,49.043,48.627,48.738,249616.0,121411.68
2025-10-04 02:00:00+00:00,48.738,49.104,48.618,49.022,288133.45,159645.13
2025-10-04 03:00:00+00:00,49.024,49.179,48.85,48.962,170458.43,84132.53
2025-10-04 04:00:00+00:00,48.964,49.155,48.784,48.964,154357.35,78383.48
2025-10-04 05:00:00+00:00,48.965,49.277,48.654,48.724,229027.14,108613.64
2025-10-04 06:00:00+00:00,48.723,49.175,48.584,49.02,274200.7,135600.8
2025-10-04 07:00:00+00:00,49.02,49.167,48.628,48.695,146605.73,64006.03
2025-10-04 08:00:00+00:00,48.696,48.913,48.122,48.251,503428.06,199139.56
2025-10-04 09:00:00+00:00,48.251,48.564,48.24,48.288,211028.05,97396.54
2025-10-04 10:00:00+00:00,48.289,48.69,48.025,48.069,348970.89,126814.05
2025-10-04 11:00:00+00:00,48.07,48.325,47.765,48.228,558904.56,215812.51
2025-10-04 12:00:00+00:00,48.228,48.504,48.066,48.153,245904.55,135356.92
2025-10-04 13:00:00+00:00,48.153,48.802,48.123,48.619,488411.58,314753.07
2025-10-04 14:00:00+00:00,48.62,48.85,47.914,47.923,430795.0,150133.76
2025-10-04 15:00:00+00:00,47.925,48.088,47.666,47.891,440843.5,204455.26
2025-10-04 16:00:00+00:00,47.891,48.333,47.881,48.31,243559.27,131013.55
2025-10-04 17:00:00+00:00,48.311,48.47,48.155,48.364,145939.51,71044.39
2025-10-04 18:00:00+00:00,48.364,48.757,48.284,48.369,240074.88,128317.82
2025-10-04 19:00:00+00:00,48.369,48.744,48.319,48.565,154915.58,85189.6
2025-10-04 20:00:00+00:00,48.565,48.76,48.436,48.564,101452.38,52354.32
2025-10-04 21:00:00+00:00,48.564,49.068,48.561,48.802,197861.55,114089.46
2025-10-04 22:00:00+00:00,48.802,49.08,48.763,49.007,94072.88,49358.97
2025-10-04 23:00:00+00:00,49.006,49.319,48.783,49.121,223696.42,123417.01
2025-10-05 00:00:00+00:00,49.121,49.931,48.864,48.89,412936.2,201720.51
2025-10-05 01:00:00+00:00,48.89,49.509,48.866,49.313,241916.08,123340.83
2025-10-05 02:00:00+00:00,49.311,50.24,49.087,50.169,506733.7,237784.31
2025-10-05 03:00:00+00:00,50.169,50.298,49.772,49.965,283280.66,139815.36
2025-10-05 04:00:00+00:00,49.966,50.847,49.818,50.523,399120.49,207095.65
2025-10-05 05:00:00+00:00,50.523,51.028,50.272,50.596,459662.86,221551.92
2025-10-05 06:00:00+00:00,50.596,50.676,50.106,50.634,342564.06,167100.56
2025-10-05 07:00:00+00:00,50.635,51.339,50.57,51.274,603295.57,281177.68
2025-10-05 08:00:00+00:00,51.274,51.496,50.745,50.888,391281.68,185111.36
2025-10-05 09:00:00+00:00,50.889,51.005,49.978,50.08,698571.71,306271.21
2025-10-05 10:00:00+00:00,50.08,50.142,49.043,49.154,824125.32,414456.71
2025-10-05 11:00:00+00:00,49.152,49.483,48.916,49.289,449381.7,240009.19
2025-10-05 12:00:00+00:00,49.289,49.3,48.854,48.975,279880.78,127406.8
2025-10-05 13:00:00+00:00,48.976,49.5,48.945,49.377,303134.04,166788.42
2025-10-05 14:00:00+00:00,49.378,49.55,48.562,48.945,513108.5,235772.41
2025-10-05 15:00:00+00:00,48.944,49.167,48.822,48.992,237097.86,117609.16
2025-10-05 16:00:00+00:00,48.992,49.172,48.523,49.115,340956.62,170563.8
2025-10-05 17:00:00+00:00,49.115,49.218,48.464,48.5,320156.91,150027.74
2025-10-05 18:00:00+00:00,48.5,48.632,47.71,47.915,1040918.25,340348.81
2025-10-05 19:00:00+00:00,47.916,48.066,47.333,47.447,596220.45,266023.48
2025-10-05 20:00:00+00:00,47.444,48.014,47.336,47.856,389982.27,199902.86
2025-10-05 21:00:00+00:00,47.856,47.993,47.717,47.885,162565.48,82019.62
2025-10-05 22:00:00+00:00,47.885,48.326,47.885,48.265,264673.7,162256.71
2025-10-05 23:00:00+00:00,48.262,48.459,48.12,48.195,216256.15,129139.01
2025-10-06 00:00:00+00:00,48.195,48.693,47.828,48.025,472228.63,215986.82
2025-10-06 01:00:00+00:00,48.024,48.817,47.916,48.522,484124.77,213957.35
2025-10-06 02:00:00+00:00,48.521,48.748,48.173,48.555,269230.3,126408.67
2025-10-06 03:00:00+00:00,48.553,48.577,48.286,48.413,180218.17,76031.04
2025-10-06 04:00:00+00:00,48.413,48.722,48.262,48.316,240404.76,108110.46
2025-10-06 05:00:00+00:00,48.316,48.746,48.235,48.629,238853.9,116400.87
2025-10-06 06:00:00+00:00,48.629,49.005,48.575,48.848,273419.41,149569.38
2025-10-06 07:00:00+00:00,48.85,49.124,48.271,48.479,412422.12,178716.84
2025-10-06 08:00:00+00:00,48.48,48.886,48.48,48.782,224465.79,122260.18
2025-10-06 09:00:00+00:00,48.783,49.1,48.618,48.71,276111.27,156729.08
2025-10-06 10:00:00+00:00,48.708,48.744,48.333,48.364,300125.26,157189.08
2025-10-06 11:00:00+00:00,48.364,48.6,48.054,48.275,368371.2,161249.88
2025-10-06 12:00:00+00:00,48.281,49.05,48.25,48.626,514456.11,280329.78
2025-10-06 13:00:00+00:00,48.625,48.954,48.278,48.826,614881.34,318291.81
2025-10-06 14:00:00+00:00,48.83,49.173,48.32,48.409,717086.91,353306.54
2025-10-06 15:00:00+00:00,48.408,49.01,48.332,48.797,361590.25,174223.73
2025-10-06 16:00:00+00:00,48.796,49.008,48.248,48.709,387526.77,208527.6
2025-10-06 17:00:00+00:00,48.707,48.945,48.31,48.854,376901.26,181358.14
2025-10-06 18:00:00+00:00,48.855,49.465,48.684,49.365,376756.47,189713.12
2025-10-06 19:00:00+00:00,49.365,49.587,49.062,49.312,311054.6,159136.67
2025-10-06 20:00:00+00:00,49.325,49.736,48.727,49.012,361145.2,184021.27
2025-10-06 21:00:00+00:00,49.008,49.115,48.475,48.853,247086.72,129883.67
2025-10-06 22:00:00+00:00,48.853,48.889,48.234,48.317,209694.55,85452.02
2025-10-06 23:00:00+00:00,48.318,48.372,47.2,47.213,850498.1,357348.33
2025-10-07 00:00:00+00:00,47.212,47.748,47.01,47.275,699709.92,332891.76
2025-10-07 01:00:00+00:00,47.276,47.276,46.587,46.952,642563.38,270367.15
2025-10-07 02:00:00+00:00,46.952,47.126,46.704,46.86,333428.58,133722.25
2025-10-07 03:00:00+00:00,46.864,47.012,46.336,46.584,473458.7,174546.04
2025-10-07 04:00:00+00:00,46.584,46.584,46.062,46.458,629316.41,272965.4
2025-10-07 05:00:00+00:00,46.453,46.638,46.082,46.629,446343.85,238842.68
2025-10-07 06:00:00+00:00,46.632,46.633,45.772,45.954,587080.41,226723.46
2025-10-07 07:00:00+00:00,45.956,46.206,45.69,45.828,370766.74,175540.17
2025-10-07 08:00:00+00:00,45.828,46.218,45.555,46.012,619760.06,339786.72
2025-10-07 09:00:00+00:00,46.012,46.33,45.979,46.203,320640.39,191286.93
2025-10-07 10:00:00+00:00,46.203,46.528,46.064,46.114,328428.34,168329.63
2025-10-07 11:00:00+00:00,46.115,46.359,45.87,45.96,323174.12,160370.99
2025-10-07 12:00:00+00:00,45.96,46.47,45.831,46.444,333148.24,177819.82
2025-10-07 13:00:00+00:00,46.45,46.542,45.539,45.646,932235.15,423131.33
2025-10-07 14:00:00+00:00,45.649,45.736,44.82,44.912,1259782.09,495869.28
2025-10-07 15:00:00+00:00,44.912,45.42,44.526,45.221,1102918.02,545845.47
2025-10-07 16:00:00+00:00,45.22,45.733,45.052,45.552,601497.63,329722.74
2025-10-07 17:00:00+00:00,45.551,45.715,45.025,45.029,418947.58,195949.64
2025-10-07 18:00:00+00:00,45.03,45.28,44.659,44.771,433978.34,180822.68
2025-10-07 19:00:00+00:00,44.771,45.179,44.697,44.968,267540.95,143647.57
2025-10-07 20:00:00+00:00,44.972,45.423,44.955,45.188,275807.75,153673.23
2025-10-07 21:00:00+00:00,45.189,45.569,45.048,45.153,206689.67,107611.91
2025-10-07 22:00:00+00:00,45.154,45.686,45.044,45.389,247695.88,125546.51
2025-10-07 23:00:00+00:00,45.39,45.417,45.0,45.123,181154.05,70443.47
2025-10-08 00:00:00+00:00,45.124,45.676,44.84,45.439,294675.6,145174.16
2025-10-08 01:00:00+00:00,45.439,45.97,45.28,45.785,396152.21,197779.5
2025-10-08 02:00:00+00:00,45.785,46.252,45.643,45.991,277670.09,160284.91
2025-10-08 03:00:00+00:00,45.99,46.143,45.315,45.532,325253.06,120349.42
2025-10-08 04:00:00+00:00,45.532,46.134,45.411,45.984,298792.99,140493.12
2025-10-08 05:00:00+00:00,45.983,45.983,45.367,45.626,219775.04,92938.29
2025-10-08 06:00:00+00:00,45.625,45.784,45.363,45.777,181622.57,97867.25
2025-10-08 07:00:00+00:00,45.779,46.36,45.756,46.352,391659.87,195486.73
2025-10-08 08:00:00+00:00,46.357,46.503,46.249,46.408,321812.91,165357.57
2025-10-08 09:00:00+00:00,46.408,46.508,46.07,46.123,192358.2,90449.46
2025-10-08 10:00:00+00:00,46.123,46.665,46.056,46.436,334250.82,167464.42
2025-10-08 11:00:00+00:00,46.433,46.567,45.794,45.945,401916.56,194205.78
2025-10-08 12:00:00+00:00,45.945,46.124,45.82,45.966,220296.65,116536.25
2025-10-08 13:00:00+00:00,45.964,46.182,45.627,46.15,423521.42,214055.0
2025-10-08 14:00:00+00:00,46.151,46.557,45.703,45.867,650368.69,284055.25
2025-10-08 15:00:00+00:00,45.87,46.157,45.735,45.76,315685.91,122434.48
2025-10-08 16:00:00+00:00,45.759,47.03,45.747,46.916,747912.85,373416.5
2025-10-08 17:00:00+00:00,46.916,47.213,46.47,46.572,704216.1,308383.74
2025-10-08 18:00:00+00:00,46.572,47.352,46.412,46.916,812242.16,411992.43
2025-10-08 19:00:00+00:00,46.916,47.01,46.474,46.778,292235.08,135243.05
2025-10-08 20:00:00+00:00,46.779,46.842,46.325,46.346,124509.91,57201.13
2025-10-08 21:00:00+00:00,46.348,46.605,46.184,46.272,154278.92,72277.18
2025-10-08 22:00:00+00:00,46.271,46.487,46.209,46.21,89568.68,47010.52
2025-10-08 23:00:00+00:00,46.21,46.646,45.902,46.645,269041.66,130966.32
2025-10-09 00:00:00+00:00,46.645,46.804,46.096,46.14,301504.99,129185.65
2025-10-09 01:00:00+00:00,46.14,46.246,45.413,45.777,532898.75,243811.42
2025-10-09 02:00:00+00:00,45.777,45.823,44.926,45.053,522128.99,225461.06
2025-10-09 03:00:00+00:00,45.053,45.64,45.044,45.362,277080.4,144074.75
2025-10-09 04:00:00+00:00,45.365,45.918,45.039,45.736,419605.75,219800.08
2025-10-09 05:00:00+00:00,45.734,45.836,45.528,45.719,182874.99,70479.06
2025-10-09 06:00:00+00:00,45.72,45.928,45.248,45.552,361390.64,171043.3
2025-10-09 07:00:00+00:00,45.553,45.627,45.101,45.293,240159.31,112340.58
2025-10-09 08:00:00+00:00,45.293,45.42,44.53,44.697,679854.87,326372.4
2025-10-09 09:00:00+00:00,44.7,45.019,44.3,44.612,563541.43,252435.35
2025-10-09 10:00:00+00:00,44.611,44.868,44.41,44.442,260902.08,115275.38
2025-10-09 11:00:00+00:00,44.442,44.67,44.268,44.278,310075.33,144655.04
2025-10-09 12:00:00+00:00,44.279,44.98,44.179,44.742,400420.95,197053.22
2025-10-09 13:00:00+00:00,44.742,44.853,44.209,44.252,319876.31,142459.88
2025-10-09 14:00:00+00:00,44.253,44.537,43.275,43.404,1123146.51,473637.57
2025-10-09 15:00:00+00:00,43.409,43.657,42.788,43.207,1025725.1,514449.14
2025-10-09 16:00:00+00:00,43.207,43.45,42.359,42.567,752988.89,339244.18
2025-10-09 17:00:00+00:00,42.567,43.179,42.38,43.126,623950.21,335701.44
2025-10-09 18:00:00+00:00,43.126,43.171,42.675,42.976,360947.97,176049.04
2025-10-09 19:00:00+00:00,42.978,43.616,42.952,43.533,493719.04,266787.37
2025-10-09 20:00:00+00:00,43.533,44.064,43.499,43.809,534729.33,252008.1
2025-10-09 21:00:00+00:00,43.809,44.1,43.697,44.076,164908.77,85420.33
2025-10-09 22:00:00+00:00,44.077,44.566,43.966,44.232,363250.79,194737.79
2025-10-09 23:00:00+00:00,44.231,44.31,43.918,43.965,264228.27,132640.97
2025-10-10 00:00:00+00:00,43.966,44.183,43.945,44.09,183202.66,97826.66
2025-10-10 01:00:00+00:00,44.091,44.302,44.021,44.246,169685.31,102426.01
2025-10-10 02:00:00+00:00,44.246,44.453,44.093,44.127,163361.01,82514.82
2025-10-10 03:00:00+00:00,44.127,44.564,43.946,44.202,216575.44,110455.65
2025-10-10 04:00:00+00:00,44.2,44.341,43.491,43.714,319117.46,118453.95
2025-10-10 05:00:00+00:00,43.714,43.968,43.444,43.922,345550.33,190873.67
2025-10-10 06:00:00+00:00,43.924,44.251,43.82,43.96,320521.9,159169.16
2025-10-10 07:00:00+00:00,43.96,43.97,43.466,43.688,379660.4,185876.51
2025-10-10 08:00:00+00:00,43.69,44.355,43.69,44.31,239376.14,128173.85
2025-10-10 09:00:00+00:00,44.309,44.759,44.212,44.339,416104.16,197022.2
2025-10-10 10:00:00+00:00,44.339,44.67,44.301,44.566,177793.88,92812.13
2025-10-10 11:00:00+00:00,44.567,44.844,44.43,44.716,251618.59,127004.38
2025-10-10 12:00:00+00:00,44.717,44.815,44.404,44.7,139992.13,73640.97
2025-10-10 13:00:00+00:00,44.7,45.192,44.529,45.054,401185.33,210151.86
2025-10-10 14:00:00+00:00,45.053,45.411,44.231,44.3,611795.25,289559.4
2025-10-10 15:00:00+00:00,44.301,44.364,42.1,42.6,2468077.16,1132503.34
2025-10-10 16:00:00+00:00,42.599,43.172,42.2,42.674,932995.63,455297.96
2025-10-10 17:00:00+00:00,42.674,43.562,42.537,42.848,588297.09,292820.72
2025-10-10 18:00:00+00:00,42.849,43.176,42.318,42.402,494294.76,229615.22
2025-10-10 19:00:00+00:00,42.401,42.987,42.113,42.862,674280.37,329508.29
2025-10-10 20:00:00+00:00,42.865,43.386,40.612,40.858,1155742.24,502136.23
2025-10-10 21:00:00+00:00,40.858,46.064,21.029,41.973,8475932.44,4010857.39
2025-10-10 22:00:00+00:00,41.98,42.113,38.44,39.626,2273934.42,1175488.66
2025-10-10 23:00:00+00:00,39.618,40.419,37.521,37.735,1687024.51,857227.0
2025-10-11 00:00:00+00:00,37.735,39.113,37.238,38.62,1191115.35,680575.35
2025-10-11 01:00:00+00:00,38.619,38.902,36.07,36.988,1317961.82,734313.07
2025-10-11 02:00:00+00:00,36.99,39.352,36.906,39.214,955995.49,471456.47
2025-10-11 03:00:00+00:00,39.219,39.244,37.493,37.989,893355.2,427175.05
2025-10-11 04:00:00+00:00,37.991,39.272,37.928,39.272,698367.8,444011.84
2025-10-11 05:00:00+00:00,39.272,39.783,38.861,38.897,604966.83,300873.3
2025-10-11 06:00:00+00:00,38.898,39.341,38.384,39.049,620807.53,323694.55
2025-10-11 07:00:00+00:00,39.052,40.034,38.595,39.165,867525.75,424740.58
2025-10-11 08:00:00+00:00,39.165,40.028,38.721,39.92,848709.54,481587.06
2025-10-11 09:00:00+00:00,39.915,40.99,39.762,40.292,847309.26,408791.68
2025-10-11 10:00:00+00:00,40.294,40.943,39.981,40.322,655099.0,324693.17
2025-10-11 11:00:00+00:00,40.322,40.328,39.431,39.936,630199.4,342154.25
2025-10-11 12:00:00+00:00,39.933,40.035,38.894,39.387,581849.98,283059.89
2025-10-11 13:00:00+00:00,39.387,39.485,38.487,38.639,839464.82,340175.35
2025-10-11 14:00:00+00:00,38.639,38.754,37.924,38.297,801878.55,415671.44
2025-10-11 15:00:00+00:00,38.297,38.851,37.444,38.101,818142.57,423828.39
2025-10-11 16:00:00+00:00,38.1,38.558,37.563,37.815,505001.34,261788.53
2025-10-11 17:00:00+00:00,37.812,38.435,37.805,38.301,570408.71,295755.34
2025-10-11 18:00:00+00:00,38.301,38.301,37.684,37.854,292983.46,124892.5
2025-10-11 19:00:00+00:00,37.858,37.912,36.15,36.439,1223610.48,577170.56
2025-10-11 20:00:00+00:00,36.44,36.6,35.188,36.116,1782589.35,818709.29
2025-10-11 21:00:00+00:00,36.116,37.421,35.662,36.944,1207499.18,633223.92
2025-10-11 22:00:00+00:00,36.943,37.497,36.756,37.188,610498.44,283584.59
2025-10-11 23:00:00+00:00,37.189,37.22,36.766,36.828,297425.92,121588.39
2025-10-12 00:00:00+00:00,36.825,37.195,36.228,36.319,731351.77,341538.58
2025-10-12 01:00:00+00:00,36.32,37.371,36.229,37.205,589775.28,274223.99
2025-10-12 02:00:00+00:00,37.203,37.7,35.905,36.509,845076.93,379159.64
2025-10-12 03:00:00+00:00,36.509,37.566,36.421,37.079,596894.88,296629.25
2025-10-12 04:00:00+00:00,37.079,38.344,36.919,38.173,763420.79,401339.61
2025-10-12 05:00:00+00:00,38.173,38.838,37.892,38.455,445723.18,258381.64
2025-10-12 06:00:00+00:00,38.459,38.899,38.171,38.261,468961.09,219203.93
2025-10-12 07:00:00+00:00,38.264,38.277,37.584,37.773,513826.78,236287.92
2025-10-12 08:00:00+00:00,37.776,37.911,36.96,37.036,543180.11,233223.08
2025-10-12 09:00:00+00:00,37.039,37.234,36.391,37.122,789744.35,400551.49
2025-10-12 10:00:00+00:00,37.124,37.277,36.779,36.934,445851.89,216682.73
2025-10-12 11:00:00+00:00,36.934,37.645,36.898,37.36,349566.56,190778.02
2025-10-12 12:00:00+00:00,37.36,38.16,37.309,37.988,720631.38,411759.89
2025-10-12 13:00:00+00:00,37.991,38.003,36.942,37.185,618835.94,246125.57
2025-10-12 14:00:00+00:00,37.185,39.188,37.148,38.639,1046712.12,547033.59
2025-10-12 15:00:00+00:00,38.639,40.031,38.594,39.402,1969249.59,1033745.16
2025-10-12 16:00:00+00:00,39.402,40.552,39.401,40.142,1413706.96,712727.29
2025-10-12 17:00:00+00:00,40.141,40.495,39.442,39.771,1003032.09,452063.61
2025-10-12 18:00:00+00:00,39.772,40.135,39.151,39.551,653699.62,320710.5
2025-10-12 19:00:00+00:00,39.555,40.378,39.537,40.271,336521.73,185148.18
2025-10-12 20:00:00+00:00,40.272,40.923,40.011,40.435,752806.11,352115.48
2025-10-12 21:00:00+00:00,40.433,40.451,39.42,39.926,604138.8,295168.05
2025-10-12 22:00:00+00:00,39.928,40.407,39.735,40.306,516447.75,252297.49
2025-10-12 23:00:00+00:00,40.306,40.335,39.481,39.621,414636.29,184641.21
2025-10-13 00:00:00+00:00,39.62,40.074,39.291,39.513,442701.16,210317.27
2025-10-13 01:00:00+00:00,39.512,40.173,39.241,40.08,463950.37,226298.65
2025-10-13 02:00:00+00:00,40.079,40.211,39.298,39.747,390195.22,186127.86
2025-10-13 03:00:00+00:00,39.746,39.83,38.936,39.115,555815.55,257715.62
2025-10-13 04:00:00+00:00,39.114,39.141,38.571,38.936,447426.63,189093.55
2025-10-13 05:00:00+00:00,38.935,38.951,38.177,38.341,418265.35,193116.14
2025-10-13 06:00:00+00:00,38.34,41.814,38.21,41.673,1690383.79,912572.9
2025-10-13 07:00:00+00:00,41.672,42.496,41.019,42.451,1593153.59,781378.04
2025-10-13 08:00:00+00:00,42.45,42.601,41.717,41.798,777137.38,373642.69
2025-10-13 09:00:00+00:00,41.798,42.088,41.349,41.874,644606.14,318354.62
2025-10-13 10:00:00+00:00,41.875,42.169,40.88,40.937,544925.83,234696.61
2025-10-13 11:00:00+00:00,40.94,40.965,39.427,40.278,1363489.6,600850.26
2025-10-13 12:00:00+00:00,40.273,40.743,39.824,40.396,734903.36,370843.68
2025-10-13 13:00:00+00:00,40.394,41.452,40.055,41.337,1301186.84,645472.93
2025-10-13 14:00:00+00:00,41.339,41.44,39.798,39.857,1168077.44,522535.06
2025-10-13 15:00:00+00:00,39.86,40.371,39.648,39.75,707240.05,321522.82
2025-10-13 16:00:00+00:00,39.752,40.354,39.713,40.172,633690.07,322983.04
2025-10-13 17:00:00+00:00,40.171,40.925,40.026,40.891,626929.71,309629.94
2025-10-13 18:00:00+00:00,40.89,41.362,40.529,41.336,526646.13,258925.46
2025-10-13 19:00:00+00:00,41.337,42.217,41.181,42.021,771336.14,405188.11
2025-10-13 20:00:00+00:00,42.019,43.08,41.855,42.996,643074.62,322372.33
2025-10-13 21:00:00+00:00,42.995,43.263,42.577,42.864,561935.94,279626.32
2025-10-13 22:00:00+00:00,42.869,43.3,42.709,43.147,563121.52,269530.65
2025-10-13 23:00:00+00:00,43.144,43.625,42.014,42.424,1163586.04,549590.92
2025-10-14 00:00:00+00:00,42.427,43.169,42.366,42.77,676593.13,326489.69
2025-10-14 01:00:00+00:00,42.768,42.805,41.905,42.103,658692.33,341991.35
2025-10-14 02:00:00+00:00,42.1,42.157,41.508,41.613,464460.19,223155.66
2025-10-14 03:00:00+00:00,41.613,41.836,41.188,41.226,490854.03,202356.68
2025-10-14 04:00:00+00:00,41.22,41.351,40.248,40.535,677733.17,301411.66
2025-10-14 05:00:00+00:00,40.536,40.969,39.8,39.968,658574.23,303182.44
2025-10-14 06:00:00+00:00,39.968,40.421,38.5,39.167,1494810.48,687389.86
2025-10-14 07:00:00+00:00,39.173,39.43,38.611,38.759,777502.25,368661.66
2025-10-14 08:00:00+00:00,38.764,39.239,38.41,38.739,798047.29,391540.81
2025-10-14 09:00:00+00:00,38.742,39.368,38.638,38.825,889368.99,434915.42
2025-10-14 10:00:00+00:00,38.822,38.894,37.705,37.988,1501612.24,635471.42
2025-10-14 11:00:00+00:00,37.99,38.467,37.82,38.199,605292.83,296305.95
2025-10-14 12:00:00+00:00,38.198,38.315,37.486,37.612,528647.92,234342.58
2025-10-14 13:00:00+00:00,37.611,38.555,37.349,38.244,946467.72,461421.71
2025-10-14 14:00:00+00:00,38.243,39.399,38.178,38.615,1283077.89,659910.21
2025-10-14 15:00:00+00:00,38.614,40.129,38.593,40.088,917642.4,490728.18
2025-10-14 16:00:00+00:00,40.09,40.415,39.503,40.011,1024298.97,471627.5
2025-10-14 17:00:00+00:00,40.012,40.724,39.561,40.114,852453.21,394746.74
2025-10-14 18:00:00+00:00,40.115,40.511,39.602,39.74,662981.22,295639.41
2025-10-14 19:00:00+00:00,39.741,39.99,38.835,39.326,746859.33,333260.54
2025-10-14 20:00:00+00:00,39.327,39.501,38.884,39.483,422842.58,210944.01
2025-10-14 21:00:00+00:00,39.485,39.498,38.967,39.477,163811.45,85607.18
2025-10-14 22:00:00+00:00,39.477,39.81,39.231,39.407,210228.6,114861.06
2025-10-14 23:00:00+00:00,39.406,39.708,39.348,39.39,174168.12,82506.84
2025-10-15 00:00:00+00:00,39.393,39.577,38.89,39.132,292352.72,132120.01
2025-10-15 01:00:00+00:00,39.131,39.178,38.563,39.016,385858.53,183139.45
2025-10-15 02:00:00+00:00,39.015,39.758,39.009,39.428,490465.59,264826.09
2025-10-15 03:00:00+00:00,39.428,39.544,38.748,38.874,353000.42,165967.7
2025-10-15 04:00:00+00:00,38.875,39.068,38.731,38.986,298236.01,154677.83
2025-10-15 05:00:00+00:00,38.988,39.178,38.732,39.145,216643.69,104349.22
2025-10-15 06:00:00+00:00,39.144,39.85,38.771,39.569,555549.29,313264.53
2025-10-15 07:00:00+00:00,39.569,40.13,39.345,40.122,340046.79,191351.09
2025-10-15 08:00:00+00:00,40.12,41.189,40.069,40.694,756893.51,400868.62
2025-10-15 09:00:00+00:00,40.695,41.083,40.523,40.742,420793.97,228507.21
2025-10-15 10:00:00+00:00,40.74,40.893,40.101,40.31,340137.09,142317.38
2025-10-15 11:00:00+00:00,40.309,40.926,40.284,40.336,346154.79,163026.58
2025-10-15 12:00:00+00:00,40.336,40.461,39.405,39.72,598322.63,255439.28
2025-10-15 13:00:00+00:00,39.722,39.837,38.6,39.193,1132713.62,457294.86
2025-10-15 14:00:00+00:00,39.193,40.344,38.808,38.951,1068656.25,465292.49
2025-10-15 15:00:00+00:00,38.948,39.328,38.55,38.795,771556.94,346827.31
2025-10-15 16:00:00+00:00,38.796,39.043,38.534,38.676,508456.24,210416.98
2025-10-15 17:00:00+00:00,38.676,38.812,38.202,38.752,606216.2,278019.06
2025-10-15 18:00:00+00:00,38.75,39.118,38.436,39.071,371312.31,171574.64
2025-10-15 19:00:00+00:00,39.071,39.098,38.475,38.709,217452.49,101123.5
2025-10-15 20:00:00+00:00,38.707,38.882,37.768,38.276,484772.42,193029.72
2025-10-15 21:00:00+00:00,38.275,38.461,37.502,37.621,495129.39,227044.61
2025-10-15 22:00:00+00:00,37.622,37.793,36.815,37.194,589490.73,259141.64
2025-10-15 23:00:00+00:00,37.194,37.528,37.06,37.364,444748.1,196425.88
2025-10-16 00:00:00+00:00,37.362,37.543,37.1,37.249,343128.5,165922.88
2025-10-16 01:00:00+00:00,37.251,37.952,37.204,37.878,377767.54,175452.83
2025-10-16 02:00:00+00:00,37.878,38.087,37.476,37.867,492970.36,259283.51
2025-10-16 03:00:00+00:00,37.865,37.939,37.326,37.391,221281.74,94359.41
2025-10-16 04:00:00+00:00,37.392,37.762,37.211,37.264,234287.92,117298.14
2025-10-16 05:00:00+00:00,37.264,37.719,37.15,37.506,212271.52,105297.27
2025-10-16 06:00:00+00:00,37.507,38.107,37.485,38.043,299840.06,154642.28
2025-10-16 07:00:00+00:00,38.042,38.066,37.433,37.65,251724.34,118230.44
2025-10-16 08:00:00+00:00,37.652,37.767,37.454,37.574,178545.13,95506.3
2025-10-16 09:00:00+00:00,37.573,38.445,36.905,38.19,1044473.76,523659.89
2025-10-16 10:00:00+00:00,38.19,38.626,38.063,38.545,489694.3,237366.3
2025-10-16 11:00:00+00:00,38.543,38.846,38.354,38.839,368895.41,174565.49
2025-10-16 12:00:00+00:00,38.839,39.459,38.775,39.206,611022.64,317618.9
2025-10-16 13:00:00+00:00,39.203,39.405,38.248,38.483,778839.99,356822.75
2025-10-16 14:00:00+00:00,38.483,38.866,37.74,38.287,1008420.39,478122.09
2025-10-16 15:00:00+00:00,38.287,38.484,36.925,37.009,1027273.26,448273.36
2025-10-16 16:00:00+00:00,37.008,38.127,36.562,38.101,1469083.77,715971.24
2025-10-16 17:00:00+00:00,38.105,38.312,37.457,37.649,746388.31,360187.65
2025-10-16 18:00:00+00:00,37.649,38.066,37.094,37.996,654273.31,319217.33
2025-10-16 19:00:00+00:00,37.995,38.063,36.789,37.18,804189.43,339944.44
2025-10-16 20:00:00+00:00,37.178,37.42,36.48,36.655,612534.85,291865.85
2025-10-16 21:00:00+00:00,36.655,37.101,36.452,37.073,351879.21,165956.02
2025-10-16 22:00:00+00:00,37.073,37.126,36.276,36.329,352002.64,144794.4
2025-10-16 23:00:00+00:00,36.329,36.867,36.292,36.794,345775.21,182954.26
2025-10-17 00:00:00+00:00,36.795,37.54,36.567,37.198,473989.99,243032.33
2025-10-17 01:00:00+00:00,37.198,37.541,36.508,36.965,416272.16,189007.54
2025-10-17 02:00:00+00:00,36.963,37.267,36.593,37.126,353198.91,167259.48
2025-10-17 03:00:00+00:00,37.125,37.464,36.964,37.445,204983.47,102795.35
2025-10-17 04:00:00+00:00,37.441,37.465,37.007,37.012,201044.19,88031.01
2025-10-17 05:00:00+00:00,37.014,37.088,36.551,36.791,358718.01,180671.58
2025-10-17 06:00:00+00:00,36.79,36.941,35.133,35.207,1271226.56,554420.08
2025-10-17 07:00:00+00:00,35.211,35.416,33.512,33.674,2240572.0,938766.48
2025-10-17 08:00:00+00:00,33.673,34.451,33.279,33.874,1890517.83,933816.04
2025-10-17 09:00:00+00:00,33.876,35.04,33.658,34.045,1206207.52,615074.47
2025-10-17 10:00:00+00:00,34.045,34.528,33.81,34.414,995455.52,478725.45
2025-10-17 11:00:00+00:00,34.413,35.71,34.285,35.396,1524944.33,775668.76
2025-10-17 12:00:00+00:00,35.395,35.734,34.962,35.119,557568.58,261159.11
2025-10-17 13:00:00+00:00,35.119,35.993,34.93,35.573,1139833.31,585390.26
2025-10-17 14:00:00+00:00,35.57,35.672,33.593,34.189,2030419.29,997616.42
2025-10-17 15:00:00+00:00,34.188,35.5,34.109,35.488,1042406.28,561239.34
2025-10-17 16:00:00+00:00,35.49,35.958,34.778,34.955,945050.03,465412.48
2025-10-17 17:00:00+00:00,34.954,35.388,34.762,35.142,465787.88,253892.61
2025-10-17 18:00:00+00:00,35.143,35.724,34.997,35.073,499184.41,235422.13
2025-10-17 19:00:00+00:00,35.072,35.332,34.562,34.844,442321.09,208646.48
2025-10-17 20:00:00+00:00,34.84,35.486,34.672,35.28,275229.01,145549.92
2025-10-17 21:00:00+00:00,35.275,35.995,35.261,35.813,336903.19,192812.37
2025-10-17 22:00:00+00:00,35.813,36.191,35.287,35.504,359959.15,191353.71
2025-10-17 23:00:00+00:00,35.504,35.525,35.089,35.462,302603.72,155246.21
2025-10-18 00:00:00+00:00,35.462,35.582,34.998,35.197,282370.85,142955.69
2025-10-18 01:00:00+00:00,35.197,35.736,35.153,35.496,263255.4,131344.89
2025-10-18 02:00:00+00:00,35.497,35.594,34.98,35.077,293912.87,143286.47
2025-10-18 03:00:00+00:00,35.076,35.404,35.068,35.201,174756.74,74296.21
2025-10-18 04:00:00+00:00,35.197,35.206,34.614,34.641,248679.08,107690.35
2025-10-18 05:00:00+00:00,34.642,35.237,34.637,35.066,252161.25,118776.3
2025-10-18 06:00:00+00:00,35.069,35.245,34.796,35.073,254072.36,104295.26
2025-10-18 07:00:00+00:00,35.078,35.771,35.056,35.299,578762.87,279283.24
2025-10-18 08:00:00+00:00,35.298,36.372,35.268,35.945,681359.27,352814.54
2025-10-18 09:00:00+00:00,35.946,36.294,35.691,36.228,333758.32,171913.2
2025-10-18 10:00:00+00:00,36.228,36.3,35.746,35.945,314848.01,135107.25
2025-10-18 11:00:00+00:00,35.945,36.054,35.75,36.017,304844.16,170314.72
2025-10-18 12:00:00+00:00,36.018,36.141,35.644,35.668,260606.55,110192.16
2025-10-18 13:00:00+00:00,35.665,35.67,35.104,35.23,543409.0,234300.61
2025-10-18 14:00:00+00:00,35.231,35.66,35.049,35.644,330433.41,189314.79
2025-10-18 15:00:00+00:00,35.644,35.841,35.295,35.487,362966.44,164153.57
2025-10-18 16:00:00+00:00,35.487,35.667,34.925,35.197,337080.01,154220.65
2025-10-18 17:00:00+00:00,35.197,35.985,35.059,35.918,319634.18,148741.39
2025-10-18 18:00:00+00:00,35.919,36.544,35.8,36.225,454558.15,218543.63
2025-10-18 19:00:00+00:00,36.224,36.53,35.909,36.149,414180.13,199255.9
2025-10-18 20:00:00+00:00,36.148,36.842,36.099,36.247,480567.66,233449.99
2025-10-18 21:00:00+00:00,36.244,36.423,35.866,36.289,280882.42,130641.53
2025-10-18 22:00:00+00:00,36.288,36.576,36.15,36.495,143857.97,74767.38
2025-10-18 23:00:00+00:00,36.493,36.91,36.419,36.862,227680.4,116232.31
2025-10-19 00:00:00+00:00,36.862,36.945,36.27,36.476,362622.16,158446.84
2025-10-19 01:00:00+00:00,36.476,36.63,36.16,36.5,199607.5,104253.72
2025-10-19 02:00:00+00:00,36.5,36.64,36.324,36.362,170143.18,89717.52
2025-10-19 03:00:00+00:00,36.362,36.967,36.349,36.931,166990.22,78981.63
2025-10-19 04:00:00+00:00,36.931,36.976,36.601,36.742,130140.33,64358.18
2025-10-19 05:00:00+00:00,36.743,36.797,36.109,36.232,227776.84,115323.38
2025-10-19 06:00:00+00:00,36.231,36.308,35.945,36.077,192014.73,91025.29
2025-10-19 07:00:00+00:00,36.077,36.481,36.067,36.419,183681.01,107689.1
2025-10-19 08:00:00+00:00,36.42,36.785,35.979,36.112,531871.28,270366.28
2025-10-19 09:00:00+00:00,36.113,36.797,35.68,36.55,875562.57,418536.54
2025-10-19 10:00:00+00:00,36.548,37.252,36.363,37.194,585695.89,278224.11
2025-10-19 11:00:00+00:00,37.194,37.603,37.085,37.316,547692.38,263624.15
2025-10-19 12:00:00+00:00,37.315,37.661,36.925,37.331,463955.5,219706.5
2025-10-19 13:00:00+00:00,37.332,38.161,37.18,37.995,531205.02,280658.85
2025-10-19 14:00:00+00:00,37.998,38.422,37.731,38.175,657422.91,329379.16
2025-10-19 15:00:00+00:00,38.174,38.389,37.997,38.274,326471.14,153389.16
2025-10-19 16:00:00+00:00,38.273,38.322,37.747,37.934,428865.63,208520.61
2025-10-19 17:00:00+00:00,37.935,38.436,37.814,38.029,430552.77,210759.61
2025-10-19 18:00:00+00:00,38.031,38.513,38.013,38.282,299508.84,153741.04
2025-10-19 19:00:00+00:00,38.281,38.405,37.569,37.836,331943.2,154514.11
2025-10-19 20:00:00+00:00,37.836,37.986,37.67,37.767,162393.31,96116.15
2025-10-19 21:00:00+00:00,37.767,37.971,37.464,37.944,247540.49,144758.11
2025-10-19 22:00:00+00:00,37.946,38.147,37.808,37.86,257333.07,129393.72
2025-10-19 23:00:00+00:00,37.862,37.875,37.35,37.398,372519.68,190730.75
2025-10-20 00:00:00+00:00,37.399,37.4,36.838,37.184,460354.26,223252.42
2025-10-20 01:00:00+00:00,37.183,37.834,36.843,36.883,498032.98,248714.39
2025-10-20 02:00:00+00:00,36.882,37.407,36.7,37.232,301899.6,149232.22
2025-10-20 03:00:00+00:00,37.234,38.339,36.934,38.277,630036.67,333014.01
2025-10-20 04:00:00+00:00,38.278,38.546,38.196,38.493,380229.13,184063.44
2025-10-20 05:00:00+00:00,38.496,38.8,37.859,38.581,904120.67,445586.7
2025-10-20 06:00:00+00:00,38.582,38.692,38.314,38.58,360445.96,166815.98
2025-10-20 07:00:00+00:00,38.58,38.831,38.293,38.416,314252.16,159908.43
2025-10-20 08:00:00+00:00,38.41,39.193,38.244,38.545,662122.62,295435.44
2025-10-20 09:00:00+00:00,38.544,38.616,38.262,38.448,343401.18,178940.45
2025-10-20 10:00:00+00:00,38.446,38.794,38.034,38.206,409044.9,184407.42
2025-10-20 11:00:00+00:00,38.208,38.438,37.911,38.395,306901.78,161072.86
2025-10-20 12:00:00+00:00,38.395,38.881,38.316,38.824,446933.45,228220.62
2025-10-20 13:00:00+00:00,38.823,39.385,38.624,39.18,493113.85,254937.27
2025-10-20 14:00:00+00:00,39.182,39.396,38.672,39.322,460630.81,209655.82
2025-10-20 15:00:00+00:00,39.323,39.574,38.801,38.849,417126.93,187239.57
2025-10-20 16:00:00+00:00,38.849,38.876,37.765,38.278,1395569.67,665994.79
2025-10-20 17:00:00+00:00,38.277,38.808,37.56,37.702,931054.89,411213.98
2025-10-20 18:00:00+00:00,37.703,38.249,37.501,38.135,448473.27,225463.93
2025-10-20 19:00:00+00:00,38.135,38.165,37.63,37.967,251711.59,107351.7
2025-10-20 20:00:00+00:00,37.963,38.415,37.778,38.271,247453.71,135277.86
2025-10-20 21:00:00+00:00,38.267,38.456,37.537,37.665,268563.9,130647.84
2025-10-20 22:00:00+00:00,37.664,38.101,37.627,38.043,137945.0,87748.95
2025-10-20 23:00:00+00:00,38.044,38.091,37.828,37.939,96625.54,45745.87
2025-10-21 00:00:00+00:00,37.936,38.064,37.596,37.974,184044.92,98532.38
2025-10-21 01:00:00+00:00,37.974,38.052,37.347,37.486,273099.96,132766.9
2025-10-21 02:00:00+00:00,37.495,37.531,37.177,37.193,325669.15,150646.95
2025-10-21 03:00:00+00:00,37.193,37.287,37.032,37.083,182082.31,86185.4
2025-10-21 04:00:00+00:00,37.083,37.121,36.097,36.23,1187269.83,512505.51
2025-10-21 05:00:00+00:00,36.231,36.292,35.38,35.599,1097716.08,462185.14
2025-10-21 06:00:00+00:00,35.599,36.115,35.462,35.876,628624.09,340773.78
2025-10-21 07:00:00+00:00,35.876,36.095,35.459,35.997,694413.7,349044.48
2025-10-21 08:00:00+00:00,35.997,36.0,35.4,35.71,393749.19,174738.35
2025-10-21 09:00:00+00:00,35.71,35.876,35.497,35.776,278715.95,150471.09
2025-10-21 10:00:00+00:00,35.776,36.243,35.585,35.868,363795.46,201644.29
2025-10-21 11:00:00+00:00,35.867,36.19,35.627,36.09,326421.04,176027.02
2025-10-21 12:00:00+00:00,36.09,36.854,35.913,36.455,690410.64,352866.4
2025-10-21 13:00:00+00:00,36.454,36.575,35.766,35.976,735589.66,319087.71
2025-10-21 14:00:00+00:00,35.977,37.816,35.949,37.762,1480082.54,731638.39
2025-10-21 15:00:00+00:00,37.763,38.283,37.312,37.863,1367178.0,651486.96
2025-10-21 16:00:00+00:00,37.862,38.36,37.07,37.276,1103442.93,478881.98
2025-10-21 17:00:00+00:00,37.278,37.729,36.798,37.387,1129068.5,553742.86
2025-10-21 18:00:00+00:00,37.39,37.513,36.759,37.097,507337.91,222191.07
2025-10-21 19:00:00+00:00,37.089,37.147,36.826,36.897,228898.58,108353.0
2025-10-21 20:00:00+00:00,36.901,37.023,36.11,36.196,539338.07,229447.43
2025-10-21 21:00:00+00:00,36.195,36.692,35.701,36.684,594879.85,320050.68
2025-10-21 22:00:00+00:00,36.684,36.684,35.563,35.663,794978.44,390091.38
2025-10-21 23:00:00+00:00,35.663,35.857,35.149,35.346,587074.92,279563.85
2025-10-22 00:00:00+00:00,35.345,35.556,34.81,34.881,652334.48,293135.14
2025-10-22 01:00:00+00:00,34.883,35.205,34.627,35.013,590777.63,275667.41
2025-10-22 02:00:00+00:00,35.013,35.444,34.938,35.39,417322.98,227304.73
2025-10-22 03:00:00+00:00,35.388,35.45,34.926,35.223,359772.33,173223.42
2025-10-22 04:00:00+00:00,35.223,35.342,34.742,34.906,450721.03,192172.91
2025-10-22 05:00:00+00:00,34.907,34.939,34.454,34.795,482060.95,217188.68
2025-10-22 06:00:00+00:00,34.795,35.079,34.621,34.77,406591.37,205305.22
2025-10-22 07:00:00+00:00,34.77,35.016,34.515,34.811,580034.75,298048.53
2025-10-22 08:00:00+00:00,34.81,35.261,34.703,35.039,421079.72,225392.82
2025-10-22 09:00:00+00:00,35.039,35.199,34.773,35.018,273095.75,143331.83
2025-10-22 10:00:00+00:00,35.018,35.497,34.987,35.133,424291.05,217996.68
2025-10-22 11:00:00+00:00,35.135,36.098,34.843,35.832,984906.11,513259.59
2025-10-22 12:00:00+00:00,35.833,36.477,35.713,36.044,634831.04,305434.23
2025-10-22 13:00:00+00:00,36.042,36.531,35.783,36.391,645124.44,286203.9
2025-10-22 14:00:00+00:00,36.389,36.419,35.607,36.13,1044612.84,478716.38
2025-10-22 15:00:00+00:00,36.13,36.668,35.76,36.363,846142.12,392943.32
2025-10-22 16:00:00+00:00,36.365,36.669,35.838,36.0,684914.1,328285.76
2025-10-22 17:00:00+00:00,36.001,36.315,35.571,35.736,466924.0,224357.24
2025-10-22 18:00:00+00:00,35.737,35.975,35.591,35.878,412316.56,204838.28
2025-10-22 19:00:00+00:00,35.878,36.788,35.689,36.069,998942.62,485720.0
2025-10-22 20:00:00+00:00,36.071,36.146,35.2,35.305,596290.8,281569.89
2025-10-22 21:00:00+00:00,35.305,35.433,34.8,34.844,934852.12,418307.88
2025-10-22 22:00:00+00:00,34.846,35.816,34.682,35.067,1099720.24,580515.99
2025-10-22 23:00:00+00:00,35.066,36.831,35.03,36.233,1068848.17,554471.84
2025-10-23 00:00:00+00:00,36.227,36.779,36.148,36.765,507848.23,239835.65
2025-10-23 01:00:00+00:00,36.77,37.973,36.686,37.799,1073335.58,577865.56
2025-10-23 02:00:00+00:00,37.8,38.428,37.51,38.406,809369.29,407116.19
2025-10-23 03:00:00+00:00,38.406,38.423,37.6,37.72,762723.36,347253.1
2025-10-23 04:00:00+00:00,37.724,37.881,37.331,37.371,673458.78,310506.67
2025-10-23 05:00:00+00:00,37.374,38.105,37.01,38.098,547125.22,278107.97
2025-10-23 06:00:00+00:00,38.096,39.22,38.017,39.113,1177140.59,627332.05
2025-10-23 07:00:00+00:00,39.113,39.156,38.435,38.887,805591.91,357737.13
2025-10-23 08:00:00+00:00,38.887,39.177,38.704,39.038,347894.89,172128.5
2025-10-23 09:00:00+00:00,39.038,39.187,38.833,39.102,332999.59,195772.41
2025-10-23 10:00:00+00:00,39.104,39.458,39.044,39.226,508467.96,274211.89
2025-10-23 11:00:00+00:00,39.227,39.228,38.58,38.653,605854.41,289793.98
2025-10-23 12:00:00+00:00,38.652,40.442,38.47,40.313,1950943.76,1049687.01
2025-10-23 13:00:00+00:00,40.317,40.691,39.542,40.213,1269474.07,631453.21
2025-10-23 14:00:00+00:00,40.215,40.798,39.471,40.389,1187240.69,557341.08
2025-10-23 15:00:00+00:00,40.39,40.715,39.474,39.943,1244383.46,609056.99
2025-10-23 16:00:00+00:00,39.943,40.281,39.508,39.764,590202.24,273855.91
2025-10-23 17:00:00+00:00,39.762,39.945,39.22,39.527,809391.28,379017.44
2025-10-23 18:00:00+00:00,39.526,39.597,39.168,39.376,332540.59,157329.88
2025-10-23 19:00:00+00:00,39.376,39.615,38.99,39.415,422579.74,202228.79
2025-10-23 20:00:00+00:00,39.415,39.486,38.888,39.024,551534.5,234109.6
2025-10-23 21:00:00+00:00,39.024,39.87,38.918,39.829,372500.23,197055.32
2025-10-23 22:00:00+00:00,39.828,40.148,39.773,39.96,360464.99,192166.52
2025-10-23 23:00:00+00:00,39.961,40.212,39.926,40.198,241989.57,133939.62
2025-10-24 00:00:00+00:00,40.199,40.454,39.959,40.219,403796.07,205317.38
2025-10-24 01:00:00+00:00,40.219,40.341,39.761,39.983,314387.18,141381.9
2025-10-24 02:00:00+00:00,39.986,40.0,39.559,39.589,247316.69,110463.96
2025-10-24 03:00:00+00:00,39.59,39.66,39.08,39.463,440905.38,225560.8
2025-10-24 04:00:00+00:00,39.464,40.416,39.276,40.274,649260.19,350982.16
2025-10-24 05:00:00+00:00,40.273,40.549,40.005,40.537,458287.32,249348.3
2025-10-24 06:00:00+00:00,40.538,40.798,40.129,40.769,435167.84,222944.38
2025-10-24 07:00:00+00:00,40.763,40.883,40.266,40.56,546558.56,269531.82
2025-10-24 08:00:00+00:00,40.561,40.628,40.206,40.385,332546.31,149996.44
2025-10-24 09:00:00+00:00,40.385,40.596,39.994,40.081,260257.15,126122.95
2025-10-24 10:00:00+00:00,40.084,40.104,39.576,39.717,349549.07,181550.55
2025-10-24 11:00:00+00:00,39.717,39.843,39.472,39.643,278810.79,134925.15
2025-10-24 12:00:00+00:00,39.644,40.528,39.597,39.827,788509.44,393483.7
2025-10-24 13:00:00+00:00,39.828,39.978,39.242,39.679,565421.07,255000.54
2025-10-24 14:00:00+00:00,39.677,39.677,39.056,39.356,605296.27,276970.69
2025-10-24 15:00:00+00:00,39.36,39.568,38.975,39.187,330227.66,163515.91
2025-10-24 16:00:00+00:00,39.188,39.23,38.673,39.058,508442.57,226856.13
2025-10-24 17:00:00+00:00,39.058,39.206,38.805,38.902,272624.32,139170.88
2025-10-24 18:00:00+00:00,38.903,39.249,38.867,38.99,203377.48,112001.37
2025-10-24 19:00:00+00:00,38.989,39.395,38.954,39.156,359805.44,206261.65
2025-10-24 20:00:00+00:00,39.158,39.557,39.095,39.485,202110.15,111147.38
2025-10-24 21:00:00+00:00,39.486,39.771,39.333,39.666,193276.76,96188.64
2025-10-24 22:00:00+00:00,39.665,39.726,39.165,39.207,195553.7,80984.57
2025-10-24 23:00:00+00:00,39.207,39.353,39.05,39.288,149645.05,72531.28
2025-10-25 00:00:00+00:00,39.289,39.289,38.861,38.935,204792.43,94614.78
2025-10-25 01:00:00+00:00,38.936,39.43,38.87,39.24,193341.44,90001.47
2025-10-25 02:00:00+00:00,39.241,39.75,39.222,39.668,263008.03,143518.22
2025-10-25 03:00:00+00:00,39.668,40.122,39.571,40.07,251311.67,139321.33
2025-10-25 04:00:00+00:00,40.069,40.209,39.781,39.909,230190.14,115451.56
2025-10-25 05:00:00+00:00,39.909,40.044,39.508,39.668,230519.73,118506.68
2025-10-25 06:00:00+00:00,39.668,40.002,39.605,39.951,167551.12,83516.69
2025-10-25 07:00:00+00:00,39.951,40.266,39.873,40.129,289337.11,127378.79
2025-10-25 08:00:00+00:00,40.125,40.457,40.06,40.436,209407.05,130681.42
2025-10-25 09:00:00+00:00,40.437,40.464,40.114,40.44,186290.86,86623.85
2025-10-25 10:00:00+00:00,40.441,40.798,40.184,40.598,354952.26,168584.43
2025-10-25 11:00:00+00:00,40.599,41.165,40.532,41.096,260284.11,151072.77
2025-10-25 12:00:00+00:00,41.092,41.744,40.902,41.358,558385.88,287225.06
2025-10-25 13:00:00+00:00,41.359,41.619,41.087,41.309,307605.56,143357.79
2025-10-25 14:00:00+00:00,41.312,41.373,40.822,41.065,297027.07,133800.33
2025-10-25 15:00:00+00:00,41.064,41.064,40.661,40.887,314576.79,142526.96
2025-10-25 16:00:00+00:00,40.888,41.388,40.83,41.359,233742.61,108434.03
2025-10-25 17:00:00+00:00,41.359,41.985,41.249,41.856,419951.17,229017.08
2025-10-25 18:00:00+00:00,41.853,43.067,41.829,42.686,914399.73,502088.02
2025-10-25 19:00:00+00:00,42.687,43.189,42.538,42.968,478139.0,238554.7
2025-10-25 20:00:00+00:00,42.968,43.387,42.74,42.849,430814.91,198497.15
2025-10-25 21:00:00+00:00,42.849,44.078,42.849,43.7,456882.87,260083.97
2025-10-25 22:00:00+00:00,43.7,44.657,43.628,44.403,783783.15,411795.46
2025-10-25 23:00:00+00:00,44.404,44.412,44.014,44.213,398256.78,191464.65
2025-10-26 00:00:00+00:00,44.214,44.803,43.706,44.154,789977.45,362368.9
2025-10-26 01:00:00+00:00,44.153,44.343,43.879,44.134,342670.28,164217.94
2025-10-26 02:00:00+00:00,44.134,44.266,43.738,43.98,376871.17,170603.36
2025-10-26 03:00:00+00:00,43.979,44.065,43.55,43.701,441591.3,191786.71
2025-10-26 04:00:00+00:00,43.702,43.907,43.51,43.601,245208.76,104645.01
2025-10-26 05:00:00+00:00,43.601,44.141,43.541,43.812,516725.62,280430.88
2025-10-26 06:00:00+00:00,43.813,44.556,43.812,44.412,363694.79,212204.67
2025-10-26 07:00:00+00:00,44.411,44.642,44.131,44.628,411619.16,237307.82
2025-10-26 08:00:00+00:00,44.632,45.554,44.631,45.3,723218.75,421069.15
2025-10-26 09:00:00+00:00,45.301,46.63,45.045,46.396,1246501.86,652157.67
2025-10-26 10:00:00+00:00,46.401,46.552,45.954,46.189,649239.79,300168.66
2025-10-26 11:00:00+00:00,46.19,47.95,46.14,47.853,1165363.89,625667.82
2025-10-26 12:00:00+00:00,47.852,48.604,47.4,47.675,1152381.87,564119.54
2025-10-26 13:00:00+00:00,47.674,48.149,47.322,47.525,697814.92,350111.79
2025-10-26 14:00:00+00:00,47.524,47.595,46.924,46.969,693398.08,278180.37
2025-10-26 15:00:00+00:00,46.97,47.726,46.828,47.304,565818.18,313638.87
2025-10-26 16:00:00+00:00,47.304,47.485,46.816,46.877,435302.14,195810.43
2025-10-26 17:00:00+00:00,46.876,47.567,46.745,47.46,386795.14,212950.8
2025-10-26 18:00:00+00:00,47.461,47.828,47.106,47.404,361206.92,190088.84
2025-10-26 19:00:00+00:00,47.403,47.552,47.223,47.348,175232.85,87226.06
2025-10-26 20:00:00+00:00,47.348,47.373,46.622,47.03,429198.11,193832.01
2025-10-26 21:00:00+00:00,47.031,47.39,46.572,47.302,509339.75,274144.96
2025-10-26 22:00:00+00:00,47.302,48.324,47.302,48.03,955896.51,523965.52
2025-10-26 23:00:00+00:00,48.029,48.098,47.207,47.295,408766.65,181249.06
2025-10-27 00:00:00+00:00,47.3,48.204,47.092,48.179,443729.94,225983.96
2025-10-27 01:00:00+00:00,48.178,48.693,47.764,48.669,481053.36,271880.75
2025-10-27 02:00:00+00:00,48.669,48.75,47.626,47.733,508565.12,238657.77
2025-10-27 03:00:00+00:00,47.733,48.239,47.503,48.082,324990.65,144590.94
2025-10-27 04:00:00+00:00,48.088,48.902,48.025,48.599,557382.54,297403.69
2025-10-27 05:00:00+00:00,48.598,49.5,48.5,48.651,628637.93,312074.43
2025-10-27 06:00:00+00:00,48.65,48.924,47.866,48.66,803314.06,398930.88
2025-10-27 07:00:00+00:00,48.66,48.752,46.659,47.314,1347036.1,581300.56
2025-10-27 08:00:00+00:00,47.314,47.322,46.308,46.806,916553.85,407836.0
2025-10-27 09:00:00+00:00,46.807,47.178,45.802,47.094,889651.31,424398.09
2025-10-27 10:00:00+00:00,47.094,47.434,46.835,47.224,378885.01,201689.35
2025-10-27 11:00:00+00:00,47.225,47.516,46.911,47.439,343762.23,178579.97
2025-10-27 12:00:00+00:00,47.44,47.522,46.908,46.919,293292.81,134474.66
2025-10-27 13:00:00+00:00,46.919,47.475,46.327,47.117,740498.44,365331.7
2025-10-27 14:00:00+00:00,47.116,47.284,46.513,46.934,670809.24,339892.66
2025-10-27 15:00:00+00:00,46.933,47.086,46.062,46.371,624888.44,287283.5
2025-10-27 16:00:00+00:00,46.37,47.441,46.351,47.217,538698.85,276647.79
2025-10-27 17:00:00+00:00,47.217,47.656,47.074,47.215,344757.39,182291.83
2025-10-27 18:00:00+00:00,47.214,47.692,46.638,46.865,427005.92,205788.92
2025-10-27 19:00:00+00:00,46.866,47.124,46.46,46.809,466164.26,216658.72
2025-10-27 20:00:00+00:00,46.806,47.818,46.3,47.062,1081873.81,513109.93
2025-10-27 21:00:00+00:00,47.063,48.807,47.021,48.421,1402468.01,786891.72
2025-10-27 22:00:00+00:00,48.42,48.723,46.778,46.865,1421065.63,762151.4
2025-10-27 23:00:00+00:00,46.866,46.901,45.39,46.52,1246490.12,561895.61
2025-10-28 00:00:00+00:00,46.515,46.795,46.053,46.716,448284.43,205647.61
2025-10-28 01:00:00+00:00,46.714,47.713,46.693,47.225,519726.16,222272.42
2025-10-28 02:00:00+00:00,47.225,47.418,46.668,47.191,350949.64,156593.69
2025-10-28 03:00:00+00:00,47.193,47.6,47.026,47.479,361442.65,212014.92
2025-10-28 04:00:00+00:00,47.478,47.9,47.308,47.722,229085.06,120499.89
2025-10-28 05:00:00+00:00,47.722,47.946,46.764,46.986,403019.12,190028.29
2025-10-28 06:00:00+00:00,46.987,47.266,46.673,47.18,320533.96,164872.62
2025-10-28 07:00:00+00:00,47.182,47.815,47.14,47.334,293243.37,152786.07
2025-10-28 08:00:00+00:00,47.334,47.625,46.872,46.977,372410.08,164145.49
2025-10-28 09:00:00+00:00,46.972,47.265,46.5,47.258,352942.52,163022.22
2025-10-28 10:00:00+00:00,47.259,47.342,47.021,47.324,222303.87,107592.35
2025-10-28 11:00:00+00:00,47.325,48.462,47.213,47.982,626705.32,318105.8
2025-10-28 12:00:00+00:00,47.983,48.61,47.459,48.44,492482.9,250121.87
2025-10-28 13:00:00+00:00,48.44,49.365,48.39,49.233,825847.25,425237.53
2025-10-28 14:00:00+00:00,49.235,49.306,47.58,47.954,1145429.32,561868.75
2025-10-28 15:00:00+00:00,47.956,48.38,47.501,47.67,675346.94,279573.6
2025-10-28 16:00:00+00:00,47.672,48.288,47.575,48.047,332498.76,176446.15
2025-10-28 17:00:00+00:00,48.047,48.897,47.9,48.06,533894.23,255903.84
2025-10-28 18:00:00+00:00,48.06,48.177,47.08,47.736,484603.93,248563.49
2025-10-28 19:00:00+00:00,47.737,47.761,46.283,46.383,886072.95,344318.01
2025-10-28 20:00:00+00:00,46.38,47.386,45.932,47.158,1094270.12,511984.82
2025-10-28 21:00:00+00:00,47.161,47.613,46.621,47.454,713583.64,352011.8
2025-10-28 22:00:00+00:00,47.453,48.241,47.335,48.149,465523.22,236869.56
2025-10-28 23:00:00+00:00,48.149,48.173,47.356,47.657,336944.9,143354.03
2025-10-29 00:00:00+00:00,47.65,48.152,47.346,47.476,368228.41,181956.73
2025-10-29 01:00:00+00:00,47.476,48.129,47.4,48.063,313399.81,167837.08
2025-10-29 02:00:00+00:00,48.062,48.584,47.954,48.216,415136.08,198461.04
2025-10-29 03:00:00+00:00,48.217,48.247,47.7,47.783,254315.16,103167.29
2025-10-29 04:00:00+00:00,47.783,48.24,47.713,48.117,209635.9,110161.24
2025-10-29 05:00:00+00:00,48.116,48.848,47.736,47.944,469594.21,236478.09
2025-10-29 06:00:00+00:00,47.944,47.986,47.351,47.724,297153.31,142631.85
2025-10-29 07:00:00+00:00,47.724,47.935,47.475,47.631,256160.05,120787.03
2025-10-29 08:00:00+00:00,47.629,47.679,46.911,47.381,320824.97,161195.6
2025-10-29 09:00:00+00:00,47.381,47.64,47.148,47.415,233889.54,123594.23
2025-10-29 10:00:00+00:00,47.415,48.321,47.22,47.98,447147.58,232968.36
2025-10-29 11:00:00+00:00,47.98,49.5,47.851,49.182,771819.24,368340.63
2025-10-29 12:00:00+00:00,49.182,49.433,48.57,48.624,590283.46,280123.83
2025-10-29 13:00:00+00:00,48.622,49.321,48.348,48.45,700550.49,338393.88
2025-10-29 14:00:00+00:00,48.451,48.617,47.663,48.012,855826.82,407280.05
2025-10-29 15:00:00+00:00,48.012,48.154,46.307,46.695,1774623.68,884720.73
2025-10-29 16:00:00+00:00,46.694,47.394,46.262,47.261,1043642.57,522566.44
2025-10-29 17:00:00+00:00,47.26,48.058,46.663,48.001,714052.26,366270.4
2025-10-29 18:00:00+00:00,48.0,48.172,45.5,47.705,2321974.25,1078162.71
2025-10-29 19:00:00+00:00,47.706,48.888,47.653,47.878,1234711.33,574757.04
2025-10-29 20:00:00+00:00,47.879,49.277,47.346,49.151,979754.5,511452.99
2025-10-29 21:00:00+00:00,49.148,49.971,48.92,49.007,713248.91,364684.68
2025-10-29 22:00:00+00:00,49.007,49.193,48.505,48.671,464584.39,223890.19
2025-10-29 23:00:00+00:00,48.672,48.69,47.401,47.952,668909.47,291389.1
2025-10-30 00:00:00+00:00,47.952,48.127,47.4,47.946,628963.84,349230.42
2025-10-30 01:00:00+00:00,47.945,48.0,47.33,47.793,341246.66,166748.03
2025-10-30 02:00:00+00:00,47.794,48.819,47.614,48.511,457446.07,223590.58
2025-10-30 03:00:00+00:00,48.512,48.6,48.054,48.456,283473.78,134814.47
2025-10-30 04:00:00+00:00,48.451,48.489,46.626,46.924,1635093.44,752199.85
2025-10-30 05:00:00+00:00,46.92,48.447,46.728,48.184,801580.56,419935.5
2025-10-30 06:00:00+00:00,48.185,48.718,47.781,48.308,564214.13,291641.29
2025-10-30 07:00:00+00:00,48.31,49.763,48.303,49.578,653797.69,365391.79
2025-10-30 08:00:00+00:00,49.578,50.238,48.993,49.268,1036918.19,518194.78
2025-10-30 09:00:00+00:00,49.268,49.659,48.067,48.421,896422.82,416962.14
2025-10-30 10:00:00+00:00,48.421,48.59,47.96,48.305,447314.28,219152.29
2025-10-30 11:00:00+00:00,48.304,48.329,47.388,47.5,557067.45,249284.33
2025-10-30 12:00:00+00:00,47.5,47.62,46.055,46.322,1165769.1,509510.69
2025-10-30 13:00:00+00:00,46.327,46.775,44.911,46.178,2102008.72,959036.59
2025-10-30 14:00:00+00:00,46.18,47.453,46.175,46.779,1285011.39,612158.95
2025-10-30 15:00:00+00:00,46.778,46.897,44.609,45.379,1751156.6,771495.91
2025-10-30 16:00:00+00:00,45.375,45.981,44.948,45.926,867985.95,447730.95
2025-10-30 17:00:00+00:00,45.926,45.926,43.286,44.156,1919681.33,835906.86
2025-10-30 18:00:00+00:00,44.158,44.583,43.558,43.697,831986.66,374554.69
2025-10-30 19:00:00+00:00,43.694,44.178,42.669,43.08,1386866.08,617319.46
2025-10-30 20:00:00+00:00,43.08,44.481,42.82,44.419,981861.02,521735.63
2025-10-30 21:00:00+00:00,44.419,44.742,43.844,44.611,549300.74,274522.45
2025-10-30 22:00:00+00:00,44.606,45.18,44.408,45.066,1040110.99,465412.54
2025-10-30 23:00:00+00:00,45.066,45.643,44.837,45.389,577929.24,284928.66
2025-10-31 00:00:00+00:00,45.389,46.049,45.268,45.894,480066.38,266929.4
2025-10-31 01:00:00+00:00,45.888,46.25,45.699,45.916,475101.96,232139.32
2025-10-31 02:00:00+00:00,45.915,45.938,44.88,45.078,695750.85,306614.47
2025-10-31 03:00:00+00:00,45.075,45.288,44.291,44.929,664159.34,330151.79
2025-10-31 04:00:00+00:00,44.929,45.963,44.74,45.562,609384.06,311881.76
2025-10-31 05:00:00+00:00,45.561,45.561,44.7,44.81,329150.13,155084.93
2025-10-31 06:00:00+00:00,44.812,44.903,44.483,44.523,266208.43,119794.43
2025-10-31 07:00:00+00:00,44.523,44.632,43.83,43.999,497478.09,227092.57
2025-10-31 08:00:00+00:00,43.999,44.733,43.661,44.724,602316.85,324262.54
2025-10-31 09:00:00+00:00,44.724,44.973,44.048,44.168,449438.8,239021.72
2025-10-31 10:00:00+00:00,44.169,44.619,44.128,44.233,315223.03,159469.09
2025-10-31 11:00:00+00:00,44.233,44.382,43.371,44.309,713145.97,329778.76
2025-10-31 12:00:00+00:00,44.304,44.523,42.979,43.033,825700.12,375466.42
2025-10-31 13:00:00+00:00,43.034,44.334,43.034,44.132,939496.99,468567.72
2025-10-31 14:00:00+00:00,44.134,44.998,43.8,44.854,666614.56,372687.01
2025-10-31 15:00:00+00:00,44.855,45.135,43.969,44.017,626082.19,305578.9
2025-10-31 16:00:00+00:00,44.018,44.097,42.905,43.034,710126.42,307044.51
2025-10-31 17:00:00+00:00,43.035,43.462,42.356,43.177,1235215.54,604571.38
2025-10-31 18:00:00+00:00,43.176,43.598,42.375,42.849,911226.85,428817.61
2025-10-31 19:00:00+00:00,42.85,43.665,42.502,43.431,521261.86,277695.77
2025-10-31 20:00:00+00:00,43.431,43.809,43.128,43.387,382001.39,186143.72
2025-10-31 21:00:00+00:00,43.386,43.978,43.187,43.967,188701.26,103078.63
2025-10-31 22:00:00+00:00,43.966,44.103,43.59,43.934,184661.45,91359.0
2025-10-31 23:00:00+00:00,43.929,44.071,43.561,43.685,172204.78,88923.77
2025-11-01 00:00:00+00:00,43.684,44.221,43.332,44.161,245862.97,124889.52
2025-11-01 01:00:00+00:00,44.16,44.417,43.003,43.124,566123.49,260715.58
2025-11-01 02:00:00+00:00,43.124,43.84,42.72,43.642,344151.93,188666.93
2025-11-01 03:00:00+00:00,43.643,44.264,43.643,44.205,356092.03,184080.86
2025-11-01 04:00:00+00:00,44.201,44.477,43.801,44.288,267673.38,134870.92
2025-11-01 05:00:00+00:00,44.288,44.523,43.829,43.929,297080.8,113100.51
2025-11-01 06:00:00+00:00,43.928,43.986,43.298,43.569,296888.3,153598.95
2025-11-01 07:00:00+00:00,43.568,44.008,43.416,43.804,264187.17,145481.67
2025-11-01 08:00:00+00:00,43.804,43.994,43.538,43.872,184744.73,84964.06
2025-11-01 09:00:00+00:00,43.872,43.904,43.08,43.157,311653.77,140617.9
2025-11-01 10:00:00+00:00,43.161,43.663,43.1,43.619,252343.91,121364.86
2025-11-01 11:00:00+00:00,43.616,44.08,43.486,43.702,361003.2,191540.06
2025-11-01 12:00:00+00:00,43.703,43.856,43.334,43.405,212893.54,100344.95
2025-11-01 13:00:00+00:00,43.406,43.78,43.173,43.623,255043.81,127489.18
2025-11-01 14:00:00+00:00,43.626,43.778,42.643,42.9,556111.6,233533.38
2025-11-01 15:00:00+00:00,42.9,43.409,42.785,43.361,407825.84,245192.98
2025-11-01 16:00:00+00:00,43.362,43.922,43.147,43.853,314724.45,144449.7
2025-11-01 17:00:00+00:00,43.852,44.328,43.605,43.793,485677.99,245630.38
2025-11-01 18:00:00+00:00,43.793,44.24,43.766,44.013,261381.97,139240.81
2025-11-01 19:00:00+00:00,44.014,44.066,43.413,43.518,231219.75,109638.71
2025-11-01 20:00:00+00:00,43.517,43.734,43.368,43.54,164376.24,84449.1
2025-11-01 21:00:00+00:00,43.541,43.584,42.844,42.88,237600.77,112988.98
2025-11-01 22:00:00+00:00,42.878,43.275,42.85,43.263,139747.24,83081.0
2025-11-01 23:00:00+00:00,43.264,43.459,43.159,43.262,131252.93,66685.91
2025-11-02 00:00:00+00:00,43.263,43.271,42.363,42.576,492053.78,223282.32
2025-11-02 01:00:00+00:00,42.575,42.807,42.243,42.69,232203.77,119932.32
2025-11-02 02:00:00+00:00,42.689,43.153,42.508,42.603,246243.51,116858.54
2025-11-02 03:00:00+00:00,42.599,43.032,42.38,43.026,242179.7,129712.09
2025-11-02 04:00:00+00:00,43.027,43.391,42.928,43.355,219226.34,106938.29
2025-11-02 05:00:00+00:00,43.356,43.384,43.005,43.133,194868.57,86092.43
2025-11-02 06:00:00+00:00,43.133,43.339,43.005,43.14,125303.46,60225.37
2025-11-02 07:00:00+00:00,43.141,43.436,42.615,43.245,326025.28,158472.78
2025-11-02 08:00:00+00:00,43.246,43.344,42.781,43.044,207702.76,104608.38
2025-11-02 09:00:00+00:00,43.043,43.465,42.713,42.763,342393.14,160600.4
2025-11-02 10:00:00+00:00,42.764,42.856,41.357,42.032,1368894.04,626048.57
2025-11-02 11:00:00+00:00,42.033,42.938,41.75,42.89,856536.28,416015.19
2025-11-02 12:00:00+00:00,42.891,43.042,41.8,42.144,640271.06,231278.44
2025-11-02 13:00:00+00:00,42.144,42.4,41.853,42.335,354037.55,192008.86
2025-11-02 14:00:00+00:00,42.335,42.574,41.8,41.93,557603.89,274467.91
2025-11-02 15:00:00+00:00,41.93,42.196,41.474,41.497,774339.54,396284.3
2025-11-02 16:00:00+00:00,41.498,41.902,41.092,41.72,831699.38,374344.9
2025-11-02 17:00:00+00:00,41.72,41.998,41.383,41.64,402466.9,213203.38
2025-11-02 18:00:00+00:00,41.638,42.056,41.517,41.836,221983.42,122227.82
2025-11-02 19:00:00+00:00,41.833,41.896,41.24,41.658,297245.33,143486.89
2025-11-02 20:00:00+00:00,41.658,41.705,41.293,41.648,296097.84,187062.04
2025-11-02 21:00:00+00:00,41.648,42.0,41.603,41.87,154487.11,77950.85
2025-11-02 22:00:00+00:00,41.87,41.888,41.524,41.826,112836.6,50688.52
2025-11-02 23:00:00+00:00,41.826,42.652,41.825,42.443,362961.34,191491.88
2025-11-03 00:00:00+00:00,42.443,42.73,41.856,41.881,356875.56,150644.34
2025-11-03 01:00:00+00:00,41.884,42.485,41.738,42.338,399651.5,220564.41
2025-11-03 02:00:00+00:00,42.337,42.43,41.12,41.546,597116.4,281825.05
2025-11-03 03:00:00+00:00,41.546,41.76,40.519,40.544,960212.43,412032.45
2025-11-03 04:00:00+00:00,40.54,41.014,40.128,40.984,983328.92,462506.97
2025-11-03 05:00:00+00:00,40.983,41.379,40.863,41.163,457078.02,224221.6
2025-11-03 06:00:00+00:00,41.164,41.53,40.605,41.093,611166.25,303741.85
2025-11-03 07:00:00+00:00,41.095,41.837,40.829,41.346,597908.12,278172.18
2025-11-03 08:00:00+00:00,41.346,41.54,40.641,40.712,461326.88,215195.27
2025-11-03 09:00:00+00:00,40.712,41.195,40.243,40.35,562126.52,275523.99
2025-11-03 10:00:00+00:00,40.35,40.773,40.202,40.363,630038.35,312950.02
2025-11-03 11:00:00+00:00,40.364,41.524,40.356,41.401,610311.18,319784.46
2025-11-03 12:00:00+00:00,41.4,41.941,41.153,41.229,448202.89,218689.38
2025-11-03 13:00:00+00:00,41.229,41.56,41.059,41.282,312745.17,154945.76
2025-11-03 14:00:00+00:00,41.284,41.82,40.976,41.796,491337.47,258095.02
2025-11-03 15:00:00+00:00,41.793,41.847,38.253,39.101,3661214.99,1629442.74
2025-11-03 16:00:00+00:00,39.102,40.329,38.554,40.106,1766856.06,913353.18
2025-11-03 17:00:00+00:00,40.105,41.157,39.885,41.066,846057.91,455348.1
2025-11-03 18:00:00+00:00,41.066,41.292,40.223,40.283,465689.15,201594.58
2025-11-03 19:00:00+00:00,40.282,40.542,39.793,39.858,413675.62,202669.31
2025-11-03 20:00:00+00:00,39.86,39.942,39.038,39.281,549561.49,269472.76
2025-11-03 21:00:00+00:00,39.281,40.366,39.251,40.313,693963.35,358365.04
2025-11-03 22:00:00+00:00,40.313,40.356,39.448,39.726,355228.63,190567.47
2025-11-03 23:00:00+00:00,39.726,40.28,39.388,40.187,301126.05,153238.46
2025-11-04 00:00:00+00:00,40.186,40.274,39.209,39.79,541157.66,267446.44
2025-11-04 01:00:00+00:00,39.792,40.181,39.478,39.91,387408.49,191557.31
2025-11-04 02:00:00+00:00,39.909,40.46,39.769,40.008,362026.91,179614.46
2025-11-04 03:00:00+00:00,40.008,40.829,39.741,40.573,394096.82,202246.29
2025-11-04 04:00:00+00:00,40.574,40.788,40.044,40.064,244527.21,115580.41
2025-11-04 05:00:00+00:00,40.064,40.162,37.334,37.352,1684106.98,748182.92
2025-11-04 06:00:00+00:00,37.353,38.579,36.711,37.768,2310056.46,1141740.47
2025-11-04 07:00:00+00:00,37.768,38.145,37.35,37.967,784624.3,374481.86
2025-11-04 08:00:00+00:00,37.966,37.972,36.949,37.189,1269256.65,624170.82
2025-11-04 09:00:00+00:00,37.189,37.864,37.071,37.47,580039.12,297330.01
2025-11-04 10:00:00+00:00,37.468,38.029,37.347,37.825,479567.77,250819.28
2025-11-04 11:00:00+00:00,37.826,38.383,37.636,38.191,553171.73,281478.1
2025-11-04 12:00:00+00:00,38.19,38.233,37.416,37.872,552970.81,276756.32
2025-11-04 13:00:00+00:00,37.872,38.01,37.048,37.598,624344.09,296396.6
2025-11-04 14:00:00+00:00,37.599,39.218,37.33,38.791,1095666.28,528536.71
2025-11-04 15:00:00+00:00,38.788,40.296,38.778,39.129,1550174.21,751568.62
2025-11-04 16:00:00+00:00,39.127,39.507,37.978,38.218,1088940.5,535021.14
2025-11-04 17:00:00+00:00,38.218,38.792,37.006,37.844,1806465.46,812586.2
2025-11-04 18:00:00+00:00,37.845,38.345,36.437,38.121,2233657.19,1131999.89
2025-11-04 19:00:00+00:00,38.121,38.396,37.103,37.266,1266803.36,607604.17
2025-11-04 20:00:00+00:00,37.259,37.563,35.408,37.124,2875923.01,1310695.11
2025-11-04 21:00:00+00:00,37.125,37.645,35.567,37.622,1846679.87,882997.54
2025-11-04 22:00:00+00:00,37.623,39.339,37.2,38.642,1572336.56,827728.81
2025-11-04 23:00:00+00:00,38.642,39.3,38.422,39.012,769201.3,407788.48
2025-11-05 00:00:00+00:00,39.014,39.28,38.431,38.876,581762.26,259136.17
2025-11-05 01:00:00+00:00,38.878,38.964,37.5,38.677,1280269.39,613940.31
2025-11-05 02:00:00+00:00,38.678,39.896,38.657,39.879,1044256.86,528597.69
2025-11-05 03:00:00+00:00,39.878,40.456,39.64,40.147,797966.6,398722.39
2025-11-05 04:00:00+00:00,40.147,40.762,39.95,40.179,656629.75,321187.87
2025-11-05 05:00:00+00:00,40.171,40.438,39.736,40.208,530999.94,270680.58
2025-11-05 06:00:00+00:00,40.205,41.034,40.002,40.955,469252.39,228420.23
2025-11-05 07:00:00+00:00,40.955,40.96,40.136,40.669,377228.77,179026.46
2025-11-05 08:00:00+00:00,40.669,40.686,39.398,40.01,674525.68,300609.51
2025-11-05 09:00:00+00:00,40.009,40.677,39.7,40.48,470444.08,236813.93
2025-11-05 10:00:00+00:00,40.479,40.527,39.88,40.034,295772.61,137672.74
2025-11-05 11:00:00+00:00,40.034,41.585,40.016,41.547,912367.58,554419.86
2025-11-05 12:00:00+00:00,41.556,41.596,41.006,41.323,603458.18,302574.4
2025-11-05 13:00:00+00:00,41.322,41.811,40.9,41.258,668181.0,296095.57
2025-11-05 14:00:00+00:00,41.258,41.452,40.709,41.269,723893.52,346571.66
2025-11-05 15:00:00+00:00,41.27,42.24,41.041,42.094,750635.5,359687.21
2025-11-05 16:00:00+00:00,42.093,42.169,41.292,41.957,673865.2,297288.29
2025-11-05 17:00:00+00:00,41.958,41.98,41.373,41.557,357294.79,162872.56
2025-11-05 18:00:00+00:00,41.558,41.981,41.386,41.671,316522.85,154889.71
2025-11-05 19:00:00+00:00,41.669,41.842,41.328,41.497,289180.22,139260.16
2025-11-05 20:00:00+00:00,41.495,41.649,40.912,40.97,356788.87,146331.76
2025-11-05 21:00:00+00:00,40.973,41.264,40.7,41.138,313823.95,134256.93
2025-11-05 22:00:00+00:00,41.14,41.424,41.023,41.384,135180.94,67711.38
2025-11-05 23:00:00+00:00,41.384,41.558,41.122,41.357,220663.07,108365.54
2025-11-06 00:00:00+00:00,41.357,41.357,40.717,41.176,368299.47,165700.43
2025-11-06 01:00:00+00:00,41.175,41.18,40.41,40.863,399932.08,176534.93
2025-11-06 02:00:00+00:00,40.862,41.074,40.467,40.724,310727.19,144345.4
2025-11-06 03:00:00+00:00,40.722,41.263,40.693,40.988,227400.97,108132.14
2025-11-06 04:00:00+00:00,40.989,41.212,40.916,41.128,116795.56,64632.9
2025-11-06 05:00:00+00:00,41.127,41.164,39.848,40.061,389964.25,164245.15
2025-11-06 06:00:00+00:00,40.06,40.301,39.772,39.89,275543.35,119784.99
2025-11-06 07:00:00+00:00,39.891,40.151,39.496,39.639,426243.27,175464.31
2025-11-06 08:00:00+00:00,39.638,39.84,39.357,39.624,300379.64,138201.42
2025-11-06 09:00:00+00:00,39.623,40.144,39.493,39.705,486976.44,243127.33
2025-11-06 10:00:00+00:00,39.705,40.058,39.362,40.017,330278.25,182154.77
2025-11-06 11:00:00+00:00,40.016,40.411,39.688,40.391,373973.59,186026.68
2025-11-06 12:00:00+00:00,40.391,40.441,39.494,39.497,529706.27,222427.76
2025-11-06 13:00:00+00:00,39.497,40.526,39.491,40.353,430397.56,262187.91
2025-11-06 14:00:00+00:00,40.353,40.543,39.368,39.417,650655.3,284876.77
2025-11-06 15:00:00+00:00,39.417,39.825,38.555,38.944,1232192.76,562223.07
2025-11-06 16:00:00+00:00,38.945,39.235,37.588,38.252,1567918.42,737611.52
2025-11-06 17:00:00+00:00,38.253,38.968,38.001,38.886,758495.34,413935.97
2025-11-06 18:00:00+00:00,38.884,39.114,38.062,38.855,666969.35,353705.29
2025-11-06 19:00:00+00:00,38.852,39.04,38.43,38.746,456170.23,226331.22
2025-11-06 20:00:00+00:00,38.746,38.967,38.156,38.661,397419.42,208157.09
2025-11-06 21:00:00+00:00,38.66,38.981,38.218,38.761,418297.38,214023.25
2025-11-06 22:00:00+00:00,38.761,38.946,38.374,38.765,292064.72,140345.46
2025-11-06 23:00:00+00:00,38.765,38.765,38.28,38.498,291930.41,141421.2
2025-11-07 00:00:00+00:00,38.499,39.426,38.295,39.385,495626.25,252715.21
2025-11-07 01:00:00+00:00,39.384,39.486,38.253,38.872,712865.33,274866.61
2025-11-07 02:00:00+00:00,38.871,38.981,38.265,38.944,292049.31,139943.73
2025-11-07 03:00:00+00:00,38.944,39.303,38.579,38.584,328631.81,145740.06
2025-11-07 04:00:00+00:00,38.584,38.715,38.155,38.677,497075.33,241933.37
2025-11-07 05:00:00+00:00,38.677,39.69,38.624,39.657,466791.63,245165.37
2025-11-07 06:00:00+00:00,39.656,39.78,39.321,39.512,363178.48,186742.7
2025-11-07 07:00:00+00:00,39.513,40.388,39.407,40.366,397607.31,204662.09
2025-11-07 08:00:00+00:00,40.363,40.767,39.81,40.007,713545.08,341527.54
2025-11-07 09:00:00+00:00,40.007,40.113,39.349,39.865,565883.41,272984.64
2025-11-07 10:00:00+00:00,39.865,39.999,39.201,39.246,355826.66,161878.04
2025-11-07 11:00:00+00:00,39.245,39.245,38.301,38.856,933890.17,423694.18
2025-11-07 12:00:00+00:00,38.854,39.098,38.0,38.563,712300.67,314669.27
2025-11-07 13:00:00+00:00,38.561,39.574,38.449,39.4,573058.15,267350.82
2025-11-07 14:00:00+00:00,39.4,40.489,38.749,40.392,1007466.02,517441.33
2025-11-07 15:00:00+00:00,40.396,40.841,39.905,40.512,942528.05,485776.98
2025-11-07 16:00:00+00:00,40.512,41.476,40.191,41.312,924768.46,476321.95
2025-11-07 17:00:00+00:00,41.312,42.284,41.134,41.928,871492.1,486224.47
2025-11-07 18:00:00+00:00,41.928,42.412,41.858,42.182,506082.14,238452.71
2025-11-07 19:00:00+00:00,42.182,42.999,42.103,42.848,502028.79,283721.81
2025-11-07 20:00:00+00:00,42.848,43.388,42.6,43.037,733381.23,374755.61
2025-11-07 21:00:00+00:00,43.036,43.106,42.458,42.813,386319.8,182392.29
2025-11-07 22:00:00+00:00,42.813,42.961,42.563,42.76,195222.01,96786.62
2025-11-07 23:00:00+00:00,42.761,42.882,42.238,42.243,301823.96,121370.81
2025-11-08 00:00:00+00:00,42.243,42.579,41.737,41.763,287835.59,115580.85
2025-11-08 01:00:00+00:00,41.763,42.736,41.738,42.494,283935.7,157929.79
2025-11-08 02:00:00+00:00,42.495,43.327,42.383,42.622,431784.23,238901.7
2025-11-08 03:00:00+00:00,42.621,42.913,42.212,42.224,247692.35,112033.01
2025-11-08 04:00:00+00:00,42.225,42.6,42.211,42.211,161974.0,91238.92
2025-11-08 05:00:00+00:00,42.21,42.384,41.166,41.341,628781.67,229029.33
2025-11-08 06:00:00+00:00,41.342,41.396,40.868,41.053,476775.38,203468.72
2025-11-08 07:00:00+00:00,41.053,41.053,40.397,40.865,554801.72,278596.6
2025-11-08 08:00:00+00:00,40.867,41.209,40.681,41.046,282813.91,140840.96
2025-11-08 09:00:00+00:00,41.047,41.162,40.582,40.812,361149.99,173247.11
2025-11-08 10:00:00+00:00,40.811,41.486,40.741,41.418,172989.75,95604.54
2025-11-08 11:00:00+00:00,41.417,41.766,40.8,40.834,422316.16,205084.23
2025-11-08 12:00:00+00:00,40.835,41.486,40.819,41.461,246210.37,143951.81
2025-11-08 13:00:00+00:00,41.46,41.473,40.45,40.541,413945.39,135777.79
2025-11-08 14:00:00+00:00,40.542,40.752,40.058,40.609,520370.6,253519.47
2025-11-08 15:00:00+00:00,40.607,40.619,39.828,40.242,426328.43,194355.87
2025-11-08 16:00:00+00:00,40.242,40.304,39.699,40.206,435173.74,222488.24
2025-11-08 17:00:00+00:00,40.206,40.631,40.096,40.377,229693.4,122694.86
2025-11-08 18:00:00+00:00,40.376,40.944,40.322,40.824,280132.4,136473.19
2025-11-08 19:00:00+00:00,40.823,40.9,39.882,40.015,418123.58,205406.88
2025-11-08 20:00:00+00:00,40.013,40.112,39.715,39.89,243767.14,121777.26
2025-11-08 21:00:00+00:00,39.899,40.26,39.672,40.245,174555.58,91896.13
2025-11-08 22:00:00+00:00,40.246,40.523,40.148,40.376,171071.04,82018.78
2025-11-08 23:00:00+00:00,40.374,40.479,40.058,40.145,173664.41,66361.52
2025-11-09 00:00:00+00:00,40.146,40.272,39.798,40.024,242434.19,108906.22
2025-11-09 01:00:00+00:00,40.024,40.409,39.982,40.279,139593.91,76441.8
2025-11-09 02:00:00+00:00,40.28,40.506,39.5,39.613,326223.24,145795.11
2025-11-09 03:00:00+00:00,39.614,40.115,39.534,40.109,223240.95,115640.88
2025-11-09 04:00:00+00:00,40.111,40.183,39.793,39.95,186119.11,84278.78
2025-11-09 05:00:00+00:00,39.951,40.257,39.9,40.186,92346.1,44594.12
2025-11-09 06:00:00+00:00,40.185,40.295,39.929,39.979,153939.31,72461.73
2025-11-09 07:00:00+00:00,39.979,40.355,39.88,40.176,152782.65,76310.59
2025-11-09 08:00:00+00:00,40.175,40.466,39.932,40.108,209907.95,103034.41
2025-11-09 09:00:00+00:00,40.108,40.305,39.756,39.76,219629.46,101212.51
2025-11-09 10:00:00+00:00,39.76,39.902,39.203,39.698,451532.7,206513.33
2025-11-09 11:00:00+00:00,39.698,39.936,39.617,39.732,212039.76,107289.17
2025-11-09 12:00:00+00:00,39.733,40.124,39.623,39.88,221802.31,119219.53
2025-11-09 13:00:00+00:00,39.88,40.412,39.84,40.228,289751.53,151959.54
2025-11-09 14:00:00+00:00,40.226,41.197,40.07,40.36,710121.71,336684.38
2025-11-09 15:00:00+00:00,40.361,41.333,40.357,40.946,440965.69,217434.92
2025-11-09 16:00:00+00:00,40.946,41.483,40.592,41.404,255880.78,134679.9
2025-11-09 17:00:00+00:00,41.403,41.433,40.883,41.188,215637.03,97003.39
2025-11-09 18:00:00+00:00,41.188,42.171,41.072,42.121,280138.42,149108.48
2025-11-09 19:00:00+00:00,42.121,42.582,41.74,42.564,451888.37,219855.96
2025-11-09 20:00:00+00:00,42.569,42.834,41.897,42.032,370133.42,171376.23
2025-11-09 21:00:00+00:00,42.032,42.159,41.791,41.967,148785.37,74030.69
2025-11-09 22:00:00+00:00,41.967,42.356,41.804,42.331,144653.61,72162.76
2025-11-09 23:00:00+00:00,42.331,42.534,41.628,41.813,347644.94,155009.34
2025-11-10 00:00:00+00:00,41.813,42.787,41.472,42.307,497990.19,246667.86
2025-11-10 01:00:00+00:00,42.307,42.521,41.656,42.143,483838.28,255851.31
2025-11-10 02:00:00+00:00,42.143,42.766,42.028,42.678,286224.75,174940.13
2025-11-10 03:00:00+00:00,42.678,43.036,42.489,42.763,410868.88,207680.03
2025-11-10 04:00:00+00:00,42.762,43.028,42.57,42.956,224322.04,121441.92
2025-11-10 05:00:00+00:00,42.955,43.072,42.636,42.982,288511.56,130371.84
2025-11-10 06:00:00+00:00,42.982,43.053,42.553,42.744,292997.87,118752.06
2025-11-10 07:00:00+00:00,42.745,43.264,42.668,43.03,199137.85,117690.81
2025-11-10 08:00:00+00:00,43.032,43.146,42.275,42.478,306947.69,132451.67
2025-11-10 09:00:00+00:00,42.478,43.137,42.472,42.941,293344.84,174486.25
2025-11-10 10:00:00+00:00,42.942,42.977,42.057,42.188,326532.19,118304.52
2025-11-10 11:00:00+00:00,42.188,42.471,41.92,42.117,283006.93,124132.58
2025-11-10 12:00:00+00:00,42.116,42.146,41.49,41.884,369897.2,173786.12
2025-11-10 13:00:00+00:00,41.884,42.408,41.838,42.186,289738.78,174662.17
2025-11-10 14:00:00+00:00,42.187,42.194,41.079,41.524,500344.07,213911.38
2025-11-10 15:00:00+00:00,41.522,41.833,41.001,41.214,490818.63,220643.35
2025-11-10 16:00:00+00:00,41.213,41.532,40.828,40.988,455545.12,232848.39
2025-11-10 17:00:00+00:00,40.986,41.736,40.915,41.705,242804.28,137451.74
2025-11-10 18:00:00+00:00,41.705,41.815,41.463,41.49,165169.08,70832.6
2025-11-10 19:00:00+00:00,41.49,41.954,41.395,41.721,136131.64,69145.76
2025-11-10 20:00:00+00:00,41.72,42.387,41.71,42.222,328392.53,159547.84
2025-11-10 21:00:00+00:00,42.221,42.224,41.306,41.519,280571.48,115888.32
2025-11-10 22:00:00+00:00,41.519,42.028,41.354,41.974,150715.26,72149.94
2025-11-10 23:00:00+00:00,41.978,42.034,41.346,41.443,146519.42,63855.36
2025-11-11 00:00:00+00:00,41.444,41.5,40.587,40.965,349870.14,155748.23
2025-11-11 01:00:00+00:00,40.963,41.69,40.886,41.186,459603.7,224360.23
2025-11-11 02:00:00+00:00,41.186,41.938,40.932,41.601,424547.2,207061.14
2025-11-11 03:00:00+00:00,41.604,41.995,41.432,41.54,296412.15,141325.32
2025-11-11 04:00:00+00:00,41.54,41.555,40.73,40.804,360355.21,162207.13
2025-11-11 05:00:00+00:00,40.804,40.807,40.135,40.184,490415.78,247001.23
2025-11-11 06:00:00+00:00,40.188,40.376,39.805,40.348,388573.07,177740.85
2025-11-11 07:00:00+00:00,40.348,40.365,39.702,39.83,391666.98,164828.54
2025-11-11 08:00:00+00:00,39.829,40.284,39.682,40.176,375399.69,188313.59
2025-11-11 09:00:00+00:00,40.172,40.468,39.992,40.032,253719.87,125872.87
2025-11-11 10:00:00+00:00,40.031,40.321,40.0,40.208,143769.0,86359.76
2025-11-11 11:00:00+00:00,40.207,40.474,40.148,40.325,188586.8,99253.94
2025-11-11 12:00:00+00:00,40.325,40.439,39.867,40.035,249937.47,114259.92
2025-11-11 13:00:00+00:00,40.039,40.341,39.954,40.124,222205.38,107855.03
2025-11-11 14:00:00+00:00,40.126,40.47,39.805,40.44,359388.46,145084.43
2025-11-11 15:00:00+00:00,40.44,40.444,39.563,39.888,567090.19,308895.07
2025-11-11 16:00:00+00:00,39.893,39.912,39.391,39.692,331400.76,146174.01
2025-11-11 17:00:00+00:00,39.687,39.935,39.384,39.725,234250.57,113132.43
2025-11-11 18:00:00+00:00,39.724,39.812,39.047,39.446,313332.65,135445.06
2025-11-11 19:00:00+00:00,39.449,39.588,39.219,39.346,141737.98,66775.88
2025-11-11 20:00:00+00:00,39.346,39.408,38.844,39.051,329016.08,130708.94
2025-11-11 21:00:00+00:00,39.053,39.425,38.448,38.752,375759.83,138928.32
2025-11-11 22:00:00+00:00,38.75,39.131,38.592,38.953,168374.68,75422.67
2025-11-11 23:00:00+00:00,38.953,38.966,38.569,38.682,249700.94,120048.29
2025-11-12 00:00:00+00:00,38.683,38.958,38.379,38.484,441525.21,206717.52
2025-11-12 01:00:00+00:00,38.483,38.957,38.456,38.957,215007.05,115400.54
2025-11-12 02:00:00+00:00,38.956,39.351,38.885,39.156,344813.88,171797.3
2025-11-12 03:00:00+00:00,39.156,39.269,39.064,39.131,88952.52,41636.48
2025-11-12 04:00:00+00:00,39.127,39.26,38.91,39.136,119380.2,50990.15
2025-11-12 05:00:00+00:00,39.137,39.345,39.025,39.049,125254.91,55050.9
2025-11-12 06:00:00+00:00,39.049,39.7,39.037,39.484,421956.5,203022.35
2025-11-12 07:00:00+00:00,39.484,39.643,39.216,39.269,185428.47,77086.78
2025-11-12 08:00:00+00:00,39.269,39.947,39.265,39.805,291775.02,147839.2
2025-11-12 09:00:00+00:00,39.804,40.045,39.643,39.863,383452.46,183188.86
2025-11-12 10:00:00+00:00,39.863,40.567,39.818,40.534,412639.74,217909.17
2025-11-12 11:00:00+00:00,40.534,40.859,40.227,40.461,462622.5,196924.55
2025-11-12 12:00:00+00:00,40.461,40.691,40.059,40.204,369409.64,163597.25
2025-11-12 13:00:00+00:00,40.204,40.399,39.83,40.114,382356.65,178180.62
2025-11-12 14:00:00+00:00,40.112,40.112,39.022,39.307,825631.18,365895.28
2025-11-12 15:00:00+00:00,39.307,39.592,38.616,38.753,808558.2,364393.14
2025-11-12 16:00:00+00:00,38.752,38.821,37.45,38.624,2727248.2,1267267.24
2025-11-12 17:00:00+00:00,38.624,39.041,38.205,38.903,710113.01,341987.84
2025-11-12 18:00:00+00:00,38.902,39.001,38.43,38.435,321630.24,160409.91
2025-11-12 19:00:00+00:00,38.434,38.571,38.033,38.367,373349.16,174656.85
2025-11-12 20:00:00+00:00,38.369,38.983,38.17,38.58,409242.33,225872.99
2025-11-12 21:00:00+00:00,38.58,38.726,38.253,38.538,276017.24,122468.35
2025-11-12 22:00:00+00:00,38.538,38.54,38.148,38.452,144994.91,69794.17
2025-11-12 23:00:00+00:00,38.452,38.463,38.148,38.356,147323.55,72424.27
2025-11-13 00:00:00+00:00,38.356,38.625,38.177,38.402,197121.59,106842.48
2025-11-13 01:00:00+00:00,38.402,39.114,38.362,38.735,394514.79,219156.49
2025-11-13 02:00:00+00:00,38.736,38.852,38.439,38.449,198208.37,85970.56
2025-11-13 03:00:00+00:00,38.447,38.916,37.902,38.536,553764.87,246874.52
2025-11-13 04:00:00+00:00,38.537,38.739,38.279,38.545,238238.95,118526.36
2025-11-13 05:00:00+00:00,38.545,39.673,38.365,39.426,464155.53,258090.11
2025-11-13 06:00:00+00:00,39.426,39.832,39.174,39.513,553515.33,280989.12
2025-11-13 07:00:00+00:00,39.513,39.846,39.076,39.197,382111.79,161168.6
2025-11-13 08:00:00+00:00,39.196,39.433,39.066,39.176,212822.37,100015.78
2025-11-13 09:00:00+00:00,39.178,39.246,38.69,38.78,395950.15,168707.59
2025-11-13 10:00:00+00:00,38.78,39.139,38.725,38.824,178981.47,87475.11
2025-11-13 11:00:00+00:00,38.824,39.146,38.824,39.053,167645.95,96392.02
2025-11-13 12:00:00+00:00,39.052,39.239,38.962,39.11,143162.15,63683.94
2025-11-13 13:00:00+00:00,39.11,39.124,38.436,38.635,351929.94,154329.71
2025-11-13 14:00:00+00:00,38.636,39.144,38.215,38.848,622829.91,302318.13
2025-11-13 15:00:00+00:00,38.85,39.0,38.1,38.357,529766.06,218118.88
2025-11-13 16:00:00+00:00,38.357,38.491,37.8,37.871,538142.29,232546.12
2025-11-13 17:00:00+00:00,37.87,37.946,37.226,37.315,759088.4,343638.45
2025-11-13 18:00:00+00:00,37.314,37.654,36.6,37.654,1236674.01,566300.22
2025-11-13 19:00:00+00:00,37.655,38.078,37.352,37.492,1042694.38,512736.09
2025-11-13 20:00:00+00:00,37.49,37.955,37.144,37.443,671490.79,339861.95
2025-11-13 21:00:00+00:00,37.442,37.903,37.386,37.773,376191.26,185373.52
2025-11-13 22:00:00+00:00,37.772,38.525,37.582,38.478,613046.85,378283.47
2025-11-13 23:00:00+00:00,38.477,39.105,38.31,38.527,560616.78,268660.96
2025-11-14 00:00:00+00:00,38.529,38.598,37.8,37.999,818634.48,395420.13
2025-11-14 01:00:00+00:00,37.999,38.25,37.701,37.762,411404.07,186195.16
2025-11-14 02:00:00+00:00,37.762,38.361,37.747,38.121,275470.62,151565.53
2025-11-14 03:00:00+00:00,38.122,38.187,37.532,37.812,377079.95,169024.45
2025-11-14 04:00:00+00:00,37.811,37.82,36.59,37.122,967743.17,411831.91
2025-11-14 05:00:00+00:00,37.122,37.366,36.946,37.095,604238.63,264070.51
2025-11-14 06:00:00+00:00,37.096,37.406,36.356,37.377,1061298.25,496457.03
2025-11-14 07:00:00+00:00,37.375,37.897,37.33,37.483,794279.67,405073.03
2025-11-14 08:00:00+00:00,37.484,37.526,37.011,37.244,356999.31,168762.11
2025-11-14 09:00:00+00:00,37.246,37.514,36.886,36.96,379566.05,173887.78
2025-11-14 10:00:00+00:00,36.959,37.738,36.952,37.339,332515.55,190892.35
2025-11-14 11:00:00+00:00,37.339,37.341,36.651,36.87,334069.63,140719.21
2025-11-14 12:00:00+00:00,36.871,36.871,36.0,36.677,828218.75,378458.53
2025-11-14 13:00:00+00:00,36.677,36.888,36.168,36.857,743609.31,403819.03
2025-11-14 14:00:00+00:00,36.857,38.036,36.679,37.5,1513667.05,823945.86
2025-11-14 15:00:00+00:00,37.501,38.063,37.075,38.022,912862.24,494999.94
2025-11-14 16:00:00+00:00,38.023,38.287,37.603,37.761,761965.12,451951.65
2025-11-14 17:00:00+00:00,37.759,37.866,36.774,36.848,762857.01,395820.79
2025-11-14 18:00:00+00:00,36.848,37.436,36.759,37.355,543605.97,358890.21
2025-11-14 19:00:00+00:00,37.354,37.993,37.252,37.983,484673.81,291799.07
2025-11-14 20:00:00+00:00,37.984,37.997,37.029,37.428,454512.2,274009.93
2025-11-14 21:00:00+00:00,37.427,37.957,37.38,37.885,467366.13,239355.87
2025-11-14 22:00:00+00:00,37.888,38.563,37.869,38.114,339161.43,165878.9
2025-11-14 23:00:00+00:00,38.114,38.133,37.067,37.492,484639.06,239842.37
2025-11-15 00:00:00+00:00,37.493,37.8,37.31,37.627,208491.4,94292.02
2025-11-15 01:00:00+00:00,37.626,38.122,37.532,38.068,158645.64,86611.47
2025-11-15 02:00:00+00:00,38.068,38.697,37.925,38.685,314577.41,199716.41
2025-11-15 03:00:00+00:00,38.685,38.859,38.52,38.817,299467.42,159386.82
2025-11-15 04:00:00+00:00,38.816,38.817,38.311,38.458,204967.96,95914.88
2025-11-15 05:00:00+00:00,38.457,38.661,38.328,38.593,151620.86,79960.4
2025-11-15 06:00:00+00:00,38.593,38.9,38.567,38.738,200960.91,111851.66
2025-11-15 07:00:00+00:00,38.738,39.292,38.734,39.118,271947.03,157958.43
2025-11-15 08:00:00+00:00,39.117,39.218,38.777,39.015,395397.46,176952.42
2025-11-15 09:00:00+00:00,39.014,39.56,38.872,38.936,294498.66,156079.4
2025-11-15 10:00:00+00:00,38.936,39.199,38.801,38.996,176099.8,85595.24
2025-11-15 11:00:00+00:00,38.997,39.066,38.468,38.66,206023.02,78337.92
2025-11-15 12:00:00+00:00,38.659,39.015,38.568,38.767,221140.09,113104.26
2025-11-15 13:00:00+00:00,38.767,39.046,38.599,39.031,169977.99,86864.4
2025-11-15 14:00:00+00:00,39.03,39.064,38.51,38.917,218905.59,94149.15
2025-11-15 15:00:00+00:00,38.917,39.297,38.73,39.201,230549.26,118469.7
2025-11-15 16:00:00+00:00,39.2,39.2,38.774,39.096,210649.83,88247.28
2025-11-15 17:00:00+00:00,39.096,39.125,38.502,38.791,456750.54,139997.23
2025-11-15 18:00:00+00:00,38.791,39.001,38.717,38.796,128863.5,71886.75
2025-11-15 19:00:00+00:00,38.796,38.93,38.575,38.669,101359.19,37300.46
2025-11-15 20:00:00+00:00,38.668,38.705,38.327,38.451,140801.12,54981.96
2025-11-15 21:00:00+00:00,38.45,38.816,38.358,38.368,163791.35,79241.61
2025-11-15 22:00:00+00:00,38.366,38.622,38.293,38.612,86556.68,46807.61
2025-11-15 23:00:00+00:00,38.611,38.727,38.458,38.567,183460.33,113544.21
2025-11-16 00:00:00+00:00,38.569,38.641,38.312,38.451,145871.6,73370.14
2025-11-16 01:00:00+00:00,38.451,38.63,38.033,38.392,310314.54,134437.12
2025-11-16 02:00:00+00:00,38.392,38.848,38.258,38.737,204806.81,98197.85
2025-11-16 03:00:00+00:00,38.732,38.875,38.538,38.657,164357.8,81632.86
2025-11-16 04:00:00+00:00,38.656,38.943,38.532,38.754,223889.21,107173.48
2025-11-16 05:00:00+00:00,38.754,39.007,38.736,38.838,135070.32,68944.27
2025-11-16 06:00:00+00:00,38.837,39.262,38.798,39.113,180248.45,96496.17
2025-11-16 07:00:00+00:00,39.116,39.286,39.02,39.187,148774.04,69908.69
2025-11-16 08:00:00+00:00,39.189,39.294,38.984,39.104,267175.92,117973.1
2025-11-16 09:00:00+00:00,39.104,39.772,38.877,39.74,359134.34,228736.81
2025-11-16 10:00:00+00:00,39.741,40.502,39.589,40.045,853596.28,534265.49
2025-11-16 11:00:00+00:00,40.044,40.201,39.066,39.269,734693.5,279585.51
2025-11-16 12:00:00+00:00,39.267,39.525,38.912,39.104,378817.67,188762.77
2025-11-16 13:00:00+00:00,39.104,39.222,38.33,38.656,748803.99,300470.17
2025-11-16 14:00:00+00:00,38.656,38.873,38.55,38.65,242288.02,134802.74
2025-11-16 15:00:00+00:00,38.65,38.682,38.054,38.167,382372.91,183536.48
2025-11-16 16:00:00+00:00,38.166,38.492,37.808,37.913,544000.58,260849.21
2025-11-16 17:00:00+00:00,37.911,37.994,37.45,37.853,571018.47,257327.37
2025-11-16 18:00:00+00:00,37.852,38.477,37.67,37.88,549719.33,267741.9
2025-11-16 19:00:00+00:00,37.88,38.349,37.82,38.048,337271.04,177791.49
2025-11-16 20:00:00+00:00,38.049,38.469,38.002,38.035,184135.83,88112.91
2025-11-16 21:00:00+00:00,38.036,38.129,37.499,37.85,432980.3,207058.96
2025-11-16 22:00:00+00:00,37.852,38.507,37.561,38.278,341094.11,164777.59
2025-11-16 23:00:00+00:00,38.279,38.763,37.738,38.699,585769.01,279968.47
2025-11-17 00:00:00+00:00,38.698,39.025,38.182,38.865,525798.48,246182.7
2025-11-17 01:00:00+00:00,38.865,38.985,38.333,38.36,235344.46,109745.77
2025-11-17 02:00:00+00:00,38.36,38.712,38.253,38.386,185540.28,94265.56
2025-11-17 03:00:00+00:00,38.39,38.718,38.378,38.717,167811.97,90476.11
2025-11-17 04:00:00+00:00,38.716,38.757,38.448,38.546,105496.66,48644.57
2025-11-17 05:00:00+00:00,38.545,38.671,38.24,38.366,196368.09,90529.11
2025-11-17 06:00:00+00:00,38.367,38.579,38.222,38.523,120995.52,73150.39
2025-11-17 07:00:00+00:00,38.524,38.696,38.4,38.53,230686.4,124310.48
2025-11-17 08:00:00+00:00,38.531,38.82,38.51,38.735,241090.51,132798.27
2025-11-17 09:00:00+00:00,38.735,38.853,38.3,38.818,229720.71,102229.44
2025-11-17 10:00:00+00:00,38.818,38.941,38.652,38.758,158997.95,66387.66
2025-11-17 11:00:00+00:00,38.758,39.24,38.716,39.214,376086.0,214073.27
2025-11-17 12:00:00+00:00,39.213,39.298,38.755,38.815,364256.97,155654.81
2025-11-17 13:00:00+00:00,38.816,38.843,37.327,37.702,1051234.76,455348.02
2025-11-17 14:00:00+00:00,37.702,38.529,37.478,38.002,951882.82,493959.57
2025-11-17 15:00:00+00:00,38.008,38.127,37.434,37.527,656209.39,327909.42
2025-11-17 16:00:00+00:00,37.526,38.13,37.101,38.126,690838.84,347436.91
2025-11-17 17:00:00+00:00,38.124,38.152,37.372,37.711,447965.76,192577.54
2025-11-17 18:00:00+00:00,37.711,38.2,37.543,38.048,499903.63,227395.93
2025-11-17 19:00:00+00:00,38.049,38.075,37.324,37.681,585738.87,272800.62
2025-11-17 20:00:00+00:00,37.68,38.703,37.566,38.465,689866.72,352824.9
2025-11-17 21:00:00+00:00,38.465,38.922,38.11,38.295,485394.43,227737.61
2025-11-17 22:00:00+00:00,38.296,38.574,38.119,38.266,254608.25,132139.09
2025-11-17 23:00:00+00:00,38.266,39.341,38.204,39.335,623897.16,278066.62
2025-11-18 00:00:00+00:00,39.335,39.526,38.533,39.228,618779.21,308489.51
2025-11-18 01:00:00+00:00,39.23,39.811,39.017,39.137,413151.29,206471.3
2025-11-18 02:00:00+00:00,39.136,40.118,38.705,39.596,825948.75,420112.46
2025-11-18 03:00:00+00:00,39.596,40.92,39.329,40.413,1100809.33,611671.75
2025-11-18 04:00:00+00:00,40.414,40.6,39.745,40.559,713472.05,367711.24
2025-11-18 05:00:00+00:00,40.56,41.709,40.338,40.754,1014423.31,474603.91
2025-11-18 06:00:00+00:00,40.754,40.794,39.669,39.746,777927.42,334683.38
2025-11-18 07:00:00+00:00,39.746,40.528,39.571,40.262,656474.76,316934.32
2025-11-18 08:00:00+00:00,40.261,41.488,40.225,41.152,704106.38,379162.9
2025-11-18 09:00:00+00:00,41.152,41.354,40.71,41.295,456055.09,223633.61
2025-11-18 10:00:00+00:00,41.296,41.382,40.862,41.15,264355.65,140600.25
2025-11-18 11:00:00+00:00,41.158,41.298,40.708,41.106,337313.96,158744.87
2025-11-18 12:00:00+00:00,41.107,41.664,40.902,41.13,638895.03,288998.18
2025-11-18 13:00:00+00:00,41.13,41.203,40.1,40.447,794391.41,368120.2
2025-11-18 14:00:00+00:00,40.441,40.567,38.322,38.557,2271089.79,1034182.86
2025-11-18 15:00:00+00:00,38.557,39.349,38.414,38.881,1435113.67,685969.74
2025-11-18 16:00:00+00:00,38.884,39.586,38.709,39.055,767501.94,364273.58
2025-11-18 17:00:00+00:00,39.055,39.078,38.238,38.567,566710.21,246781.42
2025-11-18 18:00:00+00:00,38.567,38.893,38.347,38.48,407314.0,220479.6
2025-11-18 19:00:00+00:00,38.481,38.708,38.389,38.593,260634.76,118198.4
2025-11-18 20:00:00+00:00,38.594,39.084,38.515,38.867,273125.29,139950.59
2025-11-18 21:00:00+00:00,38.868,39.354,38.741,38.779,479094.02,202231.8
2025-11-18 22:00:00+00:00,38.78,39.117,38.76,39.037,172116.84,98084.1
2025-11-18 23:00:00+00:00,39.037,39.109,38.62,38.653,142928.64,63861.72
2025-11-19 00:00:00+00:00,38.653,38.8,38.256,38.733,342080.91,167206.45
2025-11-19 01:00:00+00:00,38.735,38.78,38.451,38.78,214622.04,105560.86
2025-11-19 02:00:00+00:00,38.779,39.107,38.627,38.986,221885.0,119090.55
2025-11-19 03:00:00+00:00,38.988,39.008,38.3,38.344,258734.78,95378.45
2025-11-19 04:00:00+00:00,38.344,38.39,37.839,38.113,571042.59,237841.99
2025-11-19 05:00:00+00:00,38.114,38.334,37.582,37.787,582154.8,242405.44
2025-11-19 06:00:00+00:00,37.787,38.56,37.667,38.493,463635.25,231558.39
2025-11-19 07:00:00+00:00,38.492,38.717,38.343,38.603,356863.03,160541.18
2025-11-19 08:00:00+00:00,38.603,38.715,38.21,38.308,306731.51,108870.77
2025-11-19 09:00:00+00:00,38.306,38.335,37.946,38.184,337502.07,135535.98
2025-11-19 10:00:00+00:00,38.185,38.25,38.039,38.049,171019.3,83716.58
2025-11-19 11:00:00+00:00,38.049,38.329,37.94,38.192,201209.91,106259.21
2025-11-19 12:00:00+00:00,38.193,38.372,37.95,38.155,196346.17,85486.53
2025-11-19 13:00:00+00:00,38.154,38.226,37.794,37.819,222454.39,84786.76
2025-11-19 14:00:00+00:00,37.82,38.136,37.678,38.026,361210.72,171746.73
2025-11-19 15:00:00+00:00,38.027,38.527,37.283,37.343,845258.32,341424.24
2025-11-19 16:00:00+00:00,37.341,37.584,37.12,37.405,616232.73,301387.04
2025-11-19 17:00:00+00:00,37.405,37.88,37.187,37.66,539375.77,251175.03
2025-11-19 18:00:00+00:00,37.66,37.809,37.264,37.618,375813.24,163864.87
2025-11-19 19:00:00+00:00,37.619,37.72,37.185,37.622,332874.27,168484.77
2025-11-19 20:00:00+00:00,37.622,38.421,37.569,38.36,521350.58,273624.94
2025-11-19 21:00:00+00:00,38.357,38.969,38.067,38.306,849444.15,405233.19
2025-11-19 22:00:00+00:00,38.307,38.447,38.071,38.351,306973.2,135712.5
2025-11-19 23:00:00+00:00,38.35,38.898,38.345,38.842,377401.02,181642.07
2025-11-20 00:00:00+00:00,38.841,39.111,38.363,38.845,475159.94,236942.17
2025-11-20 01:00:00+00:00,38.844,39.34,38.739,39.151,525491.47,273946.0
2025-11-20 02:00:00+00:00,39.15,39.425,39.1,39.345,312378.67,157132.12
2025-11-20 03:00:00+00:00,39.345,39.8,39.254,39.279,416754.89,177121.45
2025-11-20 04:00:00+00:00,39.28,39.609,38.925,39.573,327560.95,156320.23
2025-11-20 05:00:00+00:00,39.573,39.706,39.351,39.48,255392.31,123987.95
2025-11-20 06:00:00+00:00,39.479,39.527,38.934,39.113,385945.27,164937.29
2025-11-20 07:00:00+00:00,39.114,39.459,39.048,39.436,146185.54,80155.29
2025-11-20 08:00:00+00:00,39.436,39.487,39.258,39.392,122391.58,64206.79
2025-11-20 09:00:00+00:00,39.39,39.394,38.978,39.215,278520.44,127206.03
2025-11-20 10:00:00+00:00,39.215,39.271,38.983,39.207,172763.96,86208.78
2025-11-20 11:00:00+00:00,39.206,39.309,39.047,39.287,160950.4,78913.46
2025-11-20 12:00:00+00:00,39.287,39.423,39.166,39.247,224356.09,107004.45
2025-11-20 13:00:00+00:00,39.246,39.368,38.895,38.955,388494.12,186160.75
2025-11-20 14:00:00+00:00,38.956,39.126,38.58,38.915,603927.37,261950.94
2025-11-20 15:00:00+00:00,38.915,38.949,38.4,38.455,392350.65,188289.41
2025-11-20 16:00:00+00:00,38.455,38.541,37.602,37.971,1226617.57,589757.24
2025-11-20 17:00:00+00:00,37.97,38.248,37.42,38.211,885219.08,481982.44
2025-11-20 18:00:00+00:00,38.209,38.291,37.402,37.542,630620.47,261408.54
2025-11-20 19:00:00+00:00,37.542,37.945,37.346,37.88,454793.08,259004.15
2025-11-20 20:00:00+00:00,37.879,37.879,37.45,37.612,275356.5,145437.95
2025-11-20 21:00:00+00:00,37.615,38.276,37.603,37.943,416632.45,252560.03
2025-11-20 22:00:00+00:00,37.942,38.379,37.878,38.344,184443.19,99967.37
2025-11-20 23:00:00+00:00,38.344,38.384,37.48,37.541,382359.99,149189.13
2025-11-21 00:00:00+00:00,37.542,38.489,37.526,38.373,493423.8,255766.29
2025-11-21 01:00:00+00:00,38.373,38.547,37.93,37.952,365631.25,159866.56
2025-11-21 02:00:00+00:00,37.953,38.109,37.5,37.591,426447.9,192674.2
2025-11-21 03:00:00+00:00,37.59,38.001,36.803,36.865,1369758.39,591052.47
2025-11-21 04:00:00+00:00,36.862,37.054,36.565,37.034,574654.47,287390.83
2025-11-21 05:00:00+00:00,37.033,37.278,36.569,36.644,449980.37,217638.45
2025-11-21 06:00:00+00:00,36.645,36.848,35.571,35.594,1597633.25,616963.92
2025-11-21 07:00:00+00:00,35.593,35.627,32.758,34.267,3919028.29,1771113.32
2025-11-21 08:00:00+00:00,34.273,34.785,33.989,34.276,1336479.71,694795.05
2025-11-21 09:00:00+00:00,34.273,34.55,33.106,33.439,1637979.43,676533.38
2025-11-21 10:00:00+00:00,33.438,33.708,32.312,32.93,2173572.85,1034021.15
2025-11-21 11:00:00+00:00,32.93,33.386,32.241,32.485,1143016.31,553903.47
2025-11-21 12:00:00+00:00,32.487,33.583,31.66,33.249,2960481.79,1483516.41
2025-11-21 13:00:00+00:00,33.249,33.84,32.889,33.233,1500548.82,766181.14
2025-11-21 14:00:00+00:00,33.232,34.12,32.791,34.051,1818974.09,938113.17
2025-11-21 15:00:00+00:00,34.054,34.178,32.688,32.85,1354782.16,613074.6
2025-11-21 16:00:00+00:00,32.85,34.376,32.095,34.32,2243971.23,1244557.62
2025-11-21 17:00:00+00:00,34.32,34.597,33.212,33.3,1660749.61,830420.19
2025-11-21 18:00:00+00:00,33.301,33.386,32.741,33.066,888106.48,401843.32
2025-11-21 19:00:00+00:00,33.066,33.812,33.003,33.522,590516.38,308087.76
2025-11-21 20:00:00+00:00,33.521,33.864,33.297,33.736,611528.77,306272.47
2025-11-21 21:00:00+00:00,33.735,34.322,33.448,33.983,503537.67,240605.35
2025-11-21 22:00:00+00:00,33.984,34.056,33.082,33.095,613550.66,268542.35
2025-11-21 23:00:00+00:00,33.095,33.943,33.014,33.85,416706.12,212385.35
2025-11-22 00:00:00+00:00,33.851,33.971,33.478,33.797,492928.75,259204.34
2025-11-22 01:00:00+00:00,33.8,34.323,33.753,34.307,381133.74,203682.03
2025-11-22 02:00:00+00:00,34.307,34.358,33.903,34.235,265334.8,134680.12
2025-11-22 03:00:00+00:00,34.235,34.266,33.838,33.892,190026.85,91355.01
2025-11-22 04:00:00+00:00,33.893,33.957,33.202,33.539,401786.64,184483.71
2025-11-22 05:00:00+00:00,33.54,34.18,33.34,33.751,675485.71,407368.36
2025-11-22 06:00:00+00:00,33.751,34.524,33.55,34.511,399263.35,218308.59
2025-11-22 07:00:00+00:00,34.511,34.511,33.89,33.937,420125.43,180639.9
2025-11-22 08:00:00+00:00,33.938,33.939,33.293,33.341,423330.13,184046.48
2025-11-22 09:00:00+00:00,33.342,33.645,33.022,33.132,640470.68,305505.47
2025-11-22 10:00:00+00:00,33.13,33.374,32.722,32.858,446313.47,214711.77
2025-11-22 11:00:00+00:00,32.858,33.308,32.804,32.889,289939.16,149121.71
2025-11-22 12:00:00+00:00,32.889,32.941,32.482,32.667,444636.26,223037.67
2025-11-22 13:00:00+00:00,32.668,32.902,32.012,32.282,563928.04,232351.04
2025-11-22 14:00:00+00:00,32.282,32.79,32.276,32.598,434946.32,206784.21
2025-11-22 15:00:00+00:00,32.597,32.708,31.872,31.907,753312.81,326682.97
2025-11-22 16:00:00+00:00,31.908,32.008,31.305,31.584,1381646.89,615326.85
2025-11-22 17:00:00+00:00,31.584,31.714,31.044,31.079,655374.48,291539.72
2025-11-22 18:00:00+00:00,31.08,31.295,30.554,30.793,805236.96,384518.28
2025-11-22 19:00:00+00:00,30.794,31.37,30.479,30.513,941574.29,411964.91
2025-11-22 20:00:00+00:00,30.512,30.637,29.35,29.974,2954181.69,1395151.5
2025-11-22 21:00:00+00:00,29.976,30.345,29.739,30.007,914316.33,425631.93
2025-11-22 22:00:00+00:00,30.009,30.556,29.604,30.51,924075.13,434263.19
2025-11-22 23:00:00+00:00,30.511,30.578,29.613,29.977,720556.83,320292.73
2025-11-23 00:00:00+00:00,29.977,30.37,29.614,30.318,736264.35,380469.65
2025-11-23 01:00:00+00:00,30.319,31.576,30.236,31.212,1613739.82,903093.58
2025-11-23 02:00:00+00:00,31.211,31.53,30.721,31.162,1062075.62,482113.19
2025-11-23 03:00:00+00:00,31.162,31.541,31.005,31.245,594681.42,315816.16
2025-11-23 04:00:00+00:00,31.242,31.774,31.165,31.508,610949.02,344227.7
2025-11-23 05:00:00+00:00,31.509,31.753,31.39,31.717,330044.86,170024.82
2025-11-23 06:00:00+00:00,31.717,31.86,31.022,31.16,584540.58,284625.77
2025-11-23 07:00:00+00:00,31.161,31.206,30.353,30.882,673106.31,288734.17
2025-11-23 08:00:00+00:00,30.883,31.198,30.722,31.075,642313.78,303631.66
2025-11-23 09:00:00+00:00,31.076,31.604,30.973,31.534,444613.72,240058.2
2025-11-23 10:00:00+00:00,31.535,31.595,31.279,31.387,391787.02,210647.35
2025-11-23 11:00:00+00:00,31.387,31.689,31.315,31.554,277101.22,129317.19
2025-11-23 12:00:00+00:00,31.555,32.069,31.282,31.37,851148.88,476504.45
2025-11-23 13:00:00+00:00,31.373,31.392,30.858,31.255,694914.97,336070.61
2025-11-23 14:00:00+00:00,31.254,31.417,30.61,30.727,560439.13,248032.96
2025-11-23 15:00:00+00:00,30.727,31.271,30.614,31.181,421580.86,217796.42
2025-11-23 16:00:00+00:00,31.18,31.212,30.239,30.274,630654.45,263491.43
2025-11-23 17:00:00+00:00,30.275,30.729,30.252,30.609,512549.11,269971.47
2025-11-23 18:00:00+00:00,30.609,30.89,30.537,30.808,311084.77,177844.92
2025-11-23 19:00:00+00:00,30.808,31.24,30.706,31.012,347196.82,165679.68
2025-11-23 20:00:00+00:00,31.011,31.928,30.895,31.86,751344.42,397129.67
2025-11-23 21:00:00+00:00,31.862,32.5,31.516,32.279,916485.14,473055.81
2025-11-23 22:00:00+00:00,32.278,32.642,32.008,32.328,589488.43,307033.32
2025-11-23 23:00:00+00:00,32.33,32.354,31.486,31.863,768947.87,359783.91
2025-11-24 00:00:00+00:00,31.863,32.239,31.497,31.855,699618.1,376010.07
2025-11-24 01:00:00+00:00,31.853,32.781,31.713,32.718,606252.2,339723.84
2025-11-24 02:00:00+00:00,32.718,33.729,32.661,33.67,1448075.61,700821.48
2025-11-24 03:00:00+00:00,33.667,33.779,32.971,33.07,632115.72,279286.02
2025-11-24 04:00:00+00:00,33.07,33.082,31.215,31.51,1537212.03,680619.22
2025-11-24 05:00:00+00:00,31.509,32.167,31.411,31.594,779026.85,410759.53
2025-11-24 06:00:00+00:00,31.594,31.627,31.148,31.509,571158.99,277758.09
2025-11-24 07:00:00+00:00,31.508,31.826,31.34,31.578,496785.51,223858.34
2025-11-24 08:00:00+00:00,31.577,31.709,31.188,31.453,357570.4,185230.08
2025-11-24 09:00:00+00:00,31.456,31.644,31.049,31.532,571153.49,278781.8
2025-11-24 10:00:00+00:00,31.53,31.794,31.504,31.696,295410.42,139736.94
2025-11-24 11:00:00+00:00,31.695,31.765,31.196,31.212,395355.69,171128.03
2025-11-24 12:00:00+00:00,31.212,31.284,30.407,30.546,685262.77,265939.49
2025-11-24 13:00:00+00:00,30.547,31.488,30.466,31.158,738642.96,391525.88
2025-11-24 14:00:00+00:00,31.156,31.945,30.905,31.143,960733.14,492891.14
2025-11-24 15:00:00+00:00,31.144,31.261,30.617,31.029,866551.94,443375.25
2025-11-24 16:00:00+00:00,31.03,31.505,31.03,31.146,544699.34,272269.49
2025-11-24 17:00:00+00:00,31.148,31.915,31.105,31.878,748650.04,423307.98
2025-11-24 18:00:00+00:00,31.877,32.392,31.871,32.238,738202.01,378901.48
2025-11-24 19:00:00+00:00,32.237,32.468,32.062,32.458,429665.91,203846.65
2025-11-24 20:00:00+00:00,32.459,32.985,32.459,32.888,593671.17,262740.22
2025-11-24 21:00:00+00:00,32.891,32.92,32.374,32.421,384044.34,155718.96
2025-11-24 22:00:00+00:00,32.421,33.674,32.404,33.403,814963.37,397581.78
2025-11-24 23:00:00+00:00,33.4,34.66,33.189,33.728,1882127.85,1062855.43
2025-11-25 00:00:00+00:00,33.728,33.746,33.106,33.278,713900.88,291603.07
2025-11-25 01:00:00+00:00,33.278,33.82,33.103,33.135,426719.93,213656.55
2025-11-25 02:00:00+00:00,33.137,33.272,32.601,33.047,779949.0,373215.21
2025-11-25 03:00:00+00:00,33.047,33.162,32.212,32.599,644692.98,299875.92
2025-11-25 04:00:00+00:00,32.6,32.895,32.51,32.696,370688.61,180422.44
2025-11-25 05:00:00+00:00,32.697,32.797,32.416,32.663,192636.12,97848.69
2025-11-25 06:00:00+00:00,32.663,32.664,31.943,32.127,469490.29,202886.21
2025-11-25 07:00:00+00:00,32.128,32.241,31.789,31.882,395303.12,186620.1
2025-11-25 08:00:00+00:00,31.882,33.707,31.882,32.934,1262080.17,655061.86
2025-11-25 09:00:00+00:00,32.934,34.44,32.5,34.349,1816455.34,1050595.69
2025-11-25 10:00:00+00:00,34.348,34.496,32.502,32.707,2401716.02,1112206.03
2025-11-25 11:00:00+00:00,32.7,32.796,32.363,32.517,487983.29,217684.26
2025-11-25 12:00:00+00:00,32.518,33.003,32.456,32.756,451948.11,220295.49
2025-11-25 13:00:00+00:00,32.756,33.149,32.245,32.397,520044.18,245057.67
2025-11-25 14:00:00+00:00,32.398,32.826,31.801,32.161,935966.76,373905.44
2025-11-25 15:00:00+00:00,32.16,32.633,31.913,32.271,632223.15,329202.67
2025-11-25 16:00:00+00:00,32.267,32.501,31.986,32.234,340450.99,176124.6
2025-11-25 17:00:00+00:00,32.233,32.699,32.067,32.444,429825.58,219775.91
2025-11-25 18:00:00+00:00,32.443,32.516,32.228,32.269,196760.99,89901.96
2025-11-25 19:00:00+00:00,32.271,32.37,31.8,32.339,488236.28,251815.57
2025-11-25 20:00:00+00:00,32.344,32.875,32.16,32.694,378270.62,222727.36
2025-11-25 21:00:00+00:00,32.696,32.951,32.526,32.684,291361.58,149421.52
2025-11-25 22:00:00+00:00,32.683,33.302,32.345,33.251,409761.32,217297.12
2025-11-25 23:00:00+00:00,33.25,33.931,33.146,33.717,739738.96,365765.89
2025-11-26 00:00:00+00:00,33.717,34.3,33.624,34.06,570102.62,272095.65
2025-11-26 01:00:00+00:00,34.06,34.445,33.878,34.257,364327.07,193087.55
2025-11-26 02:00:00+00:00,34.257,34.653,34.028,34.201,612524.86,309356.37
2025-11-26 03:00:00+00:00,34.2,34.344,33.786,33.901,548546.18,272849.38
2025-11-26 04:00:00+00:00,33.9,34.042,33.6,34.007,323855.2,167638.53
2025-11-26 05:00:00+00:00,34.006,34.784,33.979,34.64,579029.67,329626.58
2025-11-26 06:00:00+00:00,34.639,35.019,34.441,34.499,660880.97,330155.02
2025-11-26 07:00:00+00:00,34.498,34.799,34.3,34.742,395744.5,190110.56
2025-11-26 08:00:00+00:00,34.741,34.784,34.458,34.558,222828.36,113832.34
2025-11-26 09:00:00+00:00,34.56,34.623,33.824,33.911,531197.5,189404.83
2025-11-26 10:00:00+00:00,33.913,33.994,33.594,33.762,440201.12,198356.84
2025-11-26 11:00:00+00:00,33.763,34.022,33.654,33.686,243199.9,123800.9
2025-11-26 12:00:00+00:00,33.685,33.725,33.01,33.319,577506.71,251210.04
2025-11-26 13:00:00+00:00,33.319,33.966,33.211,33.743,464408.68,274576.44
2025-11-26 14:00:00+00:00,33.743,34.3,33.593,33.743,594187.55,326558.58
2025-11-26 15:00:00+00:00,33.741,34.16,33.655,33.827,376726.4,209855.25
2025-11-26 16:00:00+00:00,33.827,34.506,33.772,34.361,378153.72,228478.13
2025-11-26 17:00:00+00:00,34.362,35.396,34.237,35.368,901563.69,514497.03
2025-11-26 18:00:00+00:00,35.369,35.655,35.03,35.25,660355.29,323348.16
2025-11-26 19:00:00+00:00,35.25,35.396,34.918,35.198,300414.92,159293.12
2025-11-26 20:00:00+00:00,35.198,35.79,34.831,35.714,322298.81,190738.33
2025-11-26 21:00:00+00:00,35.714,36.288,35.56,36.146,609173.9,349941.23
2025-11-26 22:00:00+00:00,36.147,36.359,35.898,36.305,335885.82,177528.64
2025-11-26 23:00:00+00:00,36.304,36.332,35.68,36.222,430244.06,230724.85
2025-11-27 00:00:00+00:00,36.22,36.22,35.718,35.96,340474.81,166206.42
2025-11-27 01:00:00+00:00,35.96,36.537,35.817,36.341,354079.87,212455.79
2025-11-27 02:00:00+00:00,36.34,36.462,36.118,36.159,426033.48,208453.22
2025-11-27 03:00:00+00:00,36.159,36.24,35.529,35.65,478286.13,178457.57
2025-11-27 04:00:00+00:00,35.652,35.916,35.463,35.59,205063.05,101635.16
2025-11-27 05:00:00+00:00,35.59,35.615,35.297,35.332,237543.18,96894.63
2025-11-27 06:00:00+00:00,35.333,35.669,35.333,35.395,152380.95,72075.29
2025-11-27 07:00:00+00:00,35.395,35.595,35.315,35.548,165534.69,91430.29
2025-11-27 08:00:00+00:00,35.549,35.614,35.174,35.423,236978.86,118321.59
2025-11-27 09:00:00+00:00,35.422,35.535,35.232,35.301,232179.7,114625.9
2025-11-27 10:00:00+00:00,35.3,35.316,34.908,35.007,314922.21,147527.13
2025-11-27 11:00:00+00:00,35.006,35.011,34.455,34.795,771056.33,334786.07
2025-11-27 12:00:00+00:00,34.795,34.954,34.536,34.629,397124.69,170880.08
2025-11-27 13:00:00+00:00,34.631,34.917,34.617,34.847,238646.0,134747.58
2025-11-27 14:00:00+00:00,34.847,34.873,34.548,34.705,245987.51,126036.14
2025-11-27 15:00:00+00:00,34.705,34.802,34.501,34.696,202133.1,108624.4
2025-11-27 16:00:00+00:00,34.696,35.508,34.527,35.36,539061.79,321707.27
2025-11-27 17:00:00+00:00,35.36,35.766,35.251,35.471,386816.88,207456.94
2025-11-27 18:00:00+00:00,35.471,35.795,35.3,35.795,223592.7,134612.08
2025-11-27 19:00:00+00:00,35.794,35.798,35.558,35.721,127455.24,64898.09
2025-11-27 20:00:00+00:00,35.721,35.961,35.483,35.501,219331.27,90444.3
2025-11-27 21:00:00+00:00,35.501,35.614,35.032,35.083,337987.41,157707.78
2025-11-27 22:00:00+00:00,35.081,35.174,34.674,34.733,316954.36,153554.17
2025-11-27 23:00:00+00:00,34.734,34.922,34.65,34.723,218545.71,117488.19
2025-11-28 00:00:00+00:00,34.723,34.838,34.472,34.495,342414.91,150235.44
2025-11-28 01:00:00+00:00,34.495,34.578,34.082,34.205,434654.76,176440.24
2025-11-28 02:00:00+00:00,34.205,34.273,33.769,34.098,477012.56,203755.54
2025-11-28 03:00:00+00:00,34.098,34.872,34.05,34.871,459708.9,280572.91
2025-11-28 04:00:00+00:00,34.872,35.533,34.695,35.3,548528.57,280051.18
2025-11-28 05:00:00+00:00,35.301,35.498,34.969,35.166,347057.31,147078.44
2025-11-28 06:00:00+00:00,35.167,35.168,34.796,34.823,259219.79,100641.16
2025-11-28 07:00:00+00:00,34.823,34.899,34.474,34.665,314378.96,151293.74
2025-11-28 08:00:00+00:00,34.664,35.105,34.617,35.09,335754.88,187259.1
2025-11-28 09:00:00+00:00,35.093,35.902,35.025,35.755,601299.4,348510.7
2025-11-28 10:00:00+00:00,35.755,36.32,35.624,36.092,544487.42,292854.93
2025-11-28 11:00:00+00:00,36.09,36.221,35.68,35.958,459694.07,226761.37
2025-11-28 12:00:00+00:00,35.958,36.156,35.695,35.809,320972.2,159858.19
2025-11-28 13:00:00+00:00,35.81,36.296,35.602,36.199,364695.92,174339.83
2025-11-28 14:00:00+00:00,36.199,36.809,36.017,36.436,895265.3,437499.52
2025-11-28 15:00:00+00:00,36.436,36.512,35.294,35.479,813174.21,312107.49
2025-11-28 16:00:00+00:00,35.479,35.597,34.723,34.76,928246.01,491746.66
2025-11-28 17:00:00+00:00,34.76,34.883,34.501,34.684,509667.5,256254.31
2025-11-28 18:00:00+00:00,34.685,34.946,34.14,34.45,612540.14,271104.21
2025-11-28 19:00:00+00:00,34.449,34.754,34.382,34.541,380156.01,223959.26
2025-11-28 20:00:00+00:00,34.541,34.65,34.349,34.633,216537.08,133041.66
2025-11-28 21:00:00+00:00,34.633,34.686,34.288,34.447,205215.09,106607.78
2025-11-28 22:00:00+00:00,34.448,35.0,34.258,34.959,255501.52,152958.0
2025-11-28 23:00:00+00:00,34.959,35.299,34.806,34.924,405947.45,216567.91
2025-11-29 00:00:00+00:00,34.923,35.145,34.824,35.07,330958.72,168297.89
2025-11-29 01:00:00+00:00,35.069,35.097,34.753,34.969,253369.06,128257.1
2025-11-29 02:00:00+00:00,34.971,35.089,34.614,34.748,302182.87,147657.35
2025-11-29 03:00:00+00:00,34.742,34.879,34.64,34.818,201030.17,105949.88
2025-11-29 04:00:00+00:00,34.819,34.93,34.351,34.767,487501.47,213044.58
2025-11-29 05:00:00+00:00,34.761,35.076,34.618,34.854,422186.03,268854.43
2025-11-29 06:00:00+00:00,34.855,34.857,34.079,34.504,654490.38,295509.41
2025-11-29 07:00:00+00:00,34.502,36.449,34.257,35.946,1832095.6,895795.08
2025-11-29 08:00:00+00:00,35.946,36.037,35.3,35.43,451946.08,189979.83
2025-11-29 09:00:00+00:00,35.431,35.713,35.313,35.467,372371.06,191691.81
2025-11-29 10:00:00+00:00,35.468,35.956,35.258,35.5,481378.46,220848.93
2025-11-29 11:00:00+00:00,35.501,35.768,35.241,35.715,366893.26,184281.06
2025-11-29 12:00:00+00:00,35.716,36.233,35.641,36.005,509829.6,246171.62
2025-11-29 13:00:00+00:00,36.005,36.156,35.782,35.982,391878.61,147218.24
2025-11-29 14:00:00+00:00,35.98,35.987,34.899,35.06,718554.4,272720.56
2025-11-29 15:00:00+00:00,35.061,35.15,34.5,34.745,1009475.08,549519.67
2025-11-29 16:00:00+00:00,34.745,35.067,34.582,34.922,428445.01,233080.4
2025-11-29 17:00:00+00:00,34.922,35.066,34.311,34.455,445263.42,203226.38
2025-11-29 18:00:00+00:00,34.455,34.813,34.001,34.618,753671.89,385470.64
2025-11-29 19:00:00+00:00,34.618,34.718,34.329,34.455,180473.92,87176.78
2025-11-29 20:00:00+00:00,34.455,34.647,34.177,34.602,237643.34,116432.96
2025-11-29 21:00:00+00:00,34.601,34.745,34.376,34.658,216779.11,112134.45
2025-11-29 22:00:00+00:00,34.659,34.773,34.448,34.509,87264.33,42168.81
2025-11-29 23:00:00+00:00,34.512,34.512,34.281,34.329,135109.38,61152.6
2025-11-30 00:00:00+00:00,34.33,34.549,34.015,34.129,313641.49,159902.05
2025-11-30 01:00:00+00:00,34.129,34.485,34.106,34.3,188138.73,107837.61
2025-11-30 02:00:00+00:00,34.301,34.464,34.233,34.272,123697.55,56810.91
2025-11-30 03:00:00+00:00,34.272,34.452,34.001,34.278,286209.21,144702.78
2025-11-30 04:00:00+00:00,34.278,34.331,34.062,34.109,124006.04,52722.05
2025-11-30 05:00:00+00:00,34.11,34.115,33.459,33.579,548788.76,206154.71
2025-11-30 06:00:00+00:00,33.577,33.938,33.334,33.693,695011.33,357208.99
2025-11-30 07:00:00+00:00,33.694,34.011,33.618,33.96,284429.51,145323.02
2025-11-30 08:00:00+00:00,33.96,34.068,33.838,33.996,205833.59,110196.19
2025-11-30 09:00:00+00:00,33.997,34.068,33.691,33.817,174124.62,87587.84
2025-11-30 10:00:00+00:00,33.818,33.875,33.203,33.225,480310.26,193407.62
2025-11-30 11:00:00+00:00,33.226,33.33,32.898,32.999,721984.19,300220.93
2025-11-30 12:00:00+00:00,32.999,33.297,32.868,33.138,489053.26,287515.49
2025-11-30 13:00:00+00:00,33.139,33.773,33.139,33.588,774877.66,409973.71
2025-11-30 14:00:00+00:00,33.589,33.641,33.141,33.21,393866.56,172677.5
2025-11-30 15:00:00+00:00,33.208,33.218,32.889,33.035,396344.32,174590.9
2025-11-30 16:00:00+00:00,33.036,33.599,33.036,33.563,295027.29,164825.87
2025-11-30 17:00:00+00:00,33.563,33.744,33.36,33.709,300794.93,149511.87
2025-11-30 18:00:00+00:00,33.709,33.977,33.536,33.903,187942.02,108294.27
2025-11-30 19:00:00+00:00,33.903,33.966,33.672,33.724,121013.09,57651.21
2025-11-30 20:00:00+00:00,33.724,33.812,33.315,33.334,250658.01,98520.93
2025-11-30 21:00:00+00:00,33.335,33.386,33.133,33.152,170053.28,77179.66
2025-11-30 22:00:00+00:00,33.152,33.261,32.699,32.773,346012.57,129780.34
2025-11-30 23:00:00+00:00,32.773,32.788,31.827,31.934,975130.72,373551.39
2025-12-01 00:00:00+00:00,31.934,32.067,30.6,30.61,1933234.19,812259.36
2025-12-01 01:00:00+00:00,30.608,31.372,30.511,31.24,1206223.23,645254.54
2025-12-01 02:00:00+00:00,31.24,31.721,31.154,31.66,870956.1,475137.54
2025-12-01 03:00:00+00:00,31.662,31.712,30.666,30.755,1174363.03,532191.19
2025-12-01 04:00:00+00:00,30.753,30.85,30.502,30.511,529239.15,245591.36
2025-12-01 05:00:00+00:00,30.512,30.752,30.277,30.437,572482.88,274627.63
2025-12-01 06:00:00+00:00,30.438,30.767,30.41,30.74,313585.22,172022.86
2025-12-01 07:00:00+00:00,30.739,31.243,30.693,31.198,376490.09,210993.11
2025-12-01 08:00:00+00:00,31.198,31.376,30.782,31.146,397709.06,190350.1
2025-12-01 09:00:00+00:00,31.144,31.365,30.93,31.058,326341.29,164872.98
2025-12-01 10:00:00+00:00,31.058,31.428,31.009,31.256,303137.46,159468.45
2025-12-01 11:00:00+00:00,31.256,31.256,30.564,30.629,464715.69,205933.81
2025-12-01 12:00:00+00:00,30.63,30.809,29.85,30.236,952896.59,372014.47
2025-12-01 13:00:00+00:00,30.236,30.579,29.135,29.609,1343824.13,570867.16
2025-12-01 14:00:00+00:00,29.605,30.107,29.2,29.755,940800.11,455292.4
2025-12-01 15:00:00+00:00,29.754,29.966,29.386,29.764,938287.47,470943.6
2025-12-01 16:00:00+00:00,29.764,29.774,29.218,29.547,718285.61,406698.84
2025-12-01 17:00:00+00:00,29.548,29.813,29.359,29.565,556221.92,330873.68
2025-12-01 18:00:00+00:00,29.565,30.004,29.536,29.681,530522.15,297007.8
2025-12-01 19:00:00+00:00,29.68,29.784,29.373,29.528,318012.6,153495.69
2025-12-01 20:00:00+00:00,29.528,30.277,29.52,30.232,653633.03,365507.68
2025-12-01 21:00:00+00:00,30.232,30.678,30.161,30.603,628199.88,353442.77
2025-12-01 22:00:00+00:00,30.603,31.263,30.594,31.207,692567.53,368833.31
2025-12-01 23:00:00+00:00,31.206,31.489,30.972,31.01,699446.51,311183.18
2025-12-02 00:00:00+00:00,31.01,31.532,30.59,30.742,863938.26,415575.79
2025-12-02 01:00:00+00:00,30.743,31.187,30.351,30.419,621615.16,289497.06
2025-12-02 02:00:00+00:00,30.419,30.895,30.349,30.61,413091.85,223185.36
2025-12-02 03:00:00+00:00,30.609,31.193,30.566,31.063,564516.06,311241.55
2025-12-02 04:00:00+00:00,31.062,31.398,30.902,31.112,306315.38,161999.89
2025-12-02 05:00:00+00:00,31.112,31.39,30.974,31.327,347296.66,195775.69
2025-12-02 06:00:00+00:00,31.327,31.836,31.118,31.79,434991.6,247494.46
2025-12-02 07:00:00+00:00,31.786,31.967,31.6,31.679,321948.73,161934.61
2025-12-02 08:00:00+00:00,31.68,31.784,31.091,31.238,453829.78,208840.19
2025-12-02 09:00:00+00:00,31.24,31.478,31.13,31.294,265222.18,140525.99
2025-12-02 10:00:00+00:00,31.293,32.015,31.278,31.88,373272.83,203301.38
2025-12-02 11:00:00+00:00,31.88,31.977,31.684,31.808,296267.42,147676.1
2025-12-02 12:00:00+00:00,31.807,32.05,31.748,31.872,274539.06,139083.5
2025-12-02 13:00:00+00:00,31.872,32.533,31.804,32.106,709732.29,348194.51
2025-12-02 14:00:00+00:00,32.106,33.466,31.478,32.601,3630061.42,1851450.89
2025-12-02 15:00:00+00:00,32.6,33.1,32.302,32.972,1490690.01,752778.65
2025-12-02 16:00:00+00:00,32.971,33.715,32.638,32.759,1099951.3,547365.87
2025-12-02 17:00:00+00:00,32.758,33.224,32.607,32.804,496768.43,228363.08
2025-12-02 18:00:00+00:00,32.804,33.394,32.749,33.384,323250.92,181721.55
2025-12-02 19:00:00+00:00,33.383,33.704,33.07,33.093,464945.27,203729.52
2025-12-02 20:00:00+00:00,33.092,33.141,32.602,32.838,411702.3,184075.96
2025-12-02 21:00:00+00:00,32.837,32.98,32.736,32.897,294977.91,162773.3
2025-12-02 22:00:00+00:00,32.897,33.714,32.78,33.701,309480.72,182862.34
2025-12-02 23:00:00+00:00,33.7,34.406,33.62,33.848,930957.98,505216.61
2025-12-03 00:00:00+00:00,33.845,33.985,33.445,33.488,404476.34,167005.05
2025-12-03 01:00:00+00:00,33.488,33.791,33.349,33.532,361757.45,176779.2
2025-12-03 02:00:00+00:00,33.53,33.977,33.504,33.739,298682.9,143943.88
2025-12-03 03:00:00+00:00,33.739,34.814,33.666,34.201,764726.92,400588.18
2025-12-03 04:00:00+00:00,34.201,34.761,34.192,34.629,453389.41,241342.0
2025-12-03 05:00:00+00:00,34.628,35.385,34.48,34.485,883713.79,449527.42
2025-12-03 06:00:00+00:00,34.485,34.74,34.165,34.236,620728.15,300002.38
2025-12-03 07:00:00+00:00,34.238,34.404,34.024,34.221,329051.82,175073.94
2025-12-03 08:00:00+00:00,34.222,34.454,34.033,34.117,202905.73,93295.91
2025-12-03 09:00:00+00:00,34.118,34.559,34.087,34.475,176067.41,104622.95
2025-12-03 10:00:00+00:00,34.475,34.62,33.773,33.823,463055.89,202227.3
2025-12-03 11:00:00+00:00,33.825,34.062,33.449,33.761,621604.64,299582.62
2025-12-03 12:00:00+00:00,33.76,33.994,33.612,33.981,222675.79,126977.03
2025-12-03 13:00:00+00:00,33.98,34.3,33.899,34.025,326652.41,169460.87
2025-12-03 14:00:00+00:00,34.025,34.7,33.436,33.868,1017655.16,492354.69
2025-12-03 15:00:00+00:00,33.869,34.278,33.636,34.049,482488.75,224365.2
2025-12-03 16:00:00+00:00,34.049,34.501,33.864,34.133,474695.55,256770.48
2025-12-03 17:00:00+00:00,34.133,34.472,33.905,34.419,368601.26,186701.44
2025-12-03 18:00:00+00:00,34.418,34.593,33.989,34.14,439613.44,197080.6
2025-12-03 19:00:00+00:00,34.14,34.775,34.055,34.747,303575.11,169265.32
2025-12-03 20:00:00+00:00,34.747,34.912,34.285,34.554,363792.67,173096.8
2025-12-03 21:00:00+00:00,34.555,35.1,34.546,35.083,262373.45,159224.24
2025-12-03 22:00:00+00:00,35.082,35.1,34.627,34.889,304682.62,167057.76
2025-12-03 23:00:00+00:00,34.89,35.027,34.561,34.65,286042.31,151651.65
2025-12-04 00:00:00+00:00,34.651,35.183,34.224,35.094,706470.35,387355.39
2025-12-04 01:00:00+00:00,35.094,35.853,34.95,35.799,723649.32,420403.57
2025-12-04 02:00:00+00:00,35.8,36.189,35.667,35.939,536308.95,285075.91
2025-12-04 03:00:00+00:00,35.94,36.043,35.296,35.579,351952.03,149476.97
2025-12-04 04:00:00+00:00,35.579,35.579,35.176,35.389,310938.07,145985.61
2025-12-04 05:00:00+00:00,35.39,35.421,34.75,34.864,350652.0,144761.67
2025-12-04 06:00:00+00:00,34.864,35.158,34.832,34.996,216920.26,112657.57
2025-12-04 07:00:00+00:00,34.995,35.259,34.661,35.231,356095.22,200354.51
2025-12-04 08:00:00+00:00,35.233,35.362,34.793,34.837,253491.41,115332.69
2025-12-04 09:00:00+00:00,34.837,35.074,34.782,34.878,186363.37,97731.07
2025-12-04 10:00:00+00:00,34.878,35.001,34.729,34.754,116866.18,51318.46
2025-12-04 11:00:00+00:00,34.754,34.976,34.561,34.749,258712.08,122694.62
2025-12-04 12:00:00+00:00,34.75,34.788,34.227,34.435,452307.86,206702.08
2025-12-04 13:00:00+00:00,34.434,34.532,34.22,34.386,256756.18,121080.62
2025-12-04 14:00:00+00:00,34.386,34.738,34.02,34.104,476387.31,211980.43
2025-12-04 15:00:00+00:00,34.102,34.953,34.096,34.542,588137.49,303992.45
2025-12-04 16:00:00+00:00,34.542,34.906,34.255,34.549,368151.33,175517.9
2025-12-04 17:00:00+00:00,34.549,34.609,33.934,34.31,485766.21,216978.19
2025-12-04 18:00:00+00:00,34.309,34.373,33.781,33.824,354412.37,126499.85
2025-12-04 19:00:00+00:00,33.825,33.876,33.203,33.472,849683.91,343520.69
2025-12-04 20:00:00+00:00,33.474,33.693,33.229,33.533,292406.0,155748.23
2025-12-04 21:00:00+00:00,33.532,33.692,33.061,33.18,404390.82,168006.03
2025-12-04 22:00:00+00:00,33.18,33.561,33.169,33.501,216957.1,122765.74
2025-12-04 23:00:00+00:00,33.502,33.598,33.356,33.519,131085.25,67398.91
2025-12-05 00:00:00+00:00,33.519,33.58,33.299,33.364,155007.85,74293.41
2025-12-05 01:00:00+00:00,33.364,33.739,33.238,33.682,236873.01,133910.2
2025-12-05 02:00:00+00:00,33.682,33.89,33.615,33.742,223937.27,118091.68
2025-12-05 03:00:00+00:00,33.743,33.76,33.417,33.682,256931.97,113945.83
2025-12-05 04:00:00+00:00,33.682,33.814,33.307,33.41,248820.09,111515.54
2025-12-05 05:00:00+00:00,33.41,33.529,33.378,33.524,91220.11,39216.58
2025-12-05 06:00:00+00:00,33.525,33.625,33.285,33.363,277821.61,121185.81
2025-12-05 07:00:00+00:00,33.363,33.557,33.172,33.196,206669.27,97266.36
2025-12-05 08:00:00+00:00,33.197,33.276,32.65,32.718,687739.48,249047.09
2025-12-05 09:00:00+00:00,32.719,32.768,32.09,32.122,857539.41,320809.33
2025-12-05 10:00:00+00:00,32.121,32.497,32.086,32.246,549861.8,282196.74
2025-12-05 11:00:00+00:00,32.246,32.292,31.811,31.914,465608.66,191285.06
2025-12-05 12:00:00+00:00,31.913,32.053,31.757,31.906,442091.37,203967.64
2025-12-05 13:00:00+00:00,31.906,31.987,31.245,31.375,869373.32,327767.0
2025-12-05 14:00:00+00:00,31.38,31.504,31.092,31.211,729262.53,358796.73
2025-12-05 15:00:00+00:00,31.208,32.049,31.186,31.491,1174003.08,651397.69
2025-12-05 16:00:00+00:00,31.492,31.521,30.683,31.026,1226221.49,576110.52
2025-12-05 17:00:00+00:00,31.028,31.213,30.808,31.01,607043.13,298121.32
2025-12-05 18:00:00+00:00,31.009,31.274,30.556,30.58,674952.61,288033.59
2025-12-05 19:00:00+00:00,30.581,31.18,30.454,31.084,589658.17,320701.7
2025-12-05 20:00:00+00:00,31.083,31.303,30.871,31.203,381089.16,208097.92
2025-12-05 21:00:00+00:00,31.203,31.326,30.936,31.15,262839.22,127027.22
2025-12-05 22:00:00+00:00,31.151,31.176,30.988,31.107,176010.74,86824.09
2025-12-05 23:00:00+00:00,31.107,31.129,30.782,30.965,861695.2,418916.92
2025-12-06 00:00:00+00:00,30.965,31.0,30.605,30.773,364794.47,165544.77
2025-12-06 01:00:00+00:00,30.773,31.014,30.763,30.922,198129.46,108870.12
2025-12-06 02:00:00+00:00,30.921,30.921,30.637,30.894,146763.25,71873.73
2025-12-06 03:00:00+00:00,30.894,31.216,30.855,31.084,254170.26,133838.46
2025-12-06 04:00:00+00:00,31.082,31.262,31.012,31.132,152137.63,79262.44
2025-12-06 05:00:00+00:00,31.133,31.293,31.08,31.147,189860.44,90771.37
2025-12-06 06:00:00+00:00,31.147,31.381,31.078,31.266,146045.34,70113.22
2025-12-06 07:00:00+00:00,31.266,31.29,31.01,31.061,125874.3,53239.91
2025-12-06 08:00:00+00:00,31.062,31.085,30.64,30.676,440570.87,178370.95
2025-12-06 09:00:00+00:00,30.677,31.008,30.655,30.895,248611.14,124469.69
2025-12-06 10:00:00+00:00,30.896,30.963,30.72,30.766,140256.4,72560.62
2025-12-06 11:00:00+00:00,30.767,30.858,30.735,30.847,141347.29,69814.58
2025-12-06 12:00:00+00:00,30.846,30.89,30.567,30.646,184088.28,64674.21
2025-12-06 13:00:00+00:00,30.647,30.934,30.644,30.706,252462.56,126307.8
2025-12-06 14:00:00+00:00,30.707,31.177,30.65,31.093,409605.64,204111.05
2025-12-06 15:00:00+00:00,31.093,31.122,30.704,30.847,265724.52,130000.24
2025-12-06 16:00:00+00:00,30.847,31.184,30.83,31.094,203767.96,95496.83
2025-12-06 17:00:00+00:00,31.094,31.4,31.08,31.394,185286.25,96985.03
2025-12-06 18:00:00+00:00,31.393,31.473,31.176,31.216,188297.25,96873.41
2025-12-06 19:00:00+00:00,31.216,31.313,30.9,31.006,247356.99,106801.41
2025-12-06 20:00:00+00:00,31.006,31.161,31.001,31.097,114135.54,59008.62
2025-12-06 21:00:00+00:00,31.096,31.243,31.077,31.215,96387.78,54528.62
2025-12-06 22:00:00+00:00,31.214,31.275,30.953,31.048,166305.65,64603.97
2025-12-06 23:00:00+00:00,31.047,31.11,30.729,30.946,340235.36,141323.87
2025-12-07 00:00:00+00:00,30.946,31.17,30.923,31.097,155835.2,79843.68
2025-12-07 01:00:00+00:00,31.098,31.135,30.852,30.852,137324.47,57720.86
2025-12-07 02:00:00+00:00,30.853,30.986,30.795,30.928,120941.43,53786.62
2025-12-07 03:00:00+00:00,30.928,30.976,30.816,30.95,103747.95,43146.04
2025-12-07 04:00:00+00:00,30.951,31.018,30.801,30.851,76968.71,39353.52
2025-12-07 05:00:00+00:00,30.852,30.888,30.774,30.846,83721.51,34739.67
2025-12-07 06:00:00+00:00,30.846,31.178,30.823,31.172,115201.12,69666.53
2025-12-07 07:00:00+00:00,31.172,31.237,30.499,30.516,429623.3,188769.3
2025-12-07 08:00:00+00:00,30.516,30.539,29.784,29.841,946369.63,338652.21
2025-12-07 09:00:00+00:00,29.841,29.897,29.133,29.306,1193556.72,467173.68
2025-12-07 10:00:00+00:00,29.309,29.455,29.191,29.408,559855.92,268437.14
2025-12-07 11:00:00+00:00,29.409,30.04,29.367,29.671,865941.09,399715.51
2025-12-07 12:00:00+00:00,29.672,30.088,29.627,29.891,494214.17,234443.84
2025-12-07 13:00:00+00:00,29.89,29.954,29.175,29.429,709448.17,353241.33
2025-12-07 14:00:00+00:00,29.43,29.458,28.2,28.327,2251873.08,926273.16
2025-12-07 15:00:00+00:00,28.327,29.122,28.115,29.059,1382207.18,724476.27
2025-12-07 16:00:00+00:00,29.057,29.36,28.766,29.36,807894.02,434765.35
2025-12-07 17:00:00+00:00,29.359,29.68,29.143,29.645,993147.36,477770.02
2025-12-07 18:00:00+00:00,29.645,29.767,29.249,29.277,522484.2,247158.86
2025-12-07 19:00:00+00:00,29.277,29.87,29.194,29.68,513633.69,293774.79
2025-12-07 20:00:00+00:00,29.68,29.912,29.473,29.849,322938.95,177204.26
2025-12-07 21:00:00+00:00,29.848,29.911,28.9,29.035,658541.11,320356.97
2025-12-07 22:00:00+00:00,29.035,29.658,28.404,29.215,1171383.15,578568.42
2025-12-07 23:00:00+00:00,29.216,29.828,29.072,29.719,431224.32,246833.99
2025-12-08 00:00:00+00:00,29.718,30.08,29.44,29.85,596470.28,266229.17
2025-12-08 01:00:00+00:00,29.85,30.951,29.823,30.081,1311895.44,652242.86
2025-12-08 02:00:00+00:00,30.081,30.241,29.861,29.962,397125.15,195066.97
2025-12-08 03:00:00+00:00,29.961,30.053,29.813,29.984,279391.22,141992.11
2025-12-08 04:00:00+00:00,29.984,30.272,29.891,29.996,290343.56,129714.1
2025-12-08 05:00:00+00:00,29.995,30.349,29.852,30.334,318893.04,157815.16
2025-12-08 06:00:00+00:00,30.334,30.53,30.127,30.203,334996.68,147496.25
2025-12-08 07:00:00+00:00,30.204,30.276,29.936,29.993,387493.41,194609.45
2025-12-08 08:00:00+00:00,29.991,30.698,29.954,30.631,409814.27,264779.28
2025-12-08 09:00:00+00:00,30.632,30.842,30.33,30.471,579251.23,272093.94
2025-12-08 10:00:00+00:00,30.47,30.725,30.312,30.542,515282.47,269950.81
2025-12-08 11:00:00+00:00,30.542,30.71,30.333,30.651,359226.84,184992.72
2025-12-08 12:00:00+00:00,30.651,30.693,30.238,30.374,315208.76,147902.34
2025-12-08 13:00:00+00:00,30.373,30.56,30.168,30.221,304606.75,145411.53
2025-12-08 14:00:00+00:00,30.22,30.566,29.58,29.68,1018719.29,412327.75
2025-12-08 15:00:00+00:00,29.678,29.924,29.1,29.558,1450660.51,662757.4
2025-12-08 16:00:00+00:00,29.558,29.985,29.433,29.828,584926.67,299931.75
2025-12-08 17:00:00+00:00,29.828,30.013,29.605,29.778,433008.26,235119.47
2025-12-08 18:00:00+00:00,29.778,29.853,28.89,29.075,888844.36,406384.92
2025-12-08 19:00:00+00:00,29.075,29.153,28.638,29.078,803141.29,361989.73
2025-12-08 20:00:00+00:00,29.076,29.717,29.039,29.654,669737.34,385108.91
2025-12-08 21:00:00+00:00,29.655,29.883,29.615,29.826,380683.11,184644.12
2025-12-08 22:00:00+00:00,29.826,29.863,29.4,29.493,408343.77,161030.68
2025-12-08 23:00:00+00:00,29.493,29.565,29.2,29.484,290566.17,155494.04
2025-12-09 00:00:00+00:00,29.483,29.527,29.094,29.379,332444.2,169064.72
2025-12-09 01:00:00+00:00,29.378,29.439,29.211,29.261,224099.3,109461.55
2025-12-09 02:00:00+00:00,29.262,29.382,28.847,28.857,391222.59,169945.15
2025-12-09 03:00:00+00:00,28.857,28.891,28.444,28.631,1045241.38,488806.74
2025-12-09 04:00:00+00:00,28.632,28.727,27.731,27.897,1205489.09,451046.96
2025-12-09 05:00:00+00:00,27.897,28.298,27.766,28.097,796128.86,421237.16
2025-12-09 06:00:00+00:00,28.098,28.111,27.431,27.815,1055653.47,475711.9
2025-12-09 07:00:00+00:00,27.816,28.319,27.727,28.302,660491.44,335266.97
2025-12-09 08:00:00+00:00,28.302,28.422,27.808,27.907,684834.56,311850.28
2025-12-09 09:00:00+00:00,27.908,28.004,27.647,27.802,576737.78,280662.27
2025-12-09 10:00:00+00:00,27.8,28.083,27.48,28.025,702996.26,350670.53
2025-12-09 11:00:00+00:00,28.024,28.132,27.809,27.978,377388.5,187751.72
2025-12-09 12:00:00+00:00,27.977,28.305,27.916,28.061,504544.9,287481.88
2025-12-09 13:00:00+00:00,28.061,28.131,27.777,27.91,425979.96,218772.61
2025-12-09 14:00:00+00:00,27.909,28.154,27.788,27.941,481609.63,224405.39
2025-12-09 15:00:00+00:00,27.941,28.8,27.902,28.531,1800782.31,1009897.61
2025-12-09 16:00:00+00:00,28.531,29.137,28.53,28.717,2051093.62,981024.42
2025-12-09 17:00:00+00:00,28.716,29.114,28.25,28.746,1128397.14,504942.2
2025-12-09 18:00:00+00:00,28.746,28.855,28.561,28.672,424638.72,221132.51
2025-12-09 19:00:00+00:00,28.675,29.304,28.5,29.067,684059.96,372301.7
2025-12-09 20:00:00+00:00,29.067,29.145,28.083,28.178,958421.44,373946.5
2025-12-09 21:00:00+00:00,28.179,28.185,27.45,27.767,1168214.51,542643.71
2025-12-09 22:00:00+00:00,27.766,28.203,27.735,28.066,511828.34,292241.16
2025-12-09 23:00:00+00:00,28.065,28.093,27.733,27.896,352804.94,172531.86
2025-12-10 00:00:00+00:00,27.897,28.388,27.61,28.085,727923.03,398496.63
2025-12-10 01:00:00+00:00,28.085,28.195,27.733,28.113,443930.33,216275.51
2025-12-10 02:00:00+00:00,28.112,28.531,27.964,28.527,444046.83,236206.64
2025-12-10 03:00:00+00:00,28.528,28.928,28.31,28.83,1032963.87,602318.7
2025-12-10 04:00:00+00:00,28.83,28.894,28.661,28.76,331340.83,153431.73
2025-12-10 05:00:00+00:00,28.76,29.316,28.631,28.961,720595.32,399533.63
2025-12-10 06:00:00+00:00,28.961,29.072,28.69,28.913,636772.68,320028.41
2025-12-10 07:00:00+00:00,28.914,29.532,28.86,29.303,843898.61,458001.37
2025-12-10 08:00:00+00:00,29.303,29.444,29.109,29.171,384985.41,171353.06
2025-12-10 09:00:00+00:00,29.171,29.477,29.1,29.292,432050.43,193001.99
2025-12-10 10:00:00+00:00,29.292,29.401,29.116,29.176,332331.87,147740.05
2025-12-10 11:00:00+00:00,29.176,29.349,28.942,29.106,453562.12,181752.01
2025-12-10 12:00:00+00:00,29.105,29.128,28.718,28.813,520293.45,236206.94
2025-12-10 13:00:00+00:00,28.813,29.004,28.704,28.78,350461.33,190474.63
2025-12-10 14:00:00+00:00,28.78,29.305,28.732,29.045,574907.85,287885.52
2025-12-10 15:00:00+00:00,29.044,29.147,28.766,29.027,341992.63,168606.37
2025-12-10 16:00:00+00:00,29.026,29.28,28.903,29.024,405884.47,197741.7
2025-12-10 17:00:00+00:00,29.024,29.182,28.872,28.905,190208.21,92735.29
2025-12-10 18:00:00+00:00,28.904,29.449,28.801,29.221,633711.08,305468.6
2025-12-10 19:00:00+00:00,29.22,29.93,28.747,29.473,1867468.07,946711.57
2025-12-10 20:00:00+00:00,29.473,29.985,28.991,29.198,1791702.24,836706.36
2025-12-10 21:00:00+00:00,29.199,29.888,28.932,29.544,1064050.8,587006.64
2025-12-10 22:00:00+00:00,29.544,29.709,29.129,29.282,609691.65,301519.79
2025-12-10 23:00:00+00:00,29.282,29.311,28.792,28.817,310204.43,121618.3
2025-12-11 00:00:00+00:00,28.817,28.936,28.368,28.664,706050.25,308993.81
2025-12-11 01:00:00+00:00,28.664,29.158,28.417,28.621,772818.35,415953.77
2025-12-11 02:00:00+00:00,28.621,28.733,28.201,28.652,626113.4,303653.09
2025-12-11 03:00:00+00:00,28.652,28.757,28.12,28.594,793795.94,388833.58
2025-12-11 04:00:00+00:00,28.594,28.831,28.363,28.509,374911.91,178375.23
2025-12-11 05:00:00+00:00,28.509,28.749,28.428,28.54,252974.37,137961.92
2025-12-11 06:00:00+00:00,28.54,28.58,27.863,27.983,592276.49,275427.14
2025-12-11 07:00:00+00:00,27.983,28.178,27.896,28.056,335644.24,181450.48
2025-12-11 08:00:00+00:00,28.056,28.085,27.767,27.925,329344.75,145820.14
2025-12-11 09:00:00+00:00,27.925,28.078,27.84,27.899,216886.73,113512.65
2025-12-11 10:00:00+00:00,27.9,27.93,27.277,27.523,839916.69,307338.23
2025-12-11 11:00:00+00:00,27.522,27.685,27.065,27.206,1082413.43,492529.9
2025-12-11 12:00:00+00:00,27.206,27.382,27.038,27.073,494045.18,203921.93
2025-12-11 13:00:00+00:00,27.073,27.593,26.862,27.509,1125957.48,527471.16
2025-12-11 14:00:00+00:00,27.51,27.737,27.164,27.457,913982.46,455140.96
2025-12-11 15:00:00+00:00,27.456,28.103,27.378,27.525,1100161.4,536227.82
2025-12-11 16:00:00+00:00,27.526,27.93,27.411,27.804,527077.21,265687.25
2025-12-11 17:00:00+00:00,27.804,28.423,27.74,28.062,595908.48,327786.72
2025-12-11 18:00:00+00:00,28.062,28.554,28.033,28.312,647245.31,352915.55
2025-12-11 19:00:00+00:00,28.312,28.5,28.112,28.166,779603.61,350338.87
2025-12-11 20:00:00+00:00,28.166,28.641,28.159,28.615,490738.73,278981.51
2025-12-11 21:00:00+00:00,28.616,29.067,28.578,28.914,675314.13,373678.86
2025-12-11 22:00:00+00:00,28.916,29.036,28.763,28.888,332232.08,146265.24
2025-12-11 23:00:00+00:00,28.887,29.221,28.835,29.128,297302.06,150612.7
2025-12-12 00:00:00+00:00,29.128,29.247,28.803,28.931,550980.42,268491.08
2025-12-12 01:00:00+00:00,28.932,29.265,28.872,29.218,261604.74,126397.79
2025-12-12 02:00:00+00:00,29.218,29.407,29.075,29.39,271252.0,140687.1
2025-12-12 03:00:00+00:00,29.391,29.609,29.141,29.434,421986.12,218579.12
2025-12-12 04:00:00+00:00,29.433,29.561,29.264,29.459,217895.01,113176.62
2025-12-12 05:00:00+00:00,29.459,29.653,29.274,29.562,326556.29,140403.3
2025-12-12 06:00:00+00:00,29.565,29.804,29.365,29.403,415645.92,206467.27
2025-12-12 07:00:00+00:00,29.403,29.652,29.382,29.48,304061.5,183049.46
2025-12-12 08:00:00+00:00,29.48,29.537,29.16,29.219,360970.31,156604.53
2025-12-12 09:00:00+00:00,29.219,29.826,29.111,29.809,598728.67,307537.39
2025-12-12 10:00:00+00:00,29.81,29.979,29.443,29.467,889891.24,390825.38
2025-12-12 11:00:00+00:00,29.466,29.96,29.365,29.837,520577.89,274534.81
2025-12-12 12:00:00+00:00,29.836,29.909,29.59,29.851,371924.61,191928.15
2025-12-12 13:00:00+00:00,29.85,29.85,29.522,29.55,233676.72,105190.81
2025-12-12 14:00:00+00:00,29.556,29.822,29.406,29.717,381856.48,185125.27
2025-12-12 15:00:00+00:00,29.716,29.728,28.564,28.887,1790826.64,785344.64
2025-12-12 16:00:00+00:00,28.885,29.345,28.668,28.974,1107860.16,583021.13
2025-12-12 17:00:00+00:00,28.973,30.284,28.928,29.435,1896601.43,1026889.06
2025-12-12 18:00:00+00:00,29.436,30.165,29.423,29.613,757837.04,394979.14
2025-12-12 19:00:00+00:00,29.612,29.621,28.624,28.803,1589699.48,737758.42
2025-12-12 20:00:00+00:00,28.804,29.039,28.347,28.375,723362.88,336740.97
2025-12-12 21:00:00+00:00,28.376,28.676,28.304,28.632,435629.0,230893.0
2025-12-12 22:00:00+00:00,28.632,28.862,28.564,28.828,375372.34,187187.56
2025-12-12 23:00:00+00:00,28.828,28.902,28.529,28.588,292924.21,127760.3
2025-12-13 00:00:00+00:00,28.589,28.803,28.537,28.72,201822.82,106493.5
2025-12-13 01:00:00+00:00,28.721,28.843,28.353,28.419,232076.97,84473.84
2025-12-13 02:00:00+00:00,28.419,28.482,28.328,28.348,170880.71,92793.97
2025-12-13 03:00:00+00:00,28.349,28.646,28.335,28.505,250691.34,126112.06
2025-12-13 04:00:00+00:00,28.505,28.523,28.204,28.233,272521.02,113026.07
2025-12-13 05:00:00+00:00,28.231,28.385,28.006,28.195,493388.58,174316.92
2025-12-13 06:00:00+00:00,28.195,28.355,27.957,28.209,442101.44,222458.18
2025-12-13 07:00:00+00:00,28.208,28.223,27.905,28.024,349305.87,165024.51
2025-12-13 08:00:00+00:00,28.024,28.328,27.975,28.0,495436.93,249257.09
2025-12-13 09:00:00+00:00,28.0,28.255,27.897,28.117,394723.01,196677.01
2025-12-13 10:00:00+00:00,28.116,28.45,27.997,28.35,383259.96,206426.48
2025-12-13 11:00:00+00:00,28.35,29.0,28.32,28.889,692887.76,378397.25
2025-12-13 12:00:00+00:00,28.888,29.333,28.828,29.304,570576.67,299124.71
2025-12-13 13:00:00+00:00,29.305,29.452,29.008,29.06,414301.1,182427.06
2025-12-13 14:00:00+00:00,29.061,29.193,28.808,28.936,392545.26,179391.94
2025-12-13 15:00:00+00:00,28.936,29.188,28.936,29.154,185096.85,85239.22
2025-12-13 16:00:00+00:00,29.153,29.359,28.736,28.903,477295.61,211947.37
2025-12-13 17:00:00+00:00,28.904,29.051,28.751,28.973,237156.11,118286.92
2025-12-13 18:00:00+00:00,28.973,29.067,28.862,28.886,95568.99,49504.23
2025-12-13 19:00:00+00:00,28.885,29.059,28.779,28.892,195521.49,97306.94
2025-12-13 20:00:00+00:00,28.892,29.033,28.621,28.69,268882.5,128044.71
2025-12-13 21:00:00+00:00,28.69,29.153,28.576,29.054,338579.79,175036.99
2025-12-13 22:00:00+00:00,29.056,29.185,28.908,28.988,163294.13,75170.81
2025-12-13 23:00:00+00:00,28.987,29.724,28.92,29.576,430531.57,249929.84
2025-12-14 00:00:00+00:00,29.575,29.828,29.427,29.443,438887.4,192540.75
2025-12-14 01:00:00+00:00,29.44,29.72,29.313,29.492,294285.07,138585.97
2025-12-14 02:00:00+00:00,29.491,29.6,29.43,29.465,84703.67,37352.98
2025-12-14 03:00:00+00:00,29.465,29.495,29.152,29.234,192058.73,90621.39
2025-12-14 04:00:00+00:00,29.234,29.439,29.105,29.18,165925.24,83200.24
2025-12-14 05:00:00+00:00,29.181,29.251,28.877,29.208,423917.1,205476.87
2025-12-14 06:00:00+00:00,29.207,29.27,29.115,29.22,106125.38,63211.3
2025-12-14 07:00:00+00:00,29.219,29.568,29.104,29.524,206373.55,112479.08
2025-12-14 08:00:00+00:00,29.525,29.583,29.222,29.24,239056.53,97445.31
2025-12-14 09:00:00+00:00,29.241,29.302,28.925,29.019,356651.97,141688.2
2025-12-14 10:00:00+00:00,29.02,29.259,28.751,29.11,542220.83,295078.97
2025-12-14 11:00:00+00:00,29.111,29.18,28.575,28.794,567880.52,267490.29
2025-12-14 12:00:00+00:00,28.793,29.896,28.732,29.776,1087645.1,642455.64
2025-12-14 13:00:00+00:00,29.775,29.887,29.262,29.443,675968.48,345513.96
2025-12-14 14:00:00+00:00,29.444,29.503,28.843,28.952,570469.36,265192.12
2025-12-14 15:00:00+00:00,28.951,28.976,28.621,28.811,449595.35,219294.46
2025-12-14 16:00:00+00:00,28.811,29.027,28.701,28.871,438035.06,223107.39
2025-12-14 17:00:00+00:00,28.872,29.097,28.708,28.894,291272.83,153298.49
2025-12-14 18:00:00+00:00,28.894,29.501,28.827,29.378,411612.11,222913.26
2025-12-14 19:00:00+00:00,29.378,29.396,28.98,29.103,271513.21,122693.79
2025-12-14 20:00:00+00:00,29.103,29.252,28.9,28.966,193509.63,94319.59
2025-12-14 21:00:00+00:00,28.965,29.196,28.839,29.027,191680.49,87973.95
2025-12-14 22:00:00+00:00,29.026,29.189,28.383,28.691,412758.03,176445.19
2025-12-14 23:00:00+00:00,28.692,29.026,28.234,28.806,588832.6,289699.04
2025-12-15 00:00:00+00:00,28.806,29.224,28.586,28.907,551444.19,272282.77
2025-12-15 01:00:00+00:00,28.908,29.547,28.832,29.405,410979.7,197693.64
2025-12-15 02:00:00+00:00,29.405,29.564,29.129,29.143,363146.81,182486.18
2025-12-15 03:00:00+00:00,29.143,29.278,28.81,28.959,341314.81,156314.13
2025-12-15 04:00:00+00:00,28.958,29.111,28.921,29.004,164905.81,95165.64
2025-12-15 05:00:00+00:00,29.003,29.139,28.925,29.085,147338.33,73713.75
2025-12-15 06:00:00+00:00,29.086,29.258,28.983,29.082,278599.18,159970.84
2025-12-15 07:00:00+00:00,29.081,29.134,28.963,29.102,140938.48,71763.66
2025-12-15 08:00:00+00:00,29.102,29.253,28.966,29.214,154844.24,75846.49
2025-12-15 09:00:00+00:00,29.215,29.494,29.175,29.391,239011.54,112064.99
2025-12-15 10:00:00+00:00,29.391,29.513,29.276,29.42,265012.06,135240.4
2025-12-15 11:00:00+00:00,29.42,29.439,29.21,29.374,169974.36,74590.86
2025-12-15 12:00:00+00:00,29.375,29.494,29.17,29.275,326257.18,169014.81
2025-12-15 13:00:00+00:00,29.273,29.276,28.595,28.697,608962.24,288980.62
2025-12-15 14:00:00+00:00,28.696,28.965,28.381,28.416,775883.82,356019.19
2025-12-15 15:00:00+00:00,28.416,28.592,27.355,27.716,2249692.81,1006691.81
2025-12-15 16:00:00+00:00,27.717,28.058,27.429,27.437,1230599.21,571103.16
2025-12-15 17:00:00+00:00,27.437,27.861,27.255,27.382,921942.5,435627.17
2025-12-15 18:00:00+00:00,27.383,27.703,27.154,27.483,1093177.34,477369.7
2025-12-15 19:00:00+00:00,27.482,27.771,27.365,27.525,822609.09,415188.16
2025-12-15 20:00:00+00:00,27.524,27.524,27.095,27.295,513777.41,236850.06
2025-12-15 21:00:00+00:00,27.296,27.658,27.217,27.517,399683.74,199024.79
2025-12-15 22:00:00+00:00,27.519,27.732,27.402,27.574,406686.56,206305.75
2025-12-15 23:00:00+00:00,27.574,27.706,27.366,27.583,414001.33,208078.98
2025-12-16 00:00:00+00:00,27.584,27.648,27.251,27.276,462655.42,219995.41
2025-12-16 01:00:00+00:00,27.277,27.401,26.96,27.02,566386.07,242113.71
2025-12-16 02:00:00+00:00,27.018,27.194,26.894,27.062,589997.5,279251.24
2025-12-16 03:00:00+00:00,27.062,27.102,26.328,26.696,1324673.76,504498.84
2025-12-16 04:00:00+00:00,26.69,26.773,26.034,26.328,1214421.88,482879.03
2025-12-16 05:00:00+00:00,26.328,26.604,26.24,26.541,437374.82,225720.04
2025-12-16 06:00:00+00:00,26.541,26.72,26.448,26.651,361421.66,173587.01
2025-12-16 07:00:00+00:00,26.65,26.705,26.117,26.296,656804.96,287944.23
2025-12-16 08:00:00+00:00,26.296,26.493,26.237,26.432,212848.58,104069.51
2025-12-16 09:00:00+00:00,26.432,26.881,26.361,26.706,316136.42,162496.2
2025-12-16 10:00:00+00:00,26.707,27.188,26.678,27.068,382779.77,195572.02
2025-12-16 11:00:00+00:00,27.068,27.4,26.9,27.388,380813.06,209522.96
2025-12-16 12:00:00+00:00,27.386,27.587,27.139,27.286,567796.85,259850.69
2025-12-16 13:00:00+00:00,27.286,27.569,26.964,26.979,688373.1,305952.98
2025-12-16 14:00:00+00:00,26.979,27.594,26.774,27.391,903070.04,442735.93
2025-12-16 15:00:00+00:00,27.391,27.465,26.823,27.266,774113.27,352999.87
2025-12-16 16:00:00+00:00,27.266,27.317,26.663,26.686,601067.14,260537.65
2025-12-16 17:00:00+00:00,26.687,26.794,26.24,26.485,754596.98,346473.95
2025-12-16 18:00:00+00:00,26.484,27.047,26.431,26.942,363561.65,180835.89
2025-12-16 19:00:00+00:00,26.941,27.0,26.511,26.897,654846.51,314363.46
2025-12-16 20:00:00+00:00,26.899,27.176,26.665,26.666,424070.49,192356.71
2025-12-16 21:00:00+00:00,26.667,26.885,26.596,26.789,226878.34,103487.27
2025-12-16 22:00:00+00:00,26.788,26.957,26.623,26.623,234481.6,104752.11
2025-12-16 23:00:00+00:00,26.624,26.815,26.504,26.79,337716.07,173737.38
2025-12-17 00:00:00+00:00,26.792,26.82,26.335,26.492,381430.78,174106.68
2025-12-17 01:00:00+00:00,26.492,26.7,26.374,26.408,202503.57,107347.16
2025-12-17 02:00:00+00:00,26.408,26.534,26.2,26.513,331993.06,165236.77
2025-12-17 03:00:00+00:00,26.513,28.36,26.504,27.019,3991835.41,2071458.4
2025-12-17 04:00:00+00:00,27.019,27.138,26.54,26.723,770006.83,333199.54
2025-12-17 05:00:00+00:00,26.723,27.175,26.618,27.074,446024.41,229438.48
2025-12-17 06:00:00+00:00,27.073,27.144,26.935,27.138,256851.97,123924.68
2025-12-17 07:00:00+00:00,27.139,27.268,27.063,27.168,220109.17,103843.76
2025-12-17 08:00:00+00:00,27.168,27.174,26.656,26.787,518554.28,232268.87
2025-12-17 09:00:00+00:00,26.786,26.956,26.692,26.895,331032.95,167578.85
2025-12-17 10:00:00+00:00,26.895,27.153,26.79,27.109,228775.41,120787.83
2025-12-17 11:00:00+00:00,27.11,27.666,27.104,27.612,498438.34,281707.76
2025-12-17 12:00:00+00:00,27.61,27.876,27.116,27.416,972667.44,372697.16
2025-12-17 13:00:00+00:00,27.415,27.569,27.187,27.448,301980.55,146638.53
2025-12-17 14:00:00+00:00,27.447,27.623,26.878,27.599,982464.87,504427.0
2025-12-17 15:00:00+00:00,27.594,27.872,26.563,26.719,1658464.73,766624.34
2025-12-17 16:00:00+00:00,26.72,27.034,25.501,26.123,2333219.95,1071768.6
2025-12-17 17:00:00+00:00,26.122,26.136,25.206,25.285,1364361.49,604627.31
2025-12-17 18:00:00+00:00,25.286,25.519,24.826,24.874,1693823.44,802471.71
2025-12-17 19:00:00+00:00,24.875,25.108,24.663,24.74,1141568.5,529872.56
2025-12-17 20:00:00+00:00,24.74,24.923,24.463,24.877,961269.59,496016.26
2025-12-17 21:00:00+00:00,24.877,25.02,24.662,24.678,894839.38,448488.93
2025-12-17 22:00:00+00:00,24.678,24.842,24.497,24.779,618477.52,322867.78
2025-12-17 23:00:00+00:00,24.778,24.794,24.187,24.473,598275.45,249411.81
2025-12-18 00:00:00+00:00,24.472,24.561,24.126,24.443,706985.78,327574.04
2025-12-18 01:00:00+00:00,24.443,24.469,24.132,24.407,511750.64,280793.82
2025-12-18 02:00:00+00:00,24.407,24.778,24.209,24.279,630331.82,316712.56
2025-12-18 03:00:00+00:00,24.278,24.371,24.097,24.187,365154.52,179214.05
2025-12-18 04:00:00+00:00,24.187,24.574,24.171,24.528,308631.97,145736.92
2025-12-18 05:00:00+00:00,24.528,24.559,24.317,24.37,318687.32,135965.65
2025-12-18 06:00:00+00:00,24.369,24.449,24.077,24.339,365398.8,196618.46
2025-12-18 07:00:00+00:00,24.339,24.488,23.864,23.979,786450.24,347982.62
2025-12-18 08:00:00+00:00,23.979,24.278,23.892,24.199,642470.14,337574.84
2025-12-18 09:00:00+00:00,24.2,24.451,23.656,24.36,1075777.44,525478.43
2025-12-18 10:00:00+00:00,24.36,24.494,24.242,24.473,425973.05,220607.68
2025-12-18 11:00:00+00:00,24.473,24.484,24.043,24.368,420954.94,206941.58
2025-12-18 12:00:00+00:00,24.369,24.429,24.1,24.298,493876.89,254271.51
2025-12-18 13:00:00+00:00,24.298,25.176,24.288,25.123,1973215.83,1028363.95
2025-12-18 14:00:00+00:00,25.124,25.288,24.452,24.907,1735506.83,839083.54
2025-12-18 15:00:00+00:00,24.908,25.24,24.629,24.674,919055.13,451790.95
2025-12-18 16:00:00+00:00,24.675,24.81,24.25,24.645,924993.44,432252.19
2025-12-18 17:00:00+00:00,24.646,24.66,23.446,23.703,2011647.49,926133.58
2025-12-18 18:00:00+00:00,23.703,23.947,23.055,23.094,1230351.84,505352.53
2025-12-18 19:00:00+00:00,23.094,23.274,22.568,22.787,2541593.76,1153499.36
2025-12-18 20:00:00+00:00,22.787,23.237,22.786,22.852,900165.16,444356.62
2025-12-18 21:00:00+00:00,22.857,23.227,22.85,23.143,539808.07,303498.76
2025-12-18 22:00:00+00:00,23.142,23.241,22.905,22.912,340561.13,169249.05
2025-12-18 23:00:00+00:00,22.911,22.935,22.4,22.458,624809.57,274560.91
2025-12-19 00:00:00+00:00,22.459,22.675,22.238,22.356,760286.36,385937.02
2025-12-19 01:00:00+00:00,22.355,22.628,22.185,22.604,676204.88,326391.1
2025-12-19 02:00:00+00:00,22.604,22.993,22.459,22.821,707218.52,365712.11
2025-12-19 03:00:00+00:00,22.821,23.292,22.678,23.077,1120317.96,597852.96
2025-12-19 04:00:00+00:00,23.077,23.422,23.012,23.367,599714.53,323236.26
2025-12-19 05:00:00+00:00,23.368,23.489,23.164,23.374,491386.43,238635.08
2025-12-19 06:00:00+00:00,23.373,23.816,23.282,23.806,578662.66,302419.49
2025-12-19 07:00:00+00:00,23.804,24.212,23.572,23.914,1142461.3,543647.69
2025-12-19 08:00:00+00:00,23.913,24.059,23.755,23.994,512175.16,277235.12
2025-12-19 09:00:00+00:00,23.993,24.176,23.814,23.995,396551.41,208997.54
2025-12-19 10:00:00+00:00,23.995,24.411,23.976,24.395,458012.91,287788.58
2025-12-19 11:00:00+00:00,24.394,24.79,24.336,24.581,864920.65,497896.11
2025-12-19 12:00:00+00:00,24.581,24.61,24.22,24.33,702068.89,346652.67
2025-12-19 13:00:00+00:00,24.331,24.438,24.169,24.41,401201.58,193312.45
2025-12-19 14:00:00+00:00,24.411,24.525,23.91,24.058,989563.96,411687.78
2025-12-19 15:00:00+00:00,24.059,24.708,23.699,23.865,1309422.86,614122.96
2025-12-19 16:00:00+00:00,23.865,24.647,23.81,24.346,997540.25,488162.03
2025-12-19 17:00:00+00:00,24.345,24.64,23.931,23.98,740764.53,340346.73
2025-12-19 18:00:00+00:00,23.98,24.531,23.961,24.345,515505.57,244623.18
2025-12-19 19:00:00+00:00,24.345,25.126,24.343,24.754,915251.98,520686.68
2025-12-19 20:00:00+00:00,24.753,24.909,24.612,24.879,257577.58,128601.74
2025-12-19 21:00:00+00:00,24.878,24.878,24.418,24.469,282984.4,101030.2
2025-12-19 22:00:00+00:00,24.47,24.731,24.449,24.667,181818.1,108127.66
2025-12-19 23:00:00+00:00,24.667,24.941,24.59,24.862,202298.78,102086.44
2025-12-20 00:00:00+00:00,24.861,24.893,24.606,24.637,261770.53,99122.46
2025-12-20 01:00:00+00:00,24.637,24.685,24.543,24.596,116694.93,50903.79
2025-12-20 02:00:00+00:00,24.595,24.607,24.311,24.437,251331.92,95461.6
2025-12-20 03:00:00+00:00,24.438,24.633,24.32,24.579,147651.73,73573.69
2025-12-20 04:00:00+00:00,24.58,24.7,24.541,24.627,158762.86,64714.14
2025-12-20 05:00:00+00:00,24.627,24.884,24.528,24.658,303786.07,157323.3
2025-12-20 06:00:00+00:00,24.658,24.972,24.641,24.878,205993.95,108982.24
2025-12-20 07:00:00+00:00,24.878,24.922,24.677,24.917,191808.06,79151.76
2025-12-20 08:00:00+00:00,24.916,25.55,24.845,25.195,723904.99,414261.05
2025-12-20 09:00:00+00:00,25.195,25.268,24.779,24.822,388954.71,137035.71
2025-12-20 10:00:00+00:00,24.822,24.905,24.47,24.663,429785.21,168763.42
2025-12-20 11:00:00+00:00,24.663,24.748,24.604,24.684,175160.94,80244.93
2025-12-20 12:00:00+00:00,24.683,24.842,24.621,24.687,296596.86,130371.32
2025-12-20 13:00:00+00:00,24.688,24.794,24.464,24.713,249280.55,109725.46
2025-12-20 14:00:00+00:00,24.713,24.743,24.536,24.728,134552.68,70359.28
2025-12-20 15:00:00+00:00,24.727,24.788,24.594,24.684,224004.02,121347.75
2025-12-20 16:00:00+00:00,24.684,24.907,24.62,24.827,206104.49,108274.83
2025-12-20 17:00:00+00:00,24.826,25.04,24.826,25.034,228687.27,126519.8
2025-12-20 18:00:00+00:00,25.033,25.363,24.9,25.073,526365.98,301480.06
2025-12-20 19:00:00+00:00,25.073,25.197,24.989,25.151,175189.61,94336.89
2025-12-20 20:00:00+00:00,25.15,25.262,25.04,25.204,167501.92,107421.27
2025-12-20 21:00:00+00:00,25.204,25.276,24.502,24.672,706498.8,235652.42
2025-12-20 22:00:00+00:00,24.672,24.736,24.506,24.656,285035.21,132746.2
2025-12-20 23:00:00+00:00,24.656,24.672,23.8,23.992,1294736.6,555210.01
2025-12-21 00:00:00+00:00,23.992,24.123,23.78,24.009,607124.14,283526.7
2025-12-21 01:00:00+00:00,24.01,24.071,23.655,23.661,395253.31,192972.99
2025-12-21 02:00:00+00:00,23.661,23.816,23.552,23.617,288455.46,124727.71
2025-12-21 03:00:00+00:00,23.617,23.945,23.61,23.894,305910.95,161584.86
2025-12-21 04:00:00+00:00,23.893,23.959,23.827,23.936,115979.75,56926.59
2025-12-21 05:00:00+00:00,23.936,24.059,23.901,23.956,169490.49,98151.77
2025-12-21 06:00:00+00:00,23.956,24.299,23.916,24.134,313832.77,161059.34
2025-12-21 07:00:00+00:00,24.134,24.202,24.04,24.186,152568.58,74421.13
2025-12-21 08:00:00+00:00,24.185,24.619,24.0,24.273,771023.31,372854.27
2025-12-21 09:00:00+00:00,24.274,24.38,24.113,24.372,336305.04,160684.28
2025-12-21 10:00:00+00:00,24.372,24.396,24.163,24.233,173609.22,69123.86
2025-12-21 11:00:00+00:00,24.233,24.301,24.069,24.282,342014.57,150709.22
2025-12-21 12:00:00+00:00,24.282,24.407,23.998,24.189,673215.88,309641.21
2025-12-21 13:00:00+00:00,24.189,24.192,23.706,23.747,621513.53,280050.64
2025-12-21 14:00:00+00:00,23.746,24.081,23.673,24.071,443966.88,207456.66
2025-12-21 15:00:00+00:00,24.072,24.224,23.946,24.166,258638.64,135273.49
2025-12-21 16:00:00+00:00,24.165,24.338,24.007,24.282,412166.52,183691.57
2025-12-21 17:00:00+00:00,24.283,24.496,24.22,24.38,321504.64,163991.74
2025-12-21 18:00:00+00:00,24.38,24.471,24.249,24.451,226454.04,99997.81
2025-12-21 19:00:00+00:00,24.451,24.555,24.313,24.357,228773.42,101523.74
2025-12-21 20:00:00+00:00,24.358,24.395,24.086,24.12,184990.47,81320.88
2025-12-21 21:00:00+00:00,24.119,24.191,24.02,24.068,161980.14,83596.63
2025-12-21 22:00:00+00:00,24.069,24.556,24.055,24.456,265018.73,146017.05
2025-12-21 23:00:00+00:00,24.455,24.841,24.39,24.825,334054.86,169389.72
2025-12-22 00:00:00+00:00,24.824,24.991,24.443,24.525,749676.45,304191.25
2025-12-22 01:00:00+00:00,24.525,25.0,24.474,24.737,361136.29,159239.97
2025-12-22 02:00:00+00:00,24.737,24.82,24.49,24.601,351263.83,146783.16
2025-12-22 03:00:00+00:00,24.601,24.797,24.52,24.761,156654.86,78944.37
2025-12-22 04:00:00+00:00,24.761,25.09,24.64,24.751,370485.98,189646.12
2025-12-22 05:00:00+00:00,24.751,24.916,24.69,24.876,117622.6,62286.25
2025-12-22 06:00:00+00:00,24.876,24.996,24.776,24.961,176738.72,87246.86
2025-12-22 07:00:00+00:00,24.962,25.405,24.927,25.38,351077.57,208988.32
2025-12-22 08:00:00+00:00,25.38,25.698,25.211,25.22,776377.22,393294.84
2025-12-22 09:00:00+00:00,25.22,25.4,25.124,25.326,324579.87,175040.53
2025-12-22 10:00:00+00:00,25.326,25.365,25.105,25.231,201194.46,91746.52
2025-12-22 11:00:00+00:00,25.232,25.323,24.966,25.06,449843.63,243901.2
2025-12-22 12:00:00+00:00,25.061,25.438,25.051,25.238,277468.41,122936.11
2025-12-22 13:00:00+00:00,25.238,25.341,24.771,24.923,396777.17,169084.89
2025-12-22 14:00:00+00:00,24.923,25.126,24.693,24.734,733541.73,333142.29
2025-12-22 15:00:00+00:00,24.733,24.87,24.383,24.699,849313.87,377244.04
2025-12-22 16:00:00+00:00,24.7,24.956,24.553,24.861,579588.62,280099.77
2025-12-22 17:00:00+00:00,24.862,25.216,24.684,25.059,556459.42,273636.89
2025-12-22 18:00:00+00:00,25.059,25.09,24.818,24.958,246306.05,123899.25
2025-12-22 19:00:00+00:00,24.957,24.962,24.528,24.642,512995.55,231097.68
2025-12-22 20:00:00+00:00,24.641,24.807,24.515,24.655,335988.9,160234.52
2025-12-22 21:00:00+00:00,24.654,24.918,24.631,24.753,204309.69,95170.53
2025-12-22 22:00:00+00:00,24.752,24.937,24.584,24.897,241637.0,119258.48
2025-12-22 23:00:00+00:00,24.897,25.103,24.809,24.871,319163.41,166916.65
2025-12-23 00:00:00+00:00,24.872,24.968,24.758,24.961,164329.96,90201.84
2025-12-23 01:00:00+00:00,24.961,25.0,24.686,24.767,152191.41,70383.15
2025-12-23 02:00:00+00:00,24.766,24.945,24.548,24.579,223340.9,107747.26
2025-12-23 03:00:00+00:00,24.58,24.594,24.319,24.336,338384.76,157685.68
2025-12-23 04:00:00+00:00,24.336,24.396,24.218,24.318,212582.95,95686.33
2025-12-23 05:00:00+00:00,24.317,24.385,24.027,24.339,422126.62,183486.13
2025-12-23 06:00:00+00:00,24.338,24.491,24.25,24.395,353661.94,159053.68
2025-12-23 07:00:00+00:00,24.395,24.483,24.169,24.266,296030.24,156091.73
2025-12-23 08:00:00+00:00,24.266,24.284,23.823,23.974,390181.77,166981.56
2025-12-23 09:00:00+00:00,23.974,24.145,23.928,24.136,234266.34,122040.56
2025-12-23 10:00:00+00:00,24.135,24.261,24.052,24.224,237988.05,114130.96
2025-12-23 11:00:00+00:00,24.224,24.422,24.218,24.301,189691.53,98945.24
2025-12-23 12:00:00+00:00,24.302,24.427,24.212,24.286,174522.75,93754.44
2025-12-23 13:00:00+00:00,24.285,24.603,24.061,24.371,714536.92,370484.71
2025-12-23 14:00:00+00:00,24.37,24.519,23.635,23.8,830546.75,336670.73
2025-12-23 15:00:00+00:00,23.8,24.085,23.695,24.068,421386.33,224405.89
2025-12-23 16:00:00+00:00,24.068,24.369,24.03,24.342,355311.95,186600.26
2025-12-23 17:00:00+00:00,24.341,24.493,24.157,24.162,296945.88,138619.5
2025-12-23 18:00:00+00:00,24.162,24.537,24.118,24.479,218008.03,117708.87
2025-12-23 19:00:00+00:00,24.479,24.591,24.358,24.555,133053.38,72524.69
2025-12-23 20:00:00+00:00,24.555,24.748,24.436,24.601,226934.78,111737.17
2025-12-23 21:00:00+00:00,24.602,24.658,24.4,24.425,144969.24,67107.78
2025-12-23 22:00:00+00:00,24.425,24.535,23.896,24.01,445422.5,196275.42
2025-12-23 23:00:00+00:00,24.01,24.06,23.8,23.956,365456.14,190834.47
2025-12-24 00:00:00+00:00,23.956,24.305,23.929,24.294,357809.52,193302.11
2025-12-24 01:00:00+00:00,24.294,24.399,24.026,24.122,264335.26,127332.76
2025-12-24 02:00:00+00:00,24.123,24.2,23.634,23.783,508314.51,218928.37
2025-12-24 03:00:00+00:00,23.784,24.131,23.667,24.065,309974.71,155810.37
2025-12-24 04:00:00+00:00,24.064,24.257,24.009,24.129,224625.22,106634.58
2025-12-24 05:00:00+00:00,24.128,24.166,23.854,23.895,262439.06,118962.41
2025-12-24 06:00:00+00:00,23.895,23.943,23.723,23.902,308253.33,164624.14
2025-12-24 07:00:00+00:00,23.903,23.954,23.705,23.715,225651.14,112372.33
2025-12-24 08:00:00+00:00,23.716,23.824,23.612,23.776,324176.72,153927.19
2025-12-24 09:00:00+00:00,23.776,23.926,23.772,23.844,149847.41,71382.0
2025-12-24 10:00:00+00:00,23.844,23.992,23.817,23.905,120221.98,61234.1
2025-12-24 11:00:00+00:00,23.905,23.978,23.847,23.916,82416.85,42299.88
2025-12-24 12:00:00+00:00,23.915,23.923,23.783,23.905,118298.92,53827.2
2025-12-24 13:00:00+00:00,23.902,23.99,23.811,23.908,137964.99,57918.55
2025-12-24 14:00:00+00:00,23.908,24.123,23.81,24.019,384904.1,210380.25
2025-12-24 15:00:00+00:00,24.018,24.297,23.931,24.273,275276.86,141431.78
2025-12-24 16:00:00+00:00,24.273,24.55,24.14,24.523,408716.85,200418.35
2025-12-24 17:00:00+00:00,24.522,24.522,24.304,24.389,232339.21,114319.89
2025-12-24 18:00:00+00:00,24.389,24.431,24.264,24.304,139602.43,78962.68
2025-12-24 19:00:00+00:00,24.304,24.724,24.236,24.663,276093.47,150856.65
2025-12-24 20:00:00+00:00,24.664,24.697,24.428,24.497,121008.95,52723.12
2025-12-24 21:00:00+00:00,24.497,24.87,24.494,24.825,200920.93,131325.21
2025-12-24 22:00:00+00:00,24.833,25.211,24.767,25.202,474120.06,293287.66
2025-12-24 23:00:00+00:00,25.201,25.244,25.039,25.156,283840.45,131411.91
2025-12-25 00:00:00+00:00,25.156,25.193,24.704,24.91,463019.62,183086.92
2025-12-25 01:00:00+00:00,24.91,24.951,24.872,24.906,101524.93,42794.63
2025-12-25 02:00:00+00:00,24.906,25.189,24.832,25.068,160193.31,84648.69
2025-12-25 03:00:00+00:00,25.068,25.076,24.787,24.862,266688.66,121843.9
2025-12-25 04:00:00+00:00,24.864,25.136,24.838,25.009,310394.8,167249.2
2025-12-25 05:00:00+00:00,25.008,25.008,24.664,24.686,239035.77,89482.72
2025-12-25 06:00:00+00:00,24.686,24.836,24.621,24.681,260229.07,117532.31
2025-12-25 07:00:00+00:00,24.681,24.737,24.538,24.704,149449.91,66897.93
2025-12-25 08:00:00+00:00,24.702,24.74,24.559,24.64,155533.64,80736.36
2025-12-25 09:00:00+00:00,24.64,24.674,24.54,24.614,102927.36,50125.71
2025-12-25 10:00:00+00:00,24.614,24.668,24.462,24.586,134985.1,60666.25
2025-12-25 11:00:00+00:00,24.587,24.685,24.559,24.634,97915.51,52825.03
2025-12-25 12:00:00+00:00,24.634,24.715,24.596,24.69,108219.45,59791.79
2025-12-25 13:00:00+00:00,24.689,24.758,24.601,24.659,122447.72,64214.94
2025-12-25 14:00:00+00:00,24.658,24.786,24.566,24.691,162831.47,93432.73
2025-12-25 15:00:00+00:00,24.692,24.897,24.525,24.805,326355.35,178225.75
2025-12-25 16:00:00+00:00,24.806,25.049,24.761,24.878,245232.78,124567.87
2025-12-25 17:00:00+00:00,24.878,25.079,24.837,25.051,202845.88,113066.43
2025-12-25 18:00:00+00:00,25.051,25.229,25.041,25.139,213679.81,116984.75
2025-12-25 19:00:00+00:00,25.138,25.141,24.906,24.916,98033.25,45493.09
2025-12-25 20:00:00+00:00,24.916,25.005,24.802,24.848,176468.21,93927.65
2025-12-25 21:00:00+00:00,24.847,25.007,24.807,24.948,116552.5,64593.31
2025-12-25 22:00:00+00:00,24.948,25.015,24.4,24.578,477472.61,205955.36
2025-12-25 23:00:00+00:00,24.578,24.581,24.17,24.384,543984.16,251886.18
2025-12-26 00:00:00+00:00,24.383,24.634,24.347,24.5,313187.15,159940.66
2025-12-26 01:00:00+00:00,24.501,24.69,24.453,24.653,135103.55,80173.47
2025-12-26 02:00:00+00:00,24.652,25.12,24.642,25.058,439060.49,213398.47
2025-12-26 03:00:00+00:00,25.058,25.1,24.857,24.934,203566.81,74740.1
2025-12-26 04:00:00+00:00,24.934,25.049,24.775,25.006,102868.12,47631.4
2025-12-26 05:00:00+00:00,25.006,25.032,24.819,24.994,181051.46,93774.3
2025-12-26 06:00:00+00:00,24.995,25.499,24.995,25.434,514331.45,294674.11
2025-12-26 07:00:00+00:00,25.434,25.497,24.999,25.094,362905.06,166558.16
2025-12-26 08:00:00+00:00,25.093,25.235,25.052,25.169,250444.32,134724.92
2025-12-26 09:00:00+00:00,25.168,25.486,25.161,25.353,338232.37,195561.94
2025-12-26 10:00:00+00:00,25.353,25.397,25.189,25.259,199383.83,107390.77
2025-12-26 11:00:00+00:00,25.259,25.264,24.86,24.917,274315.95,107507.69
2025-12-26 12:00:00+00:00,24.916,25.035,24.861,25.009,183126.47,89661.86
2025-12-26 13:00:00+00:00,25.008,25.131,24.977,25.061,146573.38,77983.04
2025-12-26 14:00:00+00:00,25.061,25.168,24.801,24.835,344147.41,169346.8
2025-12-26 15:00:00+00:00,24.835,24.999,24.701,24.981,425068.92,218680.92
2025-12-26 16:00:00+00:00,24.981,25.049,24.732,24.776,247769.62,97631.82
2025-12-26 17:00:00+00:00,24.776,24.992,24.776,24.868,263526.92,139497.96
2025-12-26 18:00:00+00:00,24.868,25.02,24.795,24.879,269339.04,124639.49
2025-12-26 19:00:00+00:00,24.881,25.007,24.847,24.99,82063.68,44646.39
2025-12-26 20:00:00+00:00,24.99,25.18,24.961,25.098,131134.52,78813.68
2025-12-26 21:00:00+00:00,25.097,25.342,25.093,25.28,223150.4,140156.23
2025-12-26 22:00:00+00:00,25.28,25.59,25.161,25.537,304332.78,159975.47
2025-12-26 23:00:00+00:00,25.537,25.89,25.426,25.774,492794.6,296231.43
2025-12-27 00:00:00+00:00,25.773,25.805,25.555,25.709,378029.1,198521.31
2025-12-27 01:00:00+00:00,25.714,25.987,25.612,25.986,213681.74,128129.7
2025-12-27 02:00:00+00:00,25.986,26.45,25.915,25.942,653239.7,299559.5
2025-12-27 03:00:00+00:00,25.941,25.987,25.821,25.918,175013.97,91712.94
2025-12-27 04:00:00+00:00,25.919,25.929,25.762,25.85,151762.21,60766.61
2025-12-27 05:00:00+00:00,25.851,26.001,25.811,25.991,113192.0,63213.58
2025-12-27 06:00:00+00:00,25.991,26.092,25.853,25.855,156369.7,81473.29
2025-12-27 07:00:00+00:00,25.856,26.059,25.841,25.937,171258.98,99885.11
2025-12-27 08:00:00+00:00,25.938,26.139,25.938,26.025,189381.38,113227.92
2025-12-27 09:00:00+00:00,26.025,26.355,26.023,26.179,315533.9,176343.51
2025-12-27 10:00:00+00:00,26.179,26.224,26.013,26.059,164023.7,63827.68
2025-12-27 11:00:00+00:00,26.055,26.19,26.035,26.096,110333.43,58288.87
2025-12-27 12:00:00+00:00,26.095,26.168,25.927,26.059,211599.6,100359.12
2025-12-27 13:00:00+00:00,26.06,26.072,25.693,25.826,376308.94,169593.83
2025-12-27 14:00:00+00:00,25.827,25.941,25.779,25.816,155508.79,80377.67
2025-12-27 15:00:00+00:00,25.816,25.962,25.816,25.949,135446.73,74555.51
2025-12-27 16:00:00+00:00,25.95,25.963,25.482,25.494,349782.69,118367.01
2025-12-27 17:00:00+00:00,25.494,25.614,25.383,25.542,286507.99,143335.4
2025-12-27 18:00:00+00:00,25.543,25.639,25.43,25.611,168448.97,79529.2
2025-12-27 19:00:00+00:00,25.611,25.71,25.574,25.688,83118.07,50230.72
2025-12-27 20:00:00+00:00,25.688,25.748,25.576,25.66,107270.47,52719.22
2025-12-27 21:00:00+00:00,25.659,26.166,25.626,25.977,389814.61,241285.18
2025-12-27 22:00:00+00:00,25.978,25.991,25.739,25.77,156458.59,58081.07
2025-12-27 23:00:00+00:00,25.77,26.059,25.748,25.961,217568.7,114066.93
2025-12-28 00:00:00+00:00,25.961,26.073,25.874,26.005,118631.75,70507.9
2025-12-28 01:00:00+00:00,26.003,26.058,25.877,25.892,218416.84,98532.26
2025-12-28 02:00:00+00:00,25.892,26.02,25.867,26.01,74865.81,41259.01
2025-12-28 03:00:00+00:00,26.009,26.197,25.952,26.104,135315.19,75127.61
2025-12-28 04:00:00+00:00,26.1,26.37,26.063,26.244,307859.25,184987.73
2025-12-28 05:00:00+00:00,26.243,26.243,25.959,26.01,188889.24,76582.54
2025-12-28 06:00:00+00:00,26.011,26.08,25.798,25.828,269135.78,113904.87
2025-12-28 07:00:00+00:00,25.828,25.891,25.688,25.816,186182.55,80772.1
2025-12-28 08:00:00+00:00,25.816,25.892,25.751,25.87,117555.27,62362.65
2025-12-28 09:00:00+00:00,25.869,25.931,25.781,25.922,107620.01,56658.17
2025-12-28 10:00:00+00:00,25.922,26.062,25.906,25.928,112152.34,62236.18
2025-12-28 11:00:00+00:00,25.928,25.975,25.833,25.867,94607.34,40525.48
2025-12-28 12:00:00+00:00,25.868,25.906,25.739,25.81,111886.54,45197.37
2025-12-28 13:00:00+00:00,25.81,25.909,25.81,25.888,70651.81,37789.55
2025-12-28 14:00:00+00:00,25.889,25.91,25.768,25.863,103833.33,52492.34
2025-12-28 15:00:00+00:00,25.865,25.911,25.025,25.165,974833.16,399067.41
2025-12-28 16:00:00+00:00,25.165,25.409,25.074,25.236,916374.97,474198.96
2025-12-28 17:00:00+00:00,25.235,25.467,25.224,25.34,294412.01,152873.32
2025-12-28 18:00:00+00:00,25.341,25.38,25.116,25.134,325538.29,125662.55
2025-12-28 19:00:00+00:00,25.136,25.271,24.904,24.975,353461.88,156237.79
2025-12-28 20:00:00+00:00,24.975,25.2,24.92,24.986,220465.22,106703.96
2025-12-28 21:00:00+00:00,24.983,25.09,24.766,25.061,411652.72,200129.51
2025-12-28 22:00:00+00:00,25.062,25.272,24.936,25.265,174618.69,90503.89
2025-12-28 23:00:00+00:00,25.264,25.439,25.173,25.342,336671.75,187380.06
2025-12-29 00:00:00+00:00,25.343,26.049,25.246,25.978,759356.21,431282.08
2025-12-29 01:00:00+00:00,25.978,26.18,25.725,26.09,651110.03,340554.32
2025-12-29 02:00:00+00:00,26.09,26.301,25.998,26.076,664221.96,341537.44
2025-12-29 03:00:00+00:00,26.076,26.198,25.894,26.094,481477.63,250743.57
2025-12-29 04:00:00+00:00,26.094,26.163,25.914,26.103,262782.79,107973.93
2025-12-29 05:00:00+00:00,26.102,26.293,25.993,26.035,327584.81,168254.11
2025-12-29 06:00:00+00:00,26.035,26.169,25.901,25.922,224837.86,113966.23
2025-12-29 07:00:00+00:00,25.922,26.152,25.772,25.944,308073.83,142200.4
2025-12-29 08:00:00+00:00,25.944,26.116,25.82,25.871,248980.11,95515.11
2025-12-29 09:00:00+00:00,25.878,26.049,25.5,25.742,587738.51,245201.73
2025-12-29 10:00:00+00:00,25.742,25.908,25.609,25.72,459302.46,230583.25
2025-12-29 11:00:00+00:00,25.72,25.722,25.572,25.649,182314.34,92519.75
2025-12-29 12:00:00+00:00,25.648,25.732,25.306,25.699,463346.1,220515.27
2025-12-29 13:00:00+00:00,25.7,25.81,25.542,25.674,447984.47,220264.79
2025-12-29 14:00:00+00:00,25.674,25.973,25.648,25.781,407354.84,240661.03
2025-12-29 15:00:00+00:00,25.781,26.116,25.72,26.014,440836.9,238995.13
2025-12-29 16:00:00+00:00,26.013,26.434,26.005,26.268,640591.36,350974.88
2025-12-29 17:00:00+00:00,26.268,26.381,25.95,26.167,276101.33,132781.74
2025-12-29 18:00:00+00:00,26.166,26.166,25.762,25.809,243329.26,103805.14
2025-12-29 19:00:00+00:00,25.81,25.965,25.62,25.638,273271.42,137132.52
2025-12-29 20:00:00+00:00,25.644,25.865,25.643,25.79,218884.57,106264.31
2025-12-29 21:00:00+00:00,25.789,26.0,25.774,25.893,280636.54,152234.17
2025-12-29 22:00:00+00:00,25.894,25.922,25.765,25.878,127387.51,58153.14
2025-12-29 23:00:00+00:00,25.877,25.951,25.615,25.791,194961.49,80417.7
2025-12-30 00:00:00+00:00,25.79,25.871,25.502,25.593,235563.66,92192.12
2025-12-30 01:00:00+00:00,25.594,25.637,25.501,25.605,139537.1,66550.47
2025-12-30 02:00:00+00:00,25.606,25.61,25.41,25.465,177228.21,79051.37
2025-12-30 03:00:00+00:00,25.465,25.901,25.35,25.762,317099.19,165797.87
2025-12-30 04:00:00+00:00,25.761,26.038,25.728,25.895,241545.91,107240.69
2025-12-30 05:00:00+00:00,25.895,26.265,25.89,26.153,542533.53,273924.38
2025-12-30 06:00:00+00:00,26.152,26.439,26.118,26.324,408406.15,210659.27
2025-12-30 07:00:00+00:00,26.324,26.416,26.104,26.133,414254.23,208603.61
2025-12-30 08:00:00+00:00,26.135,26.698,26.011,26.037,839131.95,434573.32
2025-12-30 09:00:00+00:00,26.037,26.055,25.762,25.796,509599.15,241208.97
2025-12-30 10:00:00+00:00,25.795,25.966,25.705,25.843,424468.24,208642.16
2025-12-30 11:00:00+00:00,25.845,25.951,25.757,25.885,183954.31,98255.84
2025-12-30 12:00:00+00:00,25.885,25.886,25.657,25.698,236243.86,135191.51
2025-12-30 13:00:00+00:00,25.698,25.827,25.587,25.66,210747.53,114859.41
2025-12-30 14:00:00+00:00,25.659,25.815,25.359,25.702,759007.06,316274.47
2025-12-30 15:00:00+00:00,25.703,25.829,25.519,25.77,347640.85,213602.21
2025-12-30 16:00:00+00:00,25.77,25.92,25.52,25.62,343883.99,175875.23
2025-12-30 17:00:00+00:00,25.619,25.755,25.538,25.679,235359.34,120972.47
2025-12-30 18:00:00+00:00,25.678,25.748,25.56,25.654,211609.09,88993.66
2025-12-30 19:00:00+00:00,25.653,25.984,25.514,25.982,207959.12,103711.43
2025-12-30 20:00:00+00:00,25.982,26.024,25.757,25.803,273664.37,120350.72
2025-12-30 21:00:00+00:00,25.804,25.98,25.78,25.906,90468.36,49530.97
2025-12-30 22:00:00+00:00,25.907,26.029,25.823,25.957,233180.64,105698.22
2025-12-30 23:00:00+00:00,25.957,26.095,25.888,25.965,234820.74,132532.08
2025-12-31 00:00:00+00:00,25.966,25.973,25.788,25.905,154696.49,68527.45
2025-12-31 01:00:00+00:00,25.904,26.118,25.874,26.103,186130.77,89753.69
2025-12-31 02:00:00+00:00,26.104,26.113,25.769,25.812,176532.43,61666.64
2025-12-31 03:00:00+00:00,25.812,25.887,25.684,25.819,129953.46,67480.9
2025-12-31 04:00:00+00:00,25.819,26.075,25.778,25.893,281379.16,146114.19
2025-12-31 05:00:00+00:00,25.893,25.949,25.747,25.846,156450.32,74821.2
2025-12-31 06:00:00+00:00,25.846,25.95,25.734,25.939,136008.85,74561.07
2025-12-31 07:00:00+00:00,25.94,25.961,25.731,25.751,212870.29,83235.57
2025-12-31 08:00:00+00:00,25.752,25.869,25.695,25.804,175117.07,81877.48
2025-12-31 09:00:00+00:00,25.803,25.923,25.762,25.857,102586.89,43170.12
2025-12-31 10:00:00+00:00,25.857,25.929,25.755,25.835,110754.03,60048.2
2025-12-31 11:00:00+00:00,25.836,25.892,25.729,25.791,128841.01,65879.5
2025-12-31 12:00:00+00:00,25.791,25.874,25.75,25.798,99810.47,50007.77
2025-12-31 13:00:00+00:00,25.798,26.068,25.763,26.06,209769.55,115240.57
2025-12-31 14:00:00+00:00,26.061,26.242,25.912,25.997,464374.9,230654.46
2025-12-31 15:00:00+00:00,25.996,26.057,25.776,25.928,283422.94,147737.28
2025-12-31 16:00:00+00:00,25.929,26.121,25.79,25.931,302375.83,164040.68
2025-12-31 17:00:00+00:00,25.931,25.931,25.54,25.598,547299.69,214543.55
2025-12-31 18:00:00+00:00,25.599,25.808,25.557,25.724,172062.42,83552.88
2025-12-31 19:00:00+00:00,25.725,25.845,25.725,25.758,106055.3,58299.52
2025-12-31 20:00:00+00:00,25.758,25.905,25.281,25.407,542536.08,229220.9
2025-12-31 21:00:00+00:00,25.408,25.718,25.407,25.641,207688.72,124728.09
2025-12-31 22:00:00+00:00,25.642,25.707,25.522,25.532,89544.66,45304.07
2025-12-31 23:00:00+00:00,25.532,25.564,25.339,25.452,172336.04,90216.1
2026-01-01 00:00:00+00:00,25.452,25.617,25.415,25.611,122793.0,70269.42
2026-01-01 01:00:00+00:00,25.611,26.105,25.601,25.808,482128.46,225568.45
2026-01-01 02:00:00+00:00,25.809,25.868,25.635,25.715,157732.77,73650.43
2026-01-01 03:00:00+00:00,25.715,25.73,25.501,25.595,206821.99,112186.65
2026-01-01 04:00:00+00:00,25.594,25.622,25.416,25.469,125998.25,51431.91
2026-01-01 05:00:00+00:00,25.469,25.692,25.444,25.527,212302.35,91263.62
2026-01-01 06:00:00+00:00,25.527,25.683,25.391,25.528,266263.12,118049.41
2026-01-01 07:00:00+00:00,25.527,25.72,25.513,25.679,103907.77,66734.77
2026-01-01 08:00:00+00:00,25.68,25.708,25.567,25.627,82985.7,39931.77
2026-01-01 09:00:00+00:00,25.629,25.859,25.629,25.766,134643.56,85340.82
2026-01-01 10:00:00+00:00,25.765,25.805,25.682,25.717,72600.44,31815.42
2026-01-01 11:00:00+00:00,25.718,25.804,25.62,25.792,88165.56,43748.77
2026-01-01 12:00:00+00:00,25.793,25.801,25.651,25.694,89798.93,45483.57
2026-01-01 13:00:00+00:00,25.694,25.739,25.515,25.516,109411.39,50087.89
2026-01-01 14:00:00+00:00,25.517,25.617,25.195,25.31,486761.59,215176.18
2026-01-01 15:00:00+00:00,25.311,25.416,24.041,24.326,2120878.45,968727.92
2026-01-01 16:00:00+00:00,24.325,24.552,23.976,24.462,1825546.32,991199.91
2026-01-01 17:00:00+00:00,24.461,24.651,24.365,24.428,560341.73,268101.34
2026-01-01 18:00:00+00:00,24.429,24.514,24.217,24.367,406571.26,185551.23
2026-01-01 19:00:00+00:00,24.367,24.423,24.11,24.408,551080.82,265131.84
2026-01-01 20:00:00+00:00,24.408,24.507,23.72,24.088,1392894.92,642193.48
2026-01-01 21:00:00+00:00,24.089,24.234,24.07,24.091,253625.25,123364.07
2026-01-01 22:00:00+00:00,24.091,24.187,24.051,24.111,144984.67,66834.27
2026-01-01 23:00:00+00:00,24.111,24.262,24.094,24.243,282104.4,129681.67
2026-01-02 00:00:00+00:00,24.244,24.412,24.067,24.364,357300.67,212460.87
2026-01-02 01:00:00+00:00,24.363,24.528,24.322,24.389,285965.54,144530.41
2026-01-02 02:00:00+00:00,24.389,24.394,24.18,24.262,273075.15,129063.68
2026-01-02 03:00:00+00:00,24.262,24.641,24.192,24.515,495872.08,241421.14
2026-01-02 04:00:00+00:00,24.515,24.789,24.423,24.752,395499.55,220360.99
2026-01-02 05:00:00+00:00,24.752,24.797,24.313,24.724,758404.85,334737.69
2026-01-02 06:00:00+00:00,24.724,24.769,24.556,24.607,344119.69,172563.2
2026-01-02 07:00:00+00:00,24.607,24.644,24.2,24.321,468188.42,219718.98
2026-01-02 08:00:00+00:00,24.32,24.508,24.287,24.492,217621.49,126956.84
2026-01-02 09:00:00+00:00,24.494,24.894,24.454,24.796,500677.08,244124.26
2026-01-02 10:00:00+00:00,24.797,25.041,24.684,24.842,475988.25,247292.66
2026-01-02 11:00:00+00:00,24.841,24.849,24.387,24.466,523932.31,181178.15
2026-01-02 12:00:00+00:00,24.466,24.621,24.439,24.459,249012.64,122900.0
2026-01-02 13:00:00+00:00,24.458,24.639,24.452,24.562,271149.01,143930.97
2026-01-02 14:00:00+00:00,24.561,24.729,24.25,24.58,909227.68,390174.86
2026-01-02 15:00:00+00:00,24.58,24.675,24.331,24.506,490889.46,237086.91
2026-01-02 16:00:00+00:00,24.505,24.886,24.414,24.613,661870.46,317999.65
2026-01-02 17:00:00+00:00,24.613,24.776,24.411,24.585,443665.71,198315.12
2026-01-02 18:00:00+00:00,24.585,24.661,24.416,24.6,381607.77,186826.05
2026-01-02 19:00:00+00:00,24.6,24.744,24.53,24.626,308584.75,156583.0
2026-01-02 20:00:00+00:00,24.627,24.687,24.063,24.165,608825.45,215958.6
2026-01-02 21:00:00+00:00,24.165,24.483,24.139,24.456,549248.39,340401.37
2026-01-02 22:00:00+00:00,24.456,24.599,24.385,24.478,464304.54,178543.71
2026-01-02 23:00:00+00:00,24.479,24.651,24.451,24.598,215147.61,119586.04
2026-01-03 00:00:00+00:00,24.598,24.633,24.538,24.61,157609.57,71778.64
2026-01-03 01:00:00+00:00,24.61,24.78,24.566,24.62,237716.37,141705.91
2026-01-03 02:00:00+00:00,24.619,24.62,24.4,24.519,268071.52,95880.89
2026-01-03 03:00:00+00:00,24.519,24.602,24.447,24.57,159284.75,77670.79
2026-01-03 04:00:00+00:00,24.571,24.674,24.513,24.617,217874.94,101780.78
2026-01-03 05:00:00+00:00,24.618,24.915,24.587,24.871,459162.68,238773.99
2026-01-03 06:00:00+00:00,24.871,25.259,24.852,24.885,596719.43,300055.23
2026-01-03 07:00:00+00:00,24.886,24.91,24.301,24.514,884640.42,347173.1
2026-01-03 08:00:00+00:00,24.513,24.659,24.351,24.533,563293.76,243232.35
2026-01-03 09:00:00+00:00,24.532,24.573,24.262,24.474,440208.65,199887.3
2026-01-03 10:00:00+00:00,24.474,24.687,24.428,24.592,183801.47,97240.93
2026-01-03 11:00:00+00:00,24.593,24.629,24.352,24.391,239484.04,109703.09
2026-01-03 12:00:00+00:00,24.391,24.574,24.307,24.568,208110.09,107494.86
2026-01-03 13:00:00+00:00,24.568,24.718,24.518,24.642,308056.86,157809.37
2026-01-03 14:00:00+00:00,24.643,24.769,24.562,24.703,162890.85,85819.37
2026-01-03 15:00:00+00:00,24.703,24.976,24.664,24.78,351669.28,182150.78
2026-01-03 16:00:00+00:00,24.781,25.005,24.695,24.941,290325.86,157045.54
2026-01-03 17:00:00+00:00,24.94,25.006,24.85,24.91,129576.25,68441.16
2026-01-03 18:00:00+00:00,24.909,25.218,24.826,25.001,423006.21,215741.93
2026-01-03 19:00:00+00:00,25.002,25.019,24.754,24.795,165897.57,65012.21
2026-01-03 20:00:00+00:00,24.795,24.801,24.459,24.764,493479.57,217982.12
2026-01-03 21:00:00+00:00,24.765,25.33,24.712,25.311,412611.85,218269.51
2026-01-03 22:00:00+00:00,25.311,25.444,25.161,25.375,663850.23,373793.82
2026-01-03 23:00:00+00:00,25.376,25.437,25.247,25.376,168275.2,74116.93
2026-01-04 00:00:00+00:00,25.377,25.58,25.127,25.332,504473.43,255482.46
2026-01-04 01:00:00+00:00,25.331,25.369,25.157,25.274,296065.11,135596.17
2026-01-04 02:00:00+00:00,25.274,25.301,25.042,25.123,233016.11,100026.41
2026-01-04 03:00:00+00:00,25.122,25.357,25.048,25.294,213385.63,108433.11
2026-01-04 04:00:00+00:00,25.294,25.348,25.103,25.158,183840.17,82809.97
2026-01-04 05:00:00+00:00,25.159,25.253,25.076,25.166,138090.64,73284.15
2026-01-04 06:00:00+00:00,25.167,25.294,24.944,25.126,249311.8,101841.69
2026-01-04 07:00:00+00:00,25.126,25.274,25.099,25.14,240513.98,133069.21
2026-01-04 08:00:00+00:00,25.14,25.169,24.827,24.984,433806.55,181044.51
2026-01-04 09:00:00+00:00,24.984,25.085,24.966,25.038,160574.39,65081.91
2026-01-04 10:00:00+00:00,25.037,25.34,25.035,25.274,236991.38,130753.68
2026-01-04 11:00:00+00:00,25.275,25.345,25.181,25.239,218755.53,101781.72
2026-01-04 12:00:00+00:00,25.24,25.352,25.096,25.149,232598.97,109323.56
2026-01-04 13:00:00+00:00,25.148,25.305,25.064,25.286,141850.37,63696.34
2026-01-04 14:00:00+00:00,25.285,25.839,25.255,25.794,767666.23,434023.4
2026-01-04 15:00:00+00:00,25.791,26.172,25.681,26.153,863143.97,458162.92
2026-01-04 16:00:00+00:00,26.151,26.4,26.076,26.178,614041.69,337918.01
2026-01-04 17:00:00+00:00,26.178,26.265,25.953,26.022,477747.18,193066.48
2026-01-04 18:00:00+00:00,26.022,26.071,25.758,25.878,356496.43,169225.95
2026-01-04 19:00:00+00:00,25.879,26.004,25.791,25.865,205521.42,93111.6
2026-01-04 20:00:00+00:00,25.866,26.464,25.812,26.45,368402.57,214160.13
2026-01-04 21:00:00+00:00,26.451,26.808,26.388,26.525,947877.14,493862.6
2026-01-04 22:00:00+00:00,26.525,26.687,26.259,26.431,369771.45,194255.33
2026-01-04 23:00:00+00:00,26.432,26.9,26.385,26.862,546690.12,306146.95
2026-01-05 00:00:00+00:00,26.865,26.935,26.479,26.882,710791.02,337396.47
2026-01-05 01:00:00+00:00,26.881,27.398,26.715,27.124,1048579.51,593756.0
2026-01-05 02:00:00+00:00,27.124,27.243,26.337,26.569,891790.84,384266.04
2026-01-05 03:00:00+00:00,26.569,26.623,26.344,26.423,344531.77,167252.63
2026-01-05 04:00:00+00:00,26.423,26.643,26.08,26.534,607588.56,260633.47
2026-01-05 05:00:00+00:00,26.533,26.569,26.201,26.272,293810.72,117882.3
2026-01-05 06:00:00+00:00,26.272,26.412,26.162,26.318,326911.97,173097.84
2026-01-05 07:00:00+00:00,26.317,26.551,26.272,26.402,293598.77,170009.15
2026-01-05 08:00:00+00:00,26.402,26.51,26.334,26.436,176040.79,83385.12
2026-01-05 09:00:00+00:00,26.435,26.777,26.298,26.582,311138.1,166557.76
2026-01-05 10:00:00+00:00,26.581,26.666,25.925,26.104,1061349.65,491915.82
2026-01-05 11:00:00+00:00,26.108,26.554,26.033,26.34,539595.58,268112.77
2026-01-05 12:00:00+00:00,26.34,26.368,26.0,26.157,367851.91,193770.63
2026-01-05 13:00:00+00:00,26.157,26.187,25.798,26.009,775590.25,403436.78
2026-01-05 14:00:00+00:00,26.01,26.306,25.761,26.139,985225.46,593632.23
2026-01-05 15:00:00+00:00,26.139,26.566,25.919,26.409,832950.46,493974.1
2026-01-05 16:00:00+00:00,26.409,26.705,26.301,26.431,796093.95,452865.41
2026-01-05 17:00:00+00:00,26.43,26.928,26.154,26.682,625456.92,365264.69
2026-01-05 18:00:00+00:00,26.683,27.2,26.603,27.092,692061.09,376951.12
2026-01-05 19:00:00+00:00,27.093,27.202,26.856,27.059,397993.62,178929.33
2026-01-05 20:00:00+00:00,27.059,27.48,26.796,26.899,889870.68,421856.67
2026-01-05 21:00:00+00:00,26.9,27.055,26.477,26.538,659301.38,292236.01
2026-01-05 22:00:00+00:00,26.538,26.878,26.39,26.863,741824.01,395493.1
2026-01-05 23:00:00+00:00,26.865,26.905,26.47,26.5,271012.76,93892.45
2026-01-06 00:00:00+00:00,26.501,26.718,26.362,26.413,329957.03,157609.74
2026-01-06 01:00:00+00:00,26.412,26.803,26.3,26.486,517560.19,257640.91
2026-01-06 02:00:00+00:00,26.486,26.556,26.18,26.28,496589.79,233396.32
2026-01-06 03:00:00+00:00,26.28,26.627,26.081,26.392,709710.33,380737.65
2026-01-06 04:00:00+00:00,26.392,26.728,26.375,26.653,432311.25,247591.06
2026-01-06 05:00:00+00:00,26.653,26.716,26.371,26.638,499292.24,261837.48
2026-01-06 06:00:00+00:00,26.638,27.149,26.55,26.941,585481.57,298365.51
2026-01-06 07:00:00+00:00,26.942,27.011,26.311,26.381,675299.0,249390.28
2026-01-06 08:00:00+00:00,26.381,26.648,26.321,26.522,276132.33,136513.09
2026-01-06 09:00:00+00:00,26.521,26.741,26.462,26.478,230811.22,103814.38
2026-01-06 10:00:00+00:00,26.478,26.643,26.2,26.522,605776.13,304323.73
2026-01-06 11:00:00+00:00,26.523,27.014,26.511,26.924,480619.97,243661.74
2026-01-06 12:00:00+00:00,26.924,27.286,26.869,27.251,485288.82,259855.2
2026-01-06 13:00:00+00:00,27.25,27.29,26.983,27.145,309174.68,119544.01
2026-01-06 14:00:00+00:00,27.144,27.44,26.969,27.075,711364.95,363716.23
2026-01-06 15:00:00+00:00,27.076,27.435,27.03,27.168,698014.22,354420.58
2026-01-06 16:00:00+00:00,27.167,27.364,26.761,27.065,779186.3,348330.58
2026-01-06 17:00:00+00:00,27.064,27.5,26.661,26.707,875887.23,411775.25
2026-01-06 18:00:00+00:00,26.707,26.95,26.458,26.92,1019743.9,430368.14
2026-01-06 19:00:00+00:00,26.92,27.601,26.772,27.085,1483388.04,828479.44
2026-01-06 20:00:00+00:00,27.085,27.576,27.076,27.463,662284.64,367311.7
2026-01-06 21:00:00+00:00,27.462,27.914,27.278,27.533,964391.25,469632.16
2026-01-06 22:00:00+00:00,27.531,27.675,27.359,27.62,317434.06,171736.19
2026-01-06 23:00:00+00:00,27.619,28.4,27.614,28.236,952089.35,506383.45
2026-01-07 00:00:00+00:00,28.237,28.387,27.629,27.646,640693.17,260365.08
2026-01-07 01:00:00+00:00,27.645,27.924,27.448,27.753,468199.46,239068.26
2026-01-07 02:00:00+00:00,27.753,28.04,27.594,27.885,296807.81,146612.18
2026-01-07 03:00:00+00:00,27.886,27.957,27.636,27.803,273461.39,133046.55
2026-01-07 04:00:00+00:00,27.804,27.988,27.393,27.435,309966.02,135362.18
2026-01-07 05:00:00+00:00,27.435,27.696,27.4,27.447,251267.06,132065.8
2026-01-07 06:00:00+00:00,27.447,27.569,27.278,27.399,254940.59,106199.65
2026-01-07 07:00:00+00:00,27.399,27.635,27.387,27.609,153297.26,79932.87
2026-01-07 08:00:00+00:00,27.609,27.739,27.434,27.52,218931.95,103049.15
2026-01-07 09:00:00+00:00,27.521,27.631,27.044,27.111,577939.48,247562.21
2026-01-07 10:00:00+00:00,27.112,27.538,27.067,27.484,629394.79,327047.77
2026-01-07 11:00:00+00:00,27.484,27.542,26.984,27.032,507675.48,218839.29
2026-01-07 12:00:00+00:00,27.031,27.077,26.72,26.807,560564.78,202221.89
2026-01-07 13:00:00+00:00,26.808,27.067,26.747,26.899,349918.29,183382.6
2026-01-07 14:00:00+00:00,26.899,26.907,26.532,26.792,591228.13,247824.93
2026-01-07 15:00:00+00:00,26.793,26.814,26.461,26.472,586231.17,252084.81
2026-01-07 16:00:00+00:00,26.472,26.892,26.462,26.681,470196.37,235300.81
2026-01-07 17:00:00+00:00,26.681,26.952,26.615,26.727,264330.93,122020.28
2026-01-07 18:00:00+00:00,26.727,27.34,26.629,26.797,882164.08,560616.1
2026-01-07 19:00:00+00:00,26.797,27.084,26.648,26.88,586743.44,290228.46
2026-01-07 20:00:00+00:00,26.88,27.074,26.711,26.796,582833.63,325604.81
2026-01-07 21:00:00+00:00,26.794,26.991,26.509,26.583,1371553.36,677679.57
2026-01-07 22:00:00+00:00,26.582,27.034,26.54,26.887,569641.91,315085.03
2026-01-07 23:00:00+00:00,26.887,27.036,26.697,26.864,254271.25,135026.29
2026-01-08 00:00:00+00:00,26.864,27.09,26.742,26.971,223876.97,117054.33
2026-01-08 01:00:00+00:00,26.971,27.038,26.812,26.82,154794.46,70657.38
2026-01-08 02:00:00+00:00,26.822,26.908,26.583,26.741,273867.29,141593.18
2026-01-08 03:00:00+00:00,26.741,26.835,26.351,26.494,424000.12,195100.63
2026-01-08 04:00:00+00:00,26.494,26.613,26.353,26.529,210419.61,97173.29
2026-01-08 05:00:00+00:00,26.529,26.725,26.504,26.537,192993.17,98441.07
2026-01-08 06:00:00+00:00,26.538,26.602,26.128,26.208,431750.39,167352.44
2026-01-08 07:00:00+00:00,26.208,26.7,26.116,26.699,505046.51,259522.84
2026-01-08 08:00:00+00:00,26.699,26.742,26.325,26.392,478287.86,222369.62
2026-01-08 09:00:00+00:00,26.394,26.527,26.1,26.114,379019.74,175490.29
2026-01-08 10:00:00+00:00,26.114,26.312,25.836,26.265,610607.83,298709.03
2026-01-08 11:00:00+00:00,26.264,26.307,26.02,26.152,334722.55,145989.74
2026-01-08 12:00:00+00:00,26.152,26.157,25.851,25.963,309265.3,148195.37
2026-01-08 13:00:00+00:00,25.963,26.03,25.807,25.921,241671.29,122013.62
2026-01-08 14:00:00+00:00,25.92,26.175,25.68,26.156,592658.04,310507.19
2026-01-08 15:00:00+00:00,26.157,26.266,25.967,26.189,458677.45,224062.93
2026-01-08 16:00:00+00:00,26.189,26.245,25.998,26.127,348908.04,190335.24
2026-01-08 17:00:00+00:00,26.128,26.296,25.989,26.179,313085.3,149627.99
2026-01-08 18:00:00+00:00,26.18,26.237,25.768,25.97,386502.85,163832.48
2026-01-08 19:00:00+00:00,25.97,26.088,25.89,25.95,170548.04,86400.93
2026-01-08 20:00:00+00:00,25.95,25.95,25.613,25.837,342576.17,143094.28
2026-01-08 21:00:00+00:00,25.838,25.909,25.732,25.885,156808.15,75834.29
2026-01-08 22:00:00+00:00,25.884,25.97,25.639,25.749,188889.35,89869.7
2026-01-08 23:00:00+00:00,25.75,25.777,25.582,25.672,315331.29,115137.51
2026-01-09 00:00:00+00:00,25.673,25.684,25.484,25.61,248695.73,118889.17
2026-01-09 01:00:00+00:00,25.61,25.766,25.417,25.496,347240.08,157534.33
2026-01-09 02:00:00+00:00,25.497,25.75,25.469,25.623,140904.51,72280.98
2026-01-09 03:00:00+00:00,25.624,25.796,25.509,25.74,175030.39,83656.98
2026-01-09 04:00:00+00:00,25.741,25.907,25.699,25.853,206977.08,116804.88
2026-01-09 05:00:00+00:00,25.854,26.038,25.823,26.005,199813.11,100740.43
2026-01-09 06:00:00+00:00,26.005,26.202,25.916,26.173,253906.8,138461.7
2026-01-09 07:00:00+00:00,26.172,26.177,26.003,26.087,182025.54,87976.04
2026-01-09 08:00:00+00:00,26.087,26.129,25.463,25.524,609438.32,249056.78
2026-01-09 09:00:00+00:00,25.525,25.613,25.255,25.366,864023.37,388501.83
2026-01-09 10:00:00+00:00,25.372,25.433,25.24,25.302,519626.42,259813.2
2026-01-09 11:00:00+00:00,25.302,25.654,25.301,25.505,326590.52,190655.32
2026-01-09 12:00:00+00:00,25.505,25.516,25.321,25.504,153921.86,80517.86
2026-01-09 13:00:00+00:00,25.504,25.768,25.467,25.565,313255.11,137936.07
2026-01-09 14:00:00+00:00,25.565,25.626,25.375,25.553,331809.18,145743.81
2026-01-09 15:00:00+00:00,25.554,25.996,25.455,25.615,569522.18,254073.04
2026-01-09 16:00:00+00:00,25.617,25.883,25.577,25.695,331337.6,147122.8
2026-01-09 17:00:00+00:00,25.695,25.841,25.539,25.753,306405.97,125254.45
2026-01-09 18:00:00+00:00,25.753,25.914,25.301,25.487,623017.63,262133.49
2026-01-09 19:00:00+00:00,25.487,25.491,24.971,25.114,583966.28,232276.48
2026-01-09 20:00:00+00:00,25.116,25.205,24.918,25.04,298792.96,132901.21
2026-01-09 21:00:00+00:00,25.043,25.172,24.984,25.126,173811.96,72821.41
2026-01-09 22:00:00+00:00,25.126,25.231,25.095,25.184,125496.74,62143.47
2026-01-09 23:00:00+00:00,25.184,25.21,25.002,25.071,201899.2,79353.56
2026-01-10 00:00:00+00:00,25.072,25.084,24.58,24.661,915581.76,345418.11
2026-01-10 01:00:00+00:00,24.661,24.721,24.414,24.615,548185.5,232913.19
2026-01-10 02:00:00+00:00,24.615,24.678,24.283,24.437,595157.34,260677.71
2026-01-10 03:00:00+00:00,24.437,24.49,24.224,24.406,337825.11,176913.08
2026-01-10 04:00:00+00:00,24.407,24.443,24.247,24.374,299843.95,166594.35
2026-01-10 05:00:00+00:00,24.374,24.445,24.301,24.319,223162.11,89030.78
2026-01-10 06:00:00+00:00,24.319,24.385,24.238,24.312,135823.13,68515.89
2026-01-10 07:00:00+00:00,24.312,24.376,24.175,24.335,220693.48,101771.95
2026-01-10 08:00:00+00:00,24.335,24.403,24.254,24.395,152175.84,75212.27
2026-01-10 09:00:00+00:00,24.394,24.634,24.376,24.621,356774.34,215166.78
2026-01-10 10:00:00+00:00,24.62,24.698,24.562,24.686,150558.48,76957.39
2026-01-10 11:00:00+00:00,24.686,24.686,24.436,24.57,166028.92,53164.21
2026-01-10 12:00:00+00:00,24.572,24.641,24.524,24.597,110790.25,57430.83
2026-01-10 13:00:00+00:00,24.597,24.597,24.51,24.519,94120.86,41017.59
2026-01-10 14:00:00+00:00,24.52,24.524,24.222,24.306,336987.69,125673.73
2026-01-10 15:00:00+00:00,24.306,24.353,24.238,24.334,183939.78,93952.57
2026-01-10 16:00:00+00:00,24.334,24.359,24.0,24.141,431562.35,150286.14
2026-01-10 17:00:00+00:00,24.14,24.27,23.812,23.964,512007.22,214272.04
2026-01-10 18:00:00+00:00,23.963,24.136,23.928,24.075,377435.48,201340.86
2026-01-10 19:00:00+00:00,24.076,24.156,24.07,24.134,100462.17,56694.14
2026-01-10 20:00:00+00:00,24.135,24.22,24.093,24.171,115199.51,65834.95
2026-01-10 21:00:00+00:00,24.17,24.252,24.129,24.152,126850.65,67336.03
2026-01-10 22:00:00+00:00,24.152,24.224,23.751,23.884,273793.6,90087.02
2026-01-10 23:00:00+00:00,23.884,24.076,23.847,24.037,179204.5,92807.23
2026-01-11 00:00:00+00:00,24.038,24.165,23.988,24.119,137431.8,73626.96
2026-01-11 01:00:00+00:00,24.118,24.194,24.034,24.143,176677.96,97551.5
2026-01-11 02:00:00+00:00,24.143,24.159,24.02,24.154,113250.86,52868.35
2026-01-11 03:00:00+00:00,24.154,24.212,24.093,24.206,91268.96,47594.12
2026-01-11 04:00:00+00:00,24.207,24.255,24.145,24.246,98269.27,51926.72
2026-01-11 05:00:00+00:00,24.246,24.331,24.231,24.304,108730.97,56116.11
2026-01-11 06:00:00+00:00,24.303,24.5,24.206,24.39,341239.89,224323.9
2026-01-11 07:00:00+00:00,24.39,24.5,24.351,24.461,140770.71,76185.29
2026-01-11 08:00:00+00:00,24.461,24.462,24.319,24.436,172256.31,93070.19
2026-01-11 09:00:00+00:00,24.436,24.521,24.352,24.415,186759.57,84262.06
2026-01-11 10:00:00+00:00,24.415,24.514,24.367,24.41,174347.04,90266.2
2026-01-11 11:00:00+00:00,24.41,24.453,24.372,24.44,75105.64,34961.6
2026-01-11 12:00:00+00:00,24.441,24.6,24.42,24.6,199780.42,101238.33
2026-01-11 13:00:00+00:00,24.599,24.629,24.503,24.568,170605.66,79439.53
2026-01-11 14:00:00+00:00,24.568,24.617,24.501,24.595,126524.66,55306.81
2026-01-11 15:00:00+00:00,24.595,24.65,24.351,24.433,375858.25,183509.8
2026-01-11 16:00:00+00:00,24.434,24.662,24.381,24.527,284137.03,134693.9
2026-01-11 17:00:00+00:00,24.527,24.616,24.47,24.569,201059.9,95638.89
2026-01-11 18:00:00+00:00,24.569,24.66,24.477,24.629,174228.28,88980.8
2026-01-11 19:00:00+00:00,24.629,24.666,24.518,24.556,113770.69,47520.97
2026-01-11 20:00:00+00:00,24.556,24.556,24.404,24.518,143728.17,56104.6
2026-01-11 21:00:00+00:00,24.517,24.524,24.426,24.466,79881.61,43181.33
2026-01-11 22:00:00+00:00,24.466,24.474,24.242,24.367,274791.92,99844.75
2026-01-11 23:00:00+00:00,24.367,24.454,24.28,24.432,181207.45,95812.54
2026-01-12 00:00:00+00:00,24.432,24.554,24.299,24.524,232809.33,115891.98
2026-01-12 01:00:00+00:00,24.524,24.741,24.443,24.723,391428.54,207219.15
2026-01-12 02:00:00+00:00,24.724,25.41,24.697,25.214,842836.8,445835.14
2026-01-12 03:00:00+00:00,25.214,25.294,24.849,24.896,556523.07,254149.28
2026-01-12 04:00:00+00:00,24.896,25.119,24.804,25.054,230718.86,139939.56
2026-01-12 05:00:00+00:00,25.054,25.086,24.826,24.839,213441.0,95615.63
2026-01-12 06:00:00+00:00,24.838,24.932,24.77,24.882,211447.23,112692.27
2026-01-12 07:00:00+00:00,24.882,25.048,24.699,24.735,283105.75,126447.48
2026-01-12 08:00:00+00:00,24.731,24.861,24.269,24.485,958683.46,441843.3
2026-01-12 09:00:00+00:00,24.485,24.555,24.044,24.105,489768.86,192195.25
2026-01-12 10:00:00+00:00,24.104,24.199,23.9,23.931,425879.31,202062.61
2026-01-12 11:00:00+00:00,23.93,24.104,23.607,23.996,855113.5,349441.88
2026-01-12 12:00:00+00:00,23.996,24.123,23.833,23.941,382272.37,185177.66
2026-01-12 13:00:00+00:00,23.94,24.002,23.651,23.783,347899.48,176885.41
2026-01-12 14:00:00+00:00,23.784,23.835,23.108,23.449,1417615.27,608733.72
2026-01-12 15:00:00+00:00,23.448,23.639,23.262,23.583,1160078.03,706037.96
2026-01-12 16:00:00+00:00,23.582,23.799,23.474,23.625,823819.42,508408.03
2026-01-12 17:00:00+00:00,23.624,23.8,23.261,23.44,848951.84,452933.32
2026-01-12 18:00:00+00:00,23.441,23.777,23.43,23.752,452526.08,299158.42
2026-01-12 19:00:00+00:00,23.751,23.94,23.651,23.898,338254.78,210480.26
2026-01-12 20:00:00+00:00,23.898,24.135,23.857,24.081,556196.53,318659.39
2026-01-12 21:00:00+00:00,24.079,24.15,23.823,23.923,427746.03,222531.06
2026-01-12 22:00:00+00:00,23.924,24.032,23.715,23.9,300432.96,117819.74
2026-01-12 23:00:00+00:00,23.899,23.919,23.679,23.75,235864.79,95078.87
2026-01-13 00:00:00+00:00,23.75,24.186,23.729,24.177,488552.59,257159.22
2026-01-13 01:00:00+00:00,24.176,24.24,23.996,24.054,249923.57,121280.22
2026-01-13 02:00:00+00:00,24.054,24.268,24.054,24.163,238835.33,127527.19
2026-01-13 03:00:00+00:00,24.164,24.252,24.115,24.226,135367.02,60847.37
2026-01-13 04:00:00+00:00,24.226,24.386,24.178,24.367,228896.57,124080.52
2026-01-13 05:00:00+00:00,24.367,24.493,24.273,24.398,481391.61,157095.23
2026-01-13 06:00:00+00:00,24.397,24.461,24.328,24.424,163335.6,64906.29
2026-01-13 07:00:00+00:00,24.424,24.485,24.257,24.277,154583.19,85572.8
2026-01-13 08:00:00+00:00,24.276,24.611,24.27,24.569,236434.59,127625.81
2026-01-13 09:00:00+00:00,24.569,24.673,24.312,24.346,505783.42,236431.06
2026-01-13 10:00:00+00:00,24.345,24.35,24.041,24.258,453416.02,240760.55
2026-01-13 11:00:00+00:00,24.258,24.405,24.218,24.308,194162.07,109034.87
2026-01-13 12:00:00+00:00,24.309,24.649,24.302,24.395,462853.59,247422.74
2026-01-13 13:00:00+00:00,24.395,24.635,24.242,24.393,1464159.8,744444.53
2026-01-13 14:00:00+00:00,24.392,24.698,24.303,24.477,478226.89,209082.92
2026-01-13 15:00:00+00:00,24.476,24.573,24.241,24.393,542468.84,253380.87
2026-01-13 16:00:00+00:00,24.393,24.727,24.387,24.579,614346.46,349032.37
2026-01-13 17:00:00+00:00,24.579,24.64,24.38,24.497,297421.08,131827.79
2026-01-13 18:00:00+00:00,24.496,24.912,24.467,24.818,414862.31,260887.17
2026-01-13 19:00:00+00:00,24.817,25.03,24.739,24.97,430168.02,229995.52
2026-01-13 20:00:00+00:00,24.97,25.156,24.84,24.903,361319.37,182223.92
2026-01-13 21:00:00+00:00,24.903,24.968,24.702,24.746,175831.41,83680.76
2026-01-13 22:00:00+00:00,24.747,25.842,24.715,25.783,1255095.52,614405.63
2026-01-13 23:00:00+00:00,25.783,25.839,25.351,25.749,734751.44,347797.72
2026-01-14 00:00:00+00:00,25.75,25.86,25.603,25.702,330924.94,161339.5
2026-01-14 01:00:00+00:00,25.702,25.929,25.616,25.67,254002.99,127223.43
2026-01-14 02:00:00+00:00,25.671,25.899,25.645,25.755,230074.25,108289.62
2026-01-14 03:00:00+00:00,25.754,26.131,25.691,26.066,362442.94,194927.68
2026-01-14 04:00:00+00:00,26.066,26.11,25.801,25.948,289147.3,125794.44
2026-01-14 05:00:00+00:00,25.948,25.978,25.703,25.799,210358.1,88251.24
2026-01-14 06:00:00+00:00,25.799,26.126,25.723,26.116,269207.51,114000.49
2026-01-14 07:00:00+00:00,26.117,26.197,25.952,26.18,335449.53,187836.5
2026-01-14 08:00:00+00:00,26.18,26.511,26.066,26.072,689940.64,328173.49
2026-01-14 09:00:00+00:00,26.073,26.194,25.817,25.846,449783.79,185000.47
2026-01-14 10:00:00+00:00,25.846,26.143,25.792,26.098,280961.97,142659.55
2026-01-14 11:00:00+00:00,26.098,26.098,25.799,25.821,282683.27,104950.59
2026-01-14 12:00:00+00:00,25.821,26.066,25.738,25.97,201605.82,96922.31
2026-01-14 13:00:00+00:00,25.971,26.076,25.797,25.825,203450.98,94993.67
2026-01-14 14:00:00+00:00,25.825,26.6,25.792,26.321,892210.33,444037.27
2026-01-14 15:00:00+00:00,26.32,26.527,26.04,26.336,777727.56,409361.81
2026-01-14 16:00:00+00:00,26.336,26.884,26.312,26.64,844208.1,457269.95
2026-01-14 17:00:00+00:00,26.639,26.744,26.119,26.149,545485.72,236302.77
2026-01-14 18:00:00+00:00,26.149,26.175,25.777,26.155,842496.45,412099.26
2026-01-14 19:00:00+00:00,26.154,26.408,26.031,26.336,467792.34,233599.02
2026-01-14 20:00:00+00:00,26.336,26.475,25.964,26.219,436524.32,235882.71
2026-01-14 21:00:00+00:00,26.218,26.288,25.874,25.932,328179.42,148545.01
2026-01-14 22:00:00+00:00,25.932,26.046,25.641,25.686,398690.84,169592.57
2026-01-14 23:00:00+00:00,25.686,26.0,25.686,25.965,414513.91,234246.49
2026-01-15 00:00:00+00:00,25.966,25.976,25.661,25.909,348895.73,175727.17
2026-01-15 01:00:00+00:00,25.909,26.095,25.364,25.465,696746.09,296176.61
2026-01-15 02:00:00+00:00,25.466,25.555,25.084,25.16,593504.99,257157.89
2026-01-15 03:00:00+00:00,25.161,25.231,24.709,24.742,624273.57,260884.67
2026-01-15 04:00:00+00:00,24.742,25.292,24.715,25.263,768666.98,448783.21
2026-01-15 05:00:00+00:00,25.263,25.273,25.081,25.099,241002.22,113504.69
2026-01-15 06:00:00+00:00,25.099,25.162,24.875,24.893,244999.5,108659.77
2026-01-15 07:00:00+00:00,24.894,25.119,24.879,25.034,207269.8,106068.51
2026-01-15 08:00:00+00:00,25.033,25.173,24.934,25.135,233557.48,137515.74
2026-01-15 09:00:00+00:00,25.135,25.281,24.944,25.122,579663.41,280309.98
2026-01-15 10:00:00+00:00,25.123,25.299,25.006,25.283,370288.25,205065.48
2026-01-15 11:00:00+00:00,25.282,25.346,25.147,25.204,165734.93,86146.47
2026-01-15 12:00:00+00:00,25.203,25.318,25.118,25.29,193557.01,86946.68
2026-01-15 13:00:00+00:00,25.289,25.57,25.227,25.5,303885.64,168989.43
2026-01-15 14:00:00+00:00,25.499,25.592,25.051,25.212,581923.3,265169.58
2026-01-15 15:00:00+00:00,25.211,25.276,24.446,24.896,1099869.0,478244.31
2026-01-15 16:00:00+00:00,24.895,25.275,24.762,24.995,819923.96,390239.92
2026-01-15 17:00:00+00:00,24.994,25.222,24.818,24.861,370811.93,166782.49
2026-01-15 18:00:00+00:00,24.861,24.948,24.523,24.618,391026.61,177813.19
2026-01-15 19:00:00+00:00,24.618,25.022,24.493,24.991,556043.21,296402.43
2026-01-15 20:00:00+00:00,24.99,25.174,24.338,24.403,595119.05,258517.36
2026-01-15 21:00:00+00:00,24.405,24.582,24.367,24.452,221155.15,120111.15
2026-01-15 22:00:00+00:00,24.453,24.662,24.405,24.624,192419.68,86865.45
2026-01-15 23:00:00+00:00,24.623,24.722,24.571,24.722,92017.76,51394.52
2026-01-16 00:00:00+00:00,24.722,24.855,24.706,24.771,94440.49,53741.11
2026-01-16 01:00:00+00:00,24.771,24.843,24.674,24.692,111010.62,48043.91
2026-01-16 02:00:00+00:00,24.693,24.744,24.531,24.645,272912.41,121910.25
2026-01-16 03:00:00+00:00,24.645,24.716,24.556,24.583,116926.37,55206.06
2026-01-16 04:00:00+00:00,24.583,24.77,24.475,24.589,149564.82,73082.12
2026-01-16 05:00:00+00:00,24.589,24.955,24.56,24.882,224605.45,134438.04
2026-01-16 06:00:00+00:00,24.882,25.035,24.863,24.968,146198.97,60385.85
2026-01-16 07:00:00+00:00,24.967,25.014,24.773,24.82,176575.04,64158.77
2026-01-16 08:00:00+00:00,24.821,25.115,24.812,24.945,210033.76,102752.78
2026-01-16 09:00:00+00:00,24.945,25.011,24.83,24.848,184003.43,93808.14
2026-01-16 10:00:00+00:00,24.849,24.911,24.681,24.887,209225.36,111240.3
2026-01-16 11:00:00+00:00,24.888,25.121,24.835,25.115,183597.6,100342.29
2026-01-16 12:00:00+00:00,25.114,25.132,24.886,24.987,186351.33,65929.03
2026-01-16 13:00:00+00:00,24.986,25.145,24.866,25.008,156962.93,86919.85
2026-01-16 14:00:00+00:00,25.009,25.233,24.988,25.007,269468.18,129450.03
2026-01-16 15:00:00+00:00,25.006,25.19,24.593,24.804,700625.46,295823.32
2026-01-16 16:00:00+00:00,24.804,25.042,24.73,24.851,328372.5,164773.52
2026-01-16 17:00:00+00:00,24.851,25.105,24.76,25.069,185449.53,92160.82
2026-01-16 18:00:00+00:00,25.069,25.104,24.882,24.883,156764.05,58341.17
2026-01-16 19:00:00+00:00,24.884,24.894,24.73,24.816,129860.64,51961.21
2026-01-16 20:00:00+00:00,24.817,25.031,24.658,24.976,223765.75,117935.18
2026-01-16 21:00:00+00:00,24.976,25.051,24.826,24.97,168962.43,73498.12
2026-01-16 22:00:00+00:00,24.97,24.985,24.793,24.896,105365.82,52318.68
2026-01-16 23:00:00+00:00,24.896,25.084,24.873,24.994,138181.26,79498.32
2026-01-17 00:00:00+00:00,24.995,25.021,24.929,24.98,130789.12,44987.95
2026-01-17 01:00:00+00:00,24.982,25.025,24.881,24.963,103682.7,56154.11
2026-01-17 02:00:00+00:00,24.963,24.984,24.84,24.88,64901.93,26687.0
2026-01-17 03:00:00+00:00,24.88,24.892,24.773,24.817,85222.63,42456.59
2026-01-17 04:00:00+00:00,24.816,24.881,24.746,24.855,70301.64,31327.79
2026-01-17 05:00:00+00:00,24.855,24.922,24.816,24.849,69245.01,38358.5
2026-01-17 06:00:00+00:00,24.849,25.009,24.847,24.982,60801.77,37403.83
2026-01-17 07:00:00+00:00,24.982,25.025,24.894,24.938,65110.85,28821.39
2026-01-17 08:00:00+00:00,24.939,25.209,24.935,25.203,177688.66,103142.24
2026-01-17 09:00:00+00:00,25.203,25.338,25.135,25.263,151715.28,74842.06
2026-01-17 10:00:00+00:00,25.263,25.333,25.125,25.181,144789.85,67124.14
2026-01-17 11:00:00+00:00,25.18,25.298,25.118,25.26,103200.98,50720.01
2026-01-17 12:00:00+00:00,25.259,25.321,25.055,25.157,187225.16,85877.15
2026-01-17 13:00:00+00:00,25.16,25.443,25.13,25.349,200810.54,97060.16
2026-01-17 14:00:00+00:00,25.349,25.471,25.268,25.457,156885.08,80993.28
2026-01-17 15:00:00+00:00,25.456,25.669,25.372,25.653,270850.47,151193.64
2026-01-17 16:00:00+00:00,25.653,25.72,25.347,25.433,275171.44,111246.47
2026-01-17 17:00:00+00:00,25.434,25.693,25.415,25.691,113500.86,63234.14
2026-01-17 18:00:00+00:00,25.691,25.835,25.646,25.787,158458.52,79166.69
2026-01-17 19:00:00+00:00,25.787,25.801,25.569,25.641,111593.73,48905.01
2026-01-17 20:00:00+00:00,25.64,25.714,25.567,25.665,99965.87,39789.37
2026-01-17 21:00:00+00:00,25.665,25.729,25.523,25.578,75887.0,37415.88
2026-01-17 22:00:00+00:00,25.578,25.598,25.324,25.402,174800.96,80182.14
2026-01-17 23:00:00+00:00,25.402,25.565,25.334,25.419,332477.53,172852.7
2026-01-18 00:00:00+00:00,25.418,25.571,25.35,25.388,158014.58,60873.84
2026-01-18 01:00:00+00:00,25.387,25.428,25.217,25.414,136611.06,76302.67
2026-01-18 02:00:00+00:00,25.416,25.501,25.325,25.4,88858.16,42061.17
2026-01-18 03:00:00+00:00,25.401,25.564,25.384,25.471,75360.92,42583.61
2026-01-18 04:00:00+00:00,25.474,25.728,25.417,25.689,135923.93,87599.57
2026-01-18 05:00:00+00:00,25.69,25.811,25.537,25.801,168865.24,91819.71
2026-01-18 06:00:00+00:00,25.801,26.029,25.751,25.959,271938.92,137982.04
2026-01-18 07:00:00+00:00,25.959,25.96,25.796,25.826,165431.84,72769.67
2026-01-18 08:00:00+00:00,25.827,25.872,25.722,25.796,133456.11,63610.41
2026-01-18 09:00:00+00:00,25.796,26.032,25.788,25.979,285291.06,155274.0
2026-01-18 10:00:00+00:00,25.979,26.128,25.816,26.035,240485.8,140914.98
2026-01-18 11:00:00+00:00,26.034,26.055,25.893,26.007,148588.69,59290.5
2026-01-18 12:00:00+00:00,26.007,26.019,25.659,25.84,331276.61,153836.8
2026-01-18 13:00:00+00:00,25.84,25.922,25.683,25.846,231306.1,120846.48
2026-01-18 14:00:00+00:00,25.846,25.978,25.728,25.742,114982.43,55602.85
2026-01-18 15:00:00+00:00,25.744,25.906,25.7,25.816,152840.93,74458.43
2026-01-18 16:00:00+00:00,25.816,25.886,25.571,25.728,524384.72,259613.06
2026-01-18 17:00:00+00:00,25.727,25.785,25.45,25.535,408234.28,212300.79
2026-01-18 18:00:00+00:00,25.534,25.748,25.486,25.663,234519.22,121879.15
2026-01-18 19:00:00+00:00,25.663,25.702,25.07,25.166,590793.76,240890.68
2026-01-18 20:00:00+00:00,25.166,25.22,25.01,25.192,366664.0,169661.32
2026-01-18 21:00:00+00:00,25.192,25.282,24.906,24.959,323810.11,152374.16
2026-01-18 22:00:00+00:00,24.958,25.181,24.952,25.14,195357.88,120319.34
2026-01-18 23:00:00+00:00,25.14,25.141,24.346,24.456,799440.39,306841.16
2026-01-19 00:00:00+00:00,24.455,24.573,22.651,24.064,3100874.38,1490630.14
2026-01-19 01:00:00+00:00,24.064,24.206,23.924,24.083,463779.83,238425.49
2026-01-19 02:00:00+00:00,24.082,24.082,23.874,23.977,249272.56,121893.44
2026-01-19 03:00:00+00:00,23.976,24.116,23.812,23.924,450741.48,206496.74
2026-01-19 04:00:00+00:00,23.925,24.02,23.885,23.981,210568.21,92597.51
2026-01-19 05:00:00+00:00,23.98,23.984,23.756,23.902,327584.86,159569.68
2026-01-19 06:00:00+00:00,23.902,23.915,23.644,23.822,285062.47,131401.28
2026-01-19 07:00:00+00:00,23.823,23.849,23.683,23.815,169046.49,82154.83
2026-01-19 08:00:00+00:00,23.816,24.231,23.772,24.19,469488.13,260924.38
2026-01-19 09:00:00+00:00,24.19,24.198,23.969,24.089,569552.01,260862.62
2026-01-19 10:00:00+00:00,24.09,24.213,23.962,24.11,570747.64,281079.97
2026-01-19 11:00:00+00:00,24.111,24.179,24.041,24.102,189669.15,93662.05
2026-01-19 12:00:00+00:00,24.101,24.101,23.904,23.979,281377.9,117247.87
2026-01-19 13:00:00+00:00,23.979,23.979,23.609,23.655,782794.6,377183.7
2026-01-19 14:00:00+00:00,23.655,23.803,23.45,23.608,900655.5,471673.81
2026-01-19 15:00:00+00:00,23.608,23.745,23.5,23.739,304962.37,151304.97
2026-01-19 16:00:00+00:00,23.739,24.078,23.716,24.019,329850.63,176592.02
2026-01-19 17:00:00+00:00,24.019,24.056,23.889,23.922,152300.55,61346.12
2026-01-19 18:00:00+00:00,23.922,24.042,23.836,23.986,614279.36,302178.97
2026-01-19 19:00:00+00:00,23.985,24.133,23.959,24.031,141373.93,59405.94
2026-01-19 20:00:00+00:00,24.03,24.1,23.935,23.948,141316.91,69103.48
2026-01-19 21:00:00+00:00,23.951,23.986,23.674,23.706,195982.44,68588.9
2026-01-19 22:00:00+00:00,23.707,23.802,23.604,23.609,233532.59,99586.88
2026-01-19 23:00:00+00:00,23.61,23.803,23.533,23.714,304450.51,146678.93
2026-01-20 00:00:00+00:00,23.713,23.746,23.428,23.561,344292.78,141511.85
2026-01-20 01:00:00+00:00,23.56,23.761,23.49,23.642,218009.51,119139.68
2026-01-20 02:00:00+00:00,23.642,23.754,23.54,23.734,221092.0,120342.04
2026-01-20 03:00:00+00:00,23.738,23.75,23.485,23.749,213125.22,96253.96
2026-01-20 04:00:00+00:00,23.749,23.857,23.564,23.625,280338.52,115537.42
2026-01-20 05:00:00+00:00,23.625,23.731,23.132,23.438,802501.81,342506.79
2026-01-20 06:00:00+00:00,23.438,23.448,23.112,23.186,487630.71,227243.51
2026-01-20 07:00:00+00:00,23.186,23.274,23.081,23.095,432097.06,198187.16
2026-01-20 08:00:00+00:00,23.096,23.224,22.807,23.218,822273.35,370292.45
2026-01-20 09:00:00+00:00,23.218,23.264,22.855,22.929,612469.98,290552.39
2026-01-20 10:00:00+00:00,22.928,23.106,22.87,22.95,398525.63,215168.83
2026-01-20 11:00:00+00:00,22.949,23.088,22.713,22.754,560352.08,233107.28
2026-01-20 12:00:00+00:00,22.755,22.886,22.463,22.525,684359.28,296062.26
2026-01-20 13:00:00+00:00,22.525,22.555,21.592,21.758,2631883.36,1203155.03
2026-01-20 14:00:00+00:00,21.758,22.201,21.571,22.073,2005257.57,1159685.38
2026-01-20 15:00:00+00:00,22.072,22.249,21.805,22.073,1013063.56,568285.43
2026-01-20 16:00:00+00:00,22.072,22.173,21.573,21.766,905715.64,465207.41
2026-01-20 17:00:00+00:00,21.765,21.932,20.977,21.28,1692640.25,717062.83
2026-01-20 18:00:00+00:00,21.276,21.644,21.268,21.541,794053.03,435876.57
2026-01-20 19:00:00+00:00,21.541,21.615,21.369,21.529,366620.72,180040.69
2026-01-20 20:00:00+00:00,21.528,21.842,21.456,21.561,522933.84,258454.93
2026-01-20 21:00:00+00:00,21.563,21.578,21.161,21.207,368296.14,141603.16
2026-01-20 22:00:00+00:00,21.208,21.42,20.965,21.31,657948.78,290893.04
2026-01-20 23:00:00+00:00,21.311,21.347,20.811,20.982,793154.07,324370.67
2026-01-21 00:00:00+00:00,20.983,21.283,20.887,21.179,703761.55,348048.47
2026-01-21 01:00:00+00:00,21.179,21.552,21.138,21.38,608527.51,324531.32
2026-01-21 02:00:00+00:00,21.381,21.491,21.171,21.307,329991.16,154491.63
2026-01-21 03:00:00+00:00,21.308,21.493,21.292,21.429,320490.33,172156.42
2026-01-21 04:00:00+00:00,21.428,21.628,21.404,21.542,363462.22,198660.07
2026-01-21 05:00:00+00:00,21.541,21.786,21.518,21.694,527943.03,279139.05
2026-01-21 06:00:00+00:00,21.694,21.702,21.415,21.435,399091.41,206533.38
2026-01-21 07:00:00+00:00,21.435,21.503,21.225,21.263,265109.97,112921.76
2026-01-21 08:00:00+00:00,21.263,21.268,20.966,21.02,424674.26,175316.92
2026-01-21 09:00:00+00:00,21.019,21.161,20.863,20.987,492077.77,236179.67
2026-01-21 10:00:00+00:00,20.986,21.164,20.559,20.608,768318.36,337792.23
2026-01-21 11:00:00+00:00,20.609,20.99,20.594,20.705,724154.32,340005.22
2026-01-21 12:00:00+00:00,20.703,20.887,20.501,20.861,775435.15,404552.77
2026-01-21 13:00:00+00:00,20.86,20.963,20.706,20.749,550982.9,315906.26
2026-01-21 14:00:00+00:00,20.748,21.32,20.733,21.165,1775865.49,1045137.44
2026-01-21 15:00:00+00:00,21.164,21.593,21.095,21.568,1014699.77,601081.38
2026-01-21 16:00:00+00:00,21.567,21.664,20.837,20.859,1593056.17,828224.72
2026-01-21 17:00:00+00:00,20.86,21.056,20.475,20.702,1272398.18,615577.9
2026-01-21 18:00:00+00:00,20.701,20.973,20.547,20.885,469050.96,183418.63
2026-01-21 19:00:00+00:00,20.886,22.0,20.781,21.877,1536337.46,817970.45
2026-01-21 20:00:00+00:00,21.877,21.981,21.479,21.902,817519.13,381585.23
2026-01-21 21:00:00+00:00,21.902,22.035,21.813,21.86,335432.24,147376.65
2026-01-21 22:00:00+00:00,21.86,22.108,21.669,21.671,363450.53,164946.73
2026-01-21 23:00:00+00:00,21.67,21.77,21.407,21.528,283414.16,151010.19
2026-01-22 00:00:00+00:00,21.529,21.945,21.52,21.885,387640.78,206704.83
2026-01-22 01:00:00+00:00,21.885,22.092,21.861,22.071,331882.5,138992.52
2026-01-22 02:00:00+00:00,22.071,22.194,21.925,21.984,277675.76,124578.9
2026-01-22 03:00:00+00:00,21.984,22.096,21.5,21.578,632067.03,267241.22
2026-01-22 04:00:00+00:00,21.578,21.88,21.577,21.81,309403.12,183941.39
2026-01-22 05:00:00+00:00,21.81,21.876,21.674,21.769,191948.48,88711.8
2026-01-22 06:00:00+00:00,21.77,21.85,21.645,21.814,150472.85,76878.6
2026-01-22 07:00:00+00:00,21.814,21.963,21.75,21.933,212515.44,107928.86
2026-01-22 08:00:00+00:00,21.932,22.095,21.854,22.083,285515.27,146122.13
2026-01-22 09:00:00+00:00,22.082,22.226,21.961,21.977,474558.7,224724.2
2026-01-22 10:00:00+00:00,21.978,22.086,21.802,21.89,434525.09,233170.78
2026-01-22 11:00:00+00:00,21.89,21.988,21.806,21.808,182544.84,91576.99
2026-01-22 12:00:00+00:00,21.808,21.874,21.776,21.8,214825.94,115750.18
2026-01-22 13:00:00+00:00,21.8,21.971,21.602,21.673,421165.32,181772.82
2026-01-22 14:00:00+00:00,21.672,21.75,21.217,21.422,810859.8,354169.58
2026-01-22 15:00:00+00:00,21.423,21.543,21.101,21.265,803628.2,367286.66
2026-01-22 16:00:00+00:00,21.266,21.42,21.115,21.331,514563.68,232022.51
2026-01-22 17:00:00+00:00,21.332,21.719,21.312,21.704,648960.49,320023.64
2026-01-22 18:00:00+00:00,21.704,21.746,21.111,21.183,827406.34,321421.16
2026-01-22 19:00:00+00:00,21.183,21.541,21.171,21.416,492157.34,242921.54
2026-01-22 20:00:00+00:00,21.416,21.492,21.25,21.372,243807.54,118611.68
2026-01-22 21:00:00+00:00,21.373,21.467,21.305,21.338,164739.73,60637.22
2026-01-22 22:00:00+00:00,21.338,21.429,21.266,21.383,157364.18,74075.83
2026-01-22 23:00:00+00:00,21.383,21.471,21.283,21.44,179186.64,94849.12
2026-01-23 00:00:00+00:00,21.44,21.632,21.36,21.597,259140.0,138717.88
2026-01-23 01:00:00+00:00,21.597,21.736,21.593,21.728,133339.29,64121.98
2026-01-23 02:00:00+00:00,21.727,21.758,21.638,21.643,174789.12,64456.42
2026-01-23 03:00:00+00:00,21.644,21.812,21.6,21.807,204117.31,91078.57
2026-01-23 04:00:00+00:00,21.808,21.864,21.739,21.819,158109.79,73407.77
2026-01-23 05:00:00+00:00,21.82,21.848,21.647,21.718,221234.44,92320.3
2026-01-23 06:00:00+00:00,21.718,21.786,21.452,21.472,263125.89,106717.65
2026-01-23 07:00:00+00:00,21.473,21.583,21.402,21.452,215603.59,111061.99
2026-01-23 08:00:00+00:00,21.451,21.492,21.202,21.211,345588.09,154721.67
2026-01-23 09:00:00+00:00,21.212,21.258,20.887,20.91,568341.58,268776.62
2026-01-23 10:00:00+00:00,20.909,21.131,20.829,21.038,719309.8,401330.23
2026-01-23 11:00:00+00:00,21.037,21.267,21.011,21.236,380503.82,210485.39
2026-01-23 12:00:00+00:00,21.237,21.342,21.157,21.319,215856.22,108884.53
2026-01-23 13:00:00+00:00,21.32,21.527,21.312,21.479,348154.14,164889.37
2026-01-23 14:00:00+00:00,21.478,21.688,21.362,21.48,654001.43,294788.85
2026-01-23 15:00:00+00:00,21.482,22.366,21.439,22.322,1068045.46,589211.69
2026-01-23 16:00:00+00:00,22.322,22.629,22.203,22.398,1447383.32,659115.68
2026-01-23 17:00:00+00:00,22.397,23.103,22.263,22.735,1313217.6,698429.55
2026-01-23 18:00:00+00:00,22.736,22.912,22.613,22.831,923282.89,396987.06
2026-01-23 19:00:00+00:00,22.831,22.838,22.273,22.394,797112.1,357694.95
2026-01-23 20:00:00+00:00,22.394,22.6,22.285,22.555,677445.08,333960.39
2026-01-23 21:00:00+00:00,22.554,22.676,22.378,22.4,312631.16,140392.17
2026-01-23 22:00:00+00:00,22.399,22.734,22.373,22.652,285319.43,149821.71
2026-01-23 23:00:00+00:00,22.656,22.656,22.509,22.634,155862.67,81120.03
2026-01-24 00:00:00+00:00,22.634,22.849,22.561,22.744,316430.9,135166.04
2026-01-24 01:00:00+00:00,22.744,22.917,22.594,22.91,597525.1,277594.08
2026-01-24 02:00:00+00:00,22.91,23.135,22.884,23.073,425527.52,234018.94
2026-01-24 03:00:00+00:00,23.073,23.289,22.94,23.092,419222.07,199023.59
2026-01-24 04:00:00+00:00,23.093,23.164,22.859,22.979,296519.02,121321.97
2026-01-24 05:00:00+00:00,22.98,23.04,22.925,23.022,149727.08,89924.65
2026-01-24 06:00:00+00:00,23.022,23.03,22.829,22.886,187987.46,76411.62
2026-01-24 07:00:00+00:00,22.886,22.983,22.803,22.814,208716.08,99976.2
2026-01-24 08:00:00+00:00,22.814,23.497,22.81,23.443,609931.23,370251.61
2026-01-24 09:00:00+00:00,23.443,23.45,23.268,23.321,382118.98,196940.64
2026-01-24 10:00:00+00:00,23.321,23.401,23.27,23.318,177919.63,93696.2
2026-01-24 11:00:00+00:00,23.318,23.4,23.17,23.209,211477.65,87072.45
2026-01-24 12:00:00+00:00,23.209,23.273,23.141,23.16,150620.89,62507.61
2026-01-24 13:00:00+00:00,23.16,23.335,22.989,23.197,492507.83,213734.82
2026-01-24 14:00:00+00:00,23.198,23.458,23.167,23.433,347200.46,176624.58
2026-01-24 15:00:00+00:00,23.433,23.453,23.003,23.041,327459.19,138579.54
2026-01-24 16:00:00+00:00,23.042,23.156,22.9,22.997,459530.47,225983.91
2026-01-24 17:00:00+00:00,22.997,23.359,22.955,23.316,385051.37,213620.45
2026-01-24 18:00:00+00:00,23.318,23.654,23.282,23.594,591358.05,326481.09
2026-01-24 19:00:00+00:00,23.595,23.652,23.417,23.432,357638.91,165346.53
2026-01-24 20:00:00+00:00,23.432,23.595,23.336,23.559,331400.5,160388.89
2026-01-24 21:00:00+00:00,23.559,23.616,23.492,23.606,193655.19,97665.65
2026-01-24 22:00:00+00:00,23.606,23.69,23.541,23.66,162462.0,84550.42
2026-01-24 23:00:00+00:00,23.659,23.746,23.169,23.204,672097.48,301279.51
2026-01-25 00:00:00+00:00,23.203,23.347,23.167,23.259,315884.79,172548.76
2026-01-25 01:00:00+00:00,23.258,23.418,23.035,23.254,445952.09,227870.62
2026-01-25 02:00:00+00:00,23.253,23.318,23.195,23.198,106373.87,48422.55
2026-01-25 03:00:00+00:00,23.199,23.291,22.919,22.93,363507.02,155624.32
2026-01-25 04:00:00+00:00,22.931,22.992,22.723,22.864,372828.96,174000.69
2026-01-25 05:00:00+00:00,22.864,22.975,22.817,22.959,143849.82,75139.38
2026-01-25 06:00:00+00:00,22.959,22.959,22.846,22.94,120354.36,62652.81
2026-01-25 07:00:00+00:00,22.94,22.941,22.746,22.895,185496.28,86344.86
2026-01-25 08:00:00+00:00,22.896,22.992,22.384,22.446,636716.1,253994.67
2026-01-25 09:00:00+00:00,22.447,22.574,22.334,22.342,357806.99,189866.02
2026-01-25 10:00:00+00:00,22.34,22.548,22.336,22.51,162024.33,88800.18
2026-01-25 11:00:00+00:00,22.51,22.547,22.429,22.501,130674.73,58568.72
2026-01-25 12:00:00+00:00,22.501,22.639,22.463,22.617,145189.75,86891.12
2026-01-25 13:00:00+00:00,22.617,22.71,22.526,22.62,146874.28,79219.24
2026-01-25 14:00:00+00:00,22.62,22.638,22.422,22.544,245615.05,117876.85
2026-01-25 15:00:00+00:00,22.544,22.714,22.439,22.454,233888.34,106926.62
2026-01-25 16:00:00+00:00,22.454,22.615,22.102,22.228,1236851.94,567392.59
2026-01-25 17:00:00+00:00,22.229,22.296,22.026,22.202,335751.74,145366.53
2026-01-25 18:00:00+00:00,22.201,22.304,21.983,22.231,576148.19,272244.76
2026-01-25 19:00:00+00:00,22.232,22.284,21.655,21.798,952325.22,364943.93
2026-01-25 20:00:00+00:00,21.797,22.015,21.754,21.972,632692.23,240543.53
2026-01-25 21:00:00+00:00,21.972,22.215,21.875,21.914,497128.93,298590.9
2026-01-25 22:00:00+00:00,21.915,22.116,21.622,21.921,461648.32,246645.21
2026-01-25 23:00:00+00:00,21.921,22.27,21.793,22.193,450918.97,247004.21
2026-01-26 00:00:00+00:00,22.193,22.312,21.812,22.111,550050.11,247421.18
2026-01-26 01:00:00+00:00,22.111,22.52,22.08,22.332,519407.82,264575.45
2026-01-26 02:00:00+00:00,22.333,22.366,22.053,22.088,352880.51,158391.35
2026-01-26 03:00:00+00:00,22.089,22.156,21.87,21.963,228221.07,105203.16
2026-01-26 04:00:00+00:00,21.963,22.333,21.935,22.218,186494.24,99105.15
2026-01-26 05:00:00+00:00,22.217,22.265,22.112,22.222,125276.32,65957.61
2026-01-26 06:00:00+00:00,22.221,22.23,22.043,22.161,172621.58,87686.38
2026-01-26 07:00:00+00:00,22.16,22.327,22.116,22.312,161710.82,86425.29
2026-01-26 08:00:00+00:00,22.311,22.618,22.155,22.529,499239.34,269393.28
2026-01-26 09:00:00+00:00,22.529,22.569,22.053,22.2,499247.24,254255.91
2026-01-26 10:00:00+00:00,22.2,22.529,22.171,22.297,293910.74,145390.56
2026-01-26 11:00:00+00:00,22.298,22.376,22.014,22.271,537357.71,283579.57
2026-01-26 12:00:00+00:00,22.271,22.383,22.172,22.255,221536.25,109546.24
2026-01-26 13:00:00+00:00,22.254,22.423,22.222,22.373,236975.85,113435.38
2026-01-26 14:00:00+00:00,22.375,22.522,22.114,22.471,436403.08,223719.88
2026-01-26 15:00:00+00:00,22.47,22.878,22.353,22.446,1012709.84,440794.64
2026-01-26 16:00:00+00:00,22.447,23.57,22.406,23.48,1319753.97,725179.02
2026-01-26 17:00:00+00:00,23.482,23.923,23.352,23.868,1305438.03,665604.43
2026-01-26 18:00:00+00:00,23.869,24.217,23.686,24.207,897599.65,507816.68
2026-01-26 19:00:00+00:00,24.206,24.418,23.952,24.117,1170328.97,615924.62
2026-01-26 20:00:00+00:00,24.116,24.247,23.97,24.065,437181.31,212288.93
2026-01-26 21:00:00+00:00,24.065,24.962,23.992,24.803,835220.6,497332.59
2026-01-26 22:00:00+00:00,24.804,25.338,24.63,25.078,1010444.37,541969.47
2026-01-26 23:00:00+00:00,25.079,25.214,24.817,24.931,566597.18,282385.07
2026-01-27 00:00:00+00:00,24.93,25.485,24.894,25.317,866380.51,485996.09
2026-01-27 01:00:00+00:00,25.317,25.556,25.152,25.534,609559.42,299614.35
2026-01-27 02:00:00+00:00,25.535,25.988,25.524,25.861,961193.1,480612.92
2026-01-27 03:00:00+00:00,25.864,26.451,25.794,26.088,1673519.47,827318.58
2026-01-27 04:00:00+00:00,26.088,26.95,26.025,26.909,1452458.98,746890.2
2026-01-27 05:00:00+00:00,26.91,27.41,26.647,26.823,1441530.27,686438.31
2026-01-27 06:00:00+00:00,26.824,27.453,26.823,27.119,1207141.42,592993.39
2026-01-27 07:00:00+00:00,27.12,27.799,26.963,27.413,1719610.93,834685.16
2026-01-27 08:00:00+00:00,27.414,28.081,27.255,27.831,1666952.68,838444.62
2026-01-27 09:00:00+00:00,27.831,28.025,27.252,27.565,2631726.7,1250734.69
2026-01-27 10:00:00+00:00,27.565,27.852,27.196,27.228,1716165.03,761188.77
2026-01-27 11:00:00+00:00,27.229,27.841,27.211,27.722,1025951.98,546899.66
2026-01-27 12:00:00+00:00,27.72,28.3,27.494,27.637,1568443.54,804520.06
2026-01-27 13:00:00+00:00,27.636,27.663,27.23,27.311,962887.43,428765.17
2026-01-27 14:00:00+00:00,27.311,27.698,27.145,27.364,1179001.58,596508.12
2026-01-27 15:00:00+00:00,27.365,28.17,27.317,28.153,1454741.81,827148.93
2026-01-27 16:00:00+00:00,28.152,28.94,27.839,28.496,2281640.07,1212250.2
2026-01-27 17:00:00+00:00,28.496,28.613,27.42,27.777,2571154.73,1245661.81
2026-01-27 18:00:00+00:00,27.777,28.472,27.532,28.363,1132435.9,577273.27
2026-01-27 19:00:00+00:00,28.364,29.135,28.301,28.791,1471479.1,754370.11
2026-01-27 20:00:00+00:00,28.79,29.832,28.734,29.758,2036584.46,1081809.16
2026-01-27 21:00:00+00:00,29.757,29.924,29.558,29.788,1294822.13,640177.03
2026-01-27 22:00:00+00:00,29.787,30.5,29.519,30.493,1981573.81,1068693.04
2026-01-27 23:00:00+00:00,30.485,30.99,30.352,30.8,2156666.87,1177001.66
2026-01-28 00:00:00+00:00,30.8,31.617,30.71,31.475,2668031.08,1444562.14
2026-01-28 01:00:00+00:00,31.475,32.927,31.4,32.894,4400061.46,2389849.56
2026-01-28 02:00:00+00:00,32.894,33.691,32.45,32.854,3383958.61,1752322.22
2026-01-28 03:00:00+00:00,32.856,33.92,32.634,33.542,2656568.49,1365130.71
2026-01-28 04:00:00+00:00,33.541,34.224,33.356,34.007,2065053.2,1104448.19
2026-01-28 05:00:00+00:00,34.008,34.281,32.39,32.78,3353009.81,1469384.36
2026-01-28 06:00:00+00:00,32.781,33.859,32.76,33.842,1871481.0,1106390.25
2026-01-28 07:00:00+00:00,33.842,33.926,33.263,33.508,1435303.83,735487.49
2026-01-28 08:00:00+00:00,33.509,34.742,33.403,33.752,3526516.06,1790365.18
2026-01-28 09:00:00+00:00,33.75,34.65,33.5,34.631,1671491.31,821187.57
2026-01-28 10:00:00+00:00,34.632,34.849,34.33,34.42,1981487.02,1010892.13
2026-01-28 11:00:00+00:00,34.42,34.625,33.848,33.904,1398050.33,648706.17
2026-01-28 12:00:00+00:00,33.909,34.034,33.218,33.582,1627745.14,737579.25
2026-01-28 13:00:00+00:00,33.582,34.695,33.537,34.371,2107141.05,1119081.69
2026-01-28 14:00:00+00:00,34.369,34.37,33.508,33.655,1651232.69,764491.02
2026-01-28 15:00:00+00:00,33.656,33.958,33.013,33.475,1973203.42,956754.7
2026-01-28 16:00:00+00:00,33.476,33.506,32.623,33.042,2023388.01,965808.25
2026-01-28 17:00:00+00:00,33.042,33.166,32.504,32.923,1081065.65,519376.47
2026-01-28 18:00:00+00:00,32.924,33.083,32.339,32.908,1185948.25,561696.43
2026-01-28 19:00:00+00:00,32.908,33.594,32.632,33.366,1427832.25,748675.63
2026-01-28 20:00:00+00:00,33.367,33.74,32.93,33.033,916971.56,448145.48
2026-01-28 21:00:00+00:00,33.032,33.354,32.803,33.009,817093.99,390607.91
2026-01-28 22:00:00+00:00,33.01,33.713,32.821,33.343,1321441.08,686509.61
2026-01-28 23:00:00+00:00,33.343,34.527,33.295,34.428,1795638.14,1007632.88
2026-01-29 00:00:00+00:00,34.428,34.443,33.598,33.964,1016323.09,439179.7
2026-01-29 01:00:00+00:00,33.964,34.141,33.068,33.126,1020044.12,445317.47
2026-01-29 02:00:00+00:00,33.126,33.417,31.819,31.996,1985503.68,851260.83
2026-01-29 03:00:00+00:00,31.996,32.495,31.651,31.748,1520822.58,785232.36
2026-01-29 04:00:00+00:00,31.748,32.154,31.129,31.877,2047541.02,985764.06
2026-01-29 05:00:00+00:00,31.876,32.056,31.558,31.955,985953.09,514403.07
2026-01-29 06:00:00+00:00,31.954,33.248,31.905,32.854,1855259.89,1011919.12
2026-01-29 07:00:00+00:00,32.853,32.999,32.202,32.429,878711.71,416961.71
2026-01-29 08:00:00+00:00,32.43,33.075,32.218,32.456,856112.5,429551.64
2026-01-29 09:00:00+00:00,32.456,32.624,32.234,32.271,506596.95,238511.31
2026-01-29 10:00:00+00:00,32.271,32.761,32.234,32.618,369257.34,196290.44
2026-01-29 11:00:00+00:00,32.616,33.694,31.853,33.295,1933518.09,993496.74
2026-01-29 12:00:00+00:00,33.295,34.282,33.181,33.382,2500261.23,1307503.88
2026-01-29 13:00:00+00:00,33.381,34.333,33.187,34.032,1424958.68,755362.12
2026-01-29 14:00:00+00:00,34.033,34.566,32.982,33.029,2290301.34,1128190.06
2026-01-29 15:00:00+00:00,33.031,33.368,31.798,33.141,4280840.87,2149777.92
2026-01-29 16:00:00+00:00,33.14,33.935,32.717,33.691,2494424.92,1262529.41
2026-01-29 17:00:00+00:00,33.69,33.979,32.833,33.403,1775862.91,820154.85
2026-01-29 18:00:00+00:00,33.403,33.667,32.409,32.496,1518144.77,698940.29
2026-01-29 19:00:00+00:00,32.496,32.755,31.971,32.127,1217055.49,586099.35
2026-01-29 20:00:00+00:00,32.127,32.909,31.849,32.764,1030256.95,516083.4
2026-01-29 21:00:00+00:00,32.765,32.765,31.5,31.845,1715346.92,822868.15
2026-01-29 22:00:00+00:00,31.846,32.09,30.579,31.088,1563756.17,698433.06
2026-01-29 23:00:00+00:00,31.088,31.139,30.377,30.79,1016095.29,492863.31
2026-01-30 00:00:00+00:00,30.791,30.845,29.894,29.913,1596185.55,597417.59
2026-01-30 01:00:00+00:00,29.916,30.136,28.945,29.502,2388426.68,1004055.33
2026-01-30 02:00:00+00:00,29.503,29.513,28.139,28.667,4469338.24,1923416.13
2026-01-30 03:00:00+00:00,28.666,29.351,28.579,29.214,1588782.2,893025.89
2026-01-30 04:00:00+00:00,29.216,29.769,29.041,29.1,1426262.86,770210.57
2026-01-30 05:00:00+00:00,29.102,29.574,28.912,28.941,759663.97,409808.34
2026-01-30 06:00:00+00:00,28.943,29.171,28.552,28.795,1136582.58,544582.67
2026-01-30 07:00:00+00:00,28.795,29.289,28.61,29.133,1142625.79,621207.85
2026-01-30 08:00:00+00:00,29.134,29.564,29.009,29.207,993677.24,545304.03
2026-01-30 09:00:00+00:00,29.208,29.65,29.13,29.255,860266.07,482204.28
2026-01-30 10:00:00+00:00,29.254,30.0,29.195,29.765,981907.56,576914.6
2026-01-30 11:00:00+00:00,29.766,30.925,29.689,30.626,1768028.28,955342.46
2026-01-30 12:00:00+00:00,30.627,30.71,29.825,30.002,1079811.35,522990.14
2026-01-30 13:00:00+00:00,30.002,30.022,29.241,29.332,1145490.26,531380.57
2026-01-30 14:00:00+00:00,29.332,30.005,29.073,29.146,1527435.16,771030.22
2026-01-30 15:00:00+00:00,29.147,29.665,28.732,28.984,1682596.92,815441.0
2026-01-30 16:00:00+00:00,28.983,29.483,28.542,29.27,1478329.6,735020.67
2026-01-30 17:00:00+00:00,29.27,29.858,28.927,29.561,1139000.34,587150.44
2026-01-30 18:00:00+00:00,29.56,31.817,29.073,31.714,3070200.66,1670319.45
2026-01-30 19:00:00+00:00,31.715,32.898,31.567,32.099,3052736.6,1500147.37
2026-01-30 20:00:00+00:00,32.099,32.123,31.021,31.041,2286258.16,1083947.13
2026-01-30 21:00:00+00:00,31.038,31.537,30.945,31.094,1074386.69,591477.61
2026-01-30 22:00:00+00:00,31.095,31.274,30.725,31.216,612994.51,310949.32
2026-01-30 23:00:00+00:00,31.214,31.23,30.32,30.623,787915.48,342465.19
2026-01-31 00:00:00+00:00,30.623,31.384,30.534,31.004,812441.33,445363.03
2026-01-31 01:00:00+00:00,31.003,31.572,30.947,31.466,790781.0,423619.77
2026-01-31 02:00:00+00:00,31.465,32.018,30.94,31.828,981233.99,504606.58
2026-01-31 03:00:00+00:00,31.829,32.15,31.529,31.677,784057.98,411364.48
2026-01-31 04:00:00+00:00,31.678,31.876,31.055,31.17,640596.98,330707.4
2026-01-31 05:00:00+00:00,31.17,31.331,30.852,31.206,821519.91,406673.59
2026-01-31 06:00:00+00:00,31.205,31.291,30.449,30.642,752445.73,323346.9
2026-01-31 07:00:00+00:00,30.641,30.879,30.464,30.653,565176.39,288061.74
2026-01-31 08:00:00+00:00,30.652,30.932,30.34,30.667,1099503.85,532607.98
2026-01-31 09:00:00+00:00,30.667,30.728,30.024,30.094,1045022.94,493819.21
2026-01-31 10:00:00+00:00,30.093,30.444,29.8,30.294,579980.0,280529.04
2026-01-31 11:00:00+00:00,30.293,30.559,29.959,30.27,830382.64,413108.37
2026-01-31 12:00:00+00:00,30.268,30.498,30.075,30.248,565805.88,273357.77
2026-01-31 13:00:00+00:00,30.249,30.418,29.881,30.116,664990.24,322164.76
2026-01-31 14:00:00+00:00,30.116,30.231,28.712,29.336,3014037.31,1366616.7
2026-01-31 15:00:00+00:00,29.336,29.388,28.474,28.68,1323775.05,607388.46
2026-01-31 16:00:00+00:00,28.681,28.82,28.015,28.276,2256831.0,1067341.83
2026-01-31 17:00:00+00:00,28.274,28.748,27.455,28.649,3161447.01,1458236.56
2026-01-31 18:00:00+00:00,28.649,30.0,27.417,29.15,3550544.25,1843190.89
2026-01-31 19:00:00+00:00,29.152,29.973,28.57,29.079,2655228.18,1286815.39
2026-01-31 20:00:00+00:00,29.08,29.5,28.631,29.461,1253855.05,648491.67
2026-01-31 21:00:00+00:00,29.461,30.395,29.445,30.035,1564004.31,748266.65
2026-01-31 22:00:00+00:00,30.034,30.576,29.854,30.398,726554.85,359785.02
2026-01-31 23:00:00+00:00,30.399,31.181,30.149,31.012,1408303.66,739224.39
2026-02-01 00:00:00+00:00,31.011,32.464,30.959,32.317,2257776.85,1276427.58
2026-02-01 01:00:00+00:00,32.316,32.59,31.658,31.845,1617787.69,795047.99
2026-02-01 02:00:00+00:00,31.845,32.468,31.341,32.164,1584727.18,805533.61
2026-02-01 03:00:00+00:00,32.164,32.248,31.329,31.469,1186770.62,538937.6
2026-02-01 04:00:00+00:00,31.47,32.024,31.45,31.703,766887.55,408148.9
2026-02-01 05:00:00+00:00,31.704,31.755,30.726,30.815,1175967.1,431874.56
2026-02-01 06:00:00+00:00,30.815,30.878,30.311,30.515,970921.07,440383.64
2026-02-01 07:00:00+00:00,30.515,30.934,30.221,30.701,937664.72,521310.72
2026-02-01 08:00:00+00:00,30.702,31.074,30.55,30.949,789865.18,367741.9
2026-02-01 09:00:00+00:00,30.945,31.449,30.811,31.352,1219318.43,569019.79
2026-02-01 10:00:00+00:00,31.355,31.563,30.223,30.382,1125055.79,481152.51
2026-02-01 11:00:00+00:00,30.384,31.218,30.373,30.964,887923.67,476990.63
2026-02-01 12:00:00+00:00,30.964,31.092,30.331,30.337,971049.68,436627.38
2026-02-01 13:00:00+00:00,30.338,30.52,29.421,29.489,1482339.85,586605.85
2026-02-01 14:00:00+00:00,29.488,29.683,28.92,29.126,1607267.65,752823.29
2026-02-01 15:00:00+00:00,29.127,29.231,28.455,28.994,1770243.9,883738.54
2026-02-01 16:00:00+00:00,28.996,29.489,28.771,29.432,1290114.06,643880.81
2026-02-01 17:00:00+00:00,29.432,29.741,29.188,29.612,1063245.54,501914.68
2026-02-01 18:00:00+00:00,29.613,30.266,29.613,29.924,1214181.46,635128.4
2026-02-01 19:00:00+00:00,29.924,29.988,29.145,29.418,808651.17,349216.57
2026-02-01 20:00:00+00:00,29.417,29.874,29.032,29.643,953602.59,473053.76
2026-02-01 21:00:00+00:00,29.643,30.189,28.931,30.182,1168045.17,600294.78
2026-02-01 22:00:00+00:00,30.182,30.469,29.77,30.081,1062373.56,579478.7
2026-02-01 23:00:00+00:00,30.081,31.202,29.319,30.573,2401199.05,1219338.28
2026-02-02 00:00:00+00:00,30.573,31.832,30.43,30.993,1700482.77,912511.72
2026-02-02 01:00:00+00:00,30.994,31.658,30.544,31.229,1169465.01,542877.17
2026-02-02 02:00:00+00:00,31.229,31.55,31.041,31.223,967495.35,469857.61
2026-02-02 03:00:00+00:00,31.223,32.089,30.089,31.997,3184571.76,1483998.03
2026-02-02 04:00:00+00:00,31.999,32.047,30.918,31.205,1606716.23,743347.85
2026-02-02 05:00:00+00:00,31.206,31.247,30.45,30.81,2027245.09,902857.39
2026-02-02 06:00:00+00:00,30.809,30.9,29.492,30.304,2234360.61,1010800.18
2026-02-02 07:00:00+00:00,30.305,31.515,29.806,31.221,1630144.6,836171.43
2026-02-02 08:00:00+00:00,31.223,31.571,30.693,30.917,822371.81,388505.16
2026-02-02 09:00:00+00:00,30.917,31.411,30.544,31.073,821108.12,390086.18
2026-02-02 10:00:00+00:00,31.073,31.636,30.905,30.955,912592.32,465803.71
2026-02-02 11:00:00+00:00,30.955,31.543,30.876,30.92,696991.16,355307.59
2026-02-02 12:00:00+00:00,30.923,31.156,30.57,30.913,662545.33,339925.61
2026-02-02 13:00:00+00:00,30.912,31.076,30.415,30.902,645959.34,314413.41
2026-02-02 14:00:00+00:00,30.902,33.382,30.602,31.889,4663438.97,2367869.82
2026-02-02 15:00:00+00:00,31.889,32.732,31.591,32.725,2136483.8,1074217.97
2026-02-02 16:00:00+00:00,32.725,33.735,32.477,32.624,2534430.4,1189841.82
2026-02-02 17:00:00+00:00,32.626,33.47,32.574,32.698,1221265.29,599019.52
2026-02-02 18:00:00+00:00,32.697,32.714,31.616,32.095,1344530.39,590716.95
2026-02-02 19:00:00+00:00,32.095,32.544,31.928,32.467,955807.71,500548.18
2026-02-02 20:00:00+00:00,32.466,33.131,32.224,32.27,1125995.23,483278.46
2026-02-02 21:00:00+00:00,32.271,33.394,32.202,33.298,822714.59,424511.38
2026-02-02 22:00:00+00:00,33.298,33.958,33.287,33.935,1020447.46,484740.88
2026-02-02 23:00:00+00:00,33.935,33.951,33.201,33.282,1031061.06,475825.95
2026-02-03 00:00:00+00:00,33.281,34.166,33.124,34.082,996111.58,520753.44
2026-02-03 01:00:00+00:00,34.083,35.523,33.806,35.413,2331500.24,1266568.72
2026-02-03 02:00:00+00:00,35.414,36.242,35.175,35.854,2988572.87,1635396.11
2026-02-03 03:00:00+00:00,35.854,38.236,35.636,37.92,4525702.48,2435317.15
2026-02-03 04:00:00+00:00,37.92,38.483,37.375,37.849,2726833.46,1376062.52
2026-02-03 05:00:00+00:00,37.848,37.848,36.925,37.218,1998982.77,930885.62
2026-02-03 06:00:00+00:00,37.217,37.596,36.71,37.044,1462056.68,783972.83
2026-02-03 07:00:00+00:00,37.045,37.454,36.78,37.286,969531.68,522822.84
2026-02-03 08:00:00+00:00,37.286,37.988,36.866,37.56,1199910.9,655718.81
2026-02-03 09:00:00+00:00,37.56,37.616,36.311,37.066,1979747.16,884663.58
2026-02-03 10:00:00+00:00,37.067,37.183,35.7,36.034,1708242.92,741707.53
2026-02-03 11:00:00+00:00,36.033,36.498,35.907,36.07,1032430.32,503630.36
2026-02-03 12:00:00+00:00,36.071,36.43,35.74,36.081,1110483.11,548467.49
2026-02-03 13:00:00+00:00,36.079,36.277,35.515,36.177,1420514.17,679641.1
2026-02-03 14:00:00+00:00,36.176,36.394,34.843,34.924,2381648.12,1053484.82
2026-02-03 15:00:00+00:00,34.924,35.017,33.5,34.184,5682503.13,2351731.0
2026-02-03 16:00:00+00:00,34.19,34.203,32.747,33.599,3143881.08,1351410.22
2026-02-03 17:00:00+00:00,33.601,33.757,32.269,32.306,2299203.27,1039653.12
2026-02-03 18:00:00+00:00,32.306,33.304,32.245,32.581,2693500.28,1392444.88
2026-02-03 19:00:00+00:00,32.581,34.698,32.575,33.859,4245583.23,2381605.12
2026-02-03 20:00:00+00:00,33.859,35.458,33.516,35.373,2575862.23,1516793.92
2026-02-03 21:00:00+00:00,35.374,35.728,33.517,33.871,2030315.82,899655.34
2026-02-03 22:00:00+00:00,33.87,33.998,32.832,33.064,1286473.41,492620.05
2026-02-03 23:00:00+00:00,33.066,33.428,32.483,32.695,1338025.66,593302.39
2026-02-04 00:00:00+00:00,32.695,33.542,32.375,32.973,1443184.02,742790.16
2026-02-04 01:00:00+00:00,32.973,33.831,32.826,32.991,1018356.98,518549.65
2026-02-04 02:00:00+00:00,32.991,33.5,32.537,32.729,950354.55,424035.93
2026-02-04 03:00:00+00:00,32.729,33.732,32.7,33.671,870662.69,481811.26
2026-02-04 04:00:00+00:00,33.671,33.909,33.389,33.509,757793.54,363544.75
2026-02-04 05:00:00+00:00,33.508,34.042,32.848,33.08,946983.18,430698.45
2026-02-04 06:00:00+00:00,33.082,33.906,33.051,33.857,893046.34,521630.39
2026-02-04 07:00:00+00:00,33.856,33.864,33.302,33.37,711289.03,330160.3
2026-02-04 08:00:00+00:00,33.371,33.423,32.95,33.158,1176629.81,551341.61
2026-02-04 09:00:00+00:00,33.155,33.448,32.814,33.351,820186.19,391504.86
2026-02-04 10:00:00+00:00,33.351,33.536,33.069,33.128,490560.24,241375.62
2026-02-04 11:00:00+00:00,33.128,33.624,32.516,33.319,945317.2,452785.54
2026-02-04 12:00:00+00:00,33.32,33.874,33.279,33.633,896329.47,407455.68
2026-02-04 13:00:00+00:00,33.632,33.815,32.677,32.678,985518.97,439172.11
2026-02-04 14:00:00+00:00,32.676,33.613,32.469,33.007,1755339.03,829721.07
2026-02-04 15:00:00+00:00,33.008,34.322,32.894,34.038,2903135.61,1533704.94
2026-02-04 16:00:00+00:00,34.038,35.067,33.969,34.588,2721717.59,1325235.47
2026-02-04 17:00:00+00:00,34.587,34.704,33.087,34.434,2492357.9,1138746.98
2026-02-04 18:00:00+00:00,34.434,35.038,33.804,34.359,2305161.55,1111077.02
2026-02-04 19:00:00+00:00,34.358,35.38,33.734,35.362,1505477.17,798441.5
2026-02-04 20:00:00+00:00,35.362,35.9,34.789,35.815,1347084.85,672193.14
2026-02-04 21:00:00+00:00,35.815,35.954,34.864,35.159,1337650.92,641088.14
2026-02-04 22:00:00+00:00,35.161,36.267,34.453,34.938,1539518.16,747127.62
2026-02-04 23:00:00+00:00,34.938,36.046,34.533,35.48,1243040.36,645939.8
2026-02-05 00:00:00+00:00,35.481,35.513,34.65,34.756,1028699.18,485904.37
2026-02-05 01:00:00+00:00,34.755,35.154,33.72,33.746,1475000.07,577256.08
2026-02-05 02:00:00+00:00,33.745,34.081,33.305,33.455,1255333.6,599836.82
2026-02-05 03:00:00+00:00,33.456,33.75,33.204,33.487,1077068.28,494832.69
2026-02-05 04:00:00+00:00,33.486,34.056,33.257,33.76,946456.65,519642.38
2026-02-05 05:00:00+00:00,33.761,34.0,33.445,33.524,858496.85,382666.46
2026-02-05 06:00:00+00:00,33.524,33.985,33.35,33.882,659711.53,340167.11
2026-02-05 07:00:00+00:00,33.882,34.746,33.807,34.213,1116398.05,609501.95
2026-02-05 08:00:00+00:00,34.213,35.263,34.096,34.716,1148745.32,582912.63
2026-02-05 09:00:00+00:00,34.716,35.297,34.566,34.747,886446.23,459879.25
2026-02-05 10:00:00+00:00,34.746,34.909,34.118,34.119,796773.32,387570.14
2026-02-05 11:00:00+00:00,34.119,34.375,32.6,32.905,2210329.9,938934.47
2026-02-05 12:00:00+00:00,32.903,33.05,31.086,32.217,3574316.7,1644930.72
2026-02-05 13:00:00+00:00,32.218,32.613,31.683,32.591,1262350.94,616059.71
2026-02-05 14:00:00+00:00,32.593,32.914,31.901,31.965,1551402.59,759693.96
2026-02-05 15:00:00+00:00,31.967,32.395,31.373,31.851,3189238.93,1514672.07
2026-02-05 16:00:00+00:00,31.851,33.085,31.056,32.876,2727427.95,1358596.54
2026-02-05 17:00:00+00:00,32.876,33.396,32.086,33.228,2285813.28,1137021.11
2026-02-05 18:00:00+00:00,33.228,33.275,32.094,32.832,1738628.21,874471.0
2026-02-05 19:00:00+00:00,32.828,33.04,32.259,32.52,981296.0,500117.73
2026-02-05 20:00:00+00:00,32.518,32.996,31.887,32.5,2110526.27,1043158.99
2026-02-05 21:00:00+00:00,32.501,33.764,32.107,33.133,2201215.94,1115218.88
2026-02-05 22:00:00+00:00,33.132,33.944,32.676,33.704,1361655.59,719868.28
2026-02-05 23:00:00+00:00,33.703,34.533,32.814,33.087,1743100.78,886469.05
2026-02-06 00:00:00+00:00,33.088,33.694,31.373,33.22,4059428.61,1921076.13
2026-02-06 01:00:00+00:00,33.219,36.792,33.168,36.327,3600765.76,1962593.41
2026-02-06 02:00:00+00:00,36.327,36.826,34.942,35.146,2785642.45,1303241.66
2026-02-06 03:00:00+00:00,35.146,35.433,34.597,34.756,1449062.39,689040.8
2026-02-06 04:00:00+00:00,34.756,35.337,34.468,34.787,1220003.52,659070.54
2026-02-06 05:00:00+00:00,34.786,35.321,34.151,35.102,1730057.51,850458.66
2026-02-06 06:00:00+00:00,35.102,35.572,33.451,33.667,1886637.53,869552.14
2026-02-06 07:00:00+00:00,33.666,33.968,32.868,32.916,1371519.15,637144.04
2026-02-06 08:00:00+00:00,32.915,33.143,32.368,32.478,1566439.58,787747.22
2026-02-06 09:00:00+00:00,32.478,33.399,32.2,33.049,1492509.74,753557.2
2026-02-06 10:00:00+00:00,33.05,33.827,32.9,33.761,946757.4,520857.08
2026-02-06 11:00:00+00:00,33.761,34.386,33.45,33.903,990762.19,551792.25
2026-02-06 12:00:00+00:00,33.903,34.554,33.6,34.381,882783.9,452235.68
2026-02-06 13:00:00+00:00,34.38,34.967,33.69,33.728,1557268.79,774858.71
2026-02-06 14:00:00+00:00,33.728,34.161,32.961,33.537,2121712.83,1044888.72
2026-02-06 15:00:00+00:00,33.539,33.891,32.301,32.449,2453343.19,1180686.47
2026-02-06 16:00:00+00:00,32.45,34.208,32.231,34.187,2446309.35,1326090.84
2026-02-06 17:00:00+00:00,34.186,34.537,32.975,33.32,1811953.21,885230.48
2026-02-06 18:00:00+00:00,33.32,33.511,32.668,32.86,1212767.33,561291.74
2026-02-06 19:00:00+00:00,32.861,33.318,32.565,33.254,722664.61,370751.69
2026-02-06 20:00:00+00:00,33.25,33.255,32.138,32.567,1270801.32,553993.04
2026-02-06 21:00:00+00:00,32.567,32.901,32.323,32.832,598693.65,288241.93
2026-02-06 22:00:00+00:00,32.831,33.103,32.668,32.85,413215.74,216348.16
2026-02-06 23:00:00+00:00,32.852,33.186,32.303,32.377,584320.21,274121.87
2026-02-07 00:00:00+00:00,32.376,32.473,31.713,31.93,1549408.8,660356.4
2026-02-07 01:00:00+00:00,31.923,32.494,31.507,32.343,1131238.37,547790.21
2026-02-07 02:00:00+00:00,32.342,32.794,32.158,32.269,893841.82,459030.12
2026-02-07 03:00:00+00:00,32.275,33.123,32.101,33.114,892207.53,488908.47
2026-02-07 04:00:00+00:00,33.114,33.326,32.388,32.527,986589.18,466947.58
2026-02-07 05:00:00+00:00,32.526,33.227,32.449,32.867,626998.2,344866.56
2026-02-07 06:00:00+00:00,32.868,33.226,32.739,32.845,556979.17,244874.8
2026-02-07 07:00:00+00:00,32.846,33.272,32.34,32.968,1155591.55,590511.72
2026-02-07 08:00:00+00:00,32.969,33.218,32.599,33.05,720411.75,345244.09
2026-02-07 09:00:00+00:00,33.05,33.858,32.96,33.258,883951.67,479244.33
2026-02-07 10:00:00+00:00,33.257,33.371,32.488,32.817,896472.49,412701.22
2026-02-07 11:00:00+00:00,32.816,33.0,32.482,32.736,460380.41,222906.59
2026-02-07 12:00:00+00:00,32.735,33.273,32.645,32.81,784556.27,403038.74
2026-02-07 13:00:00+00:00,32.811,33.1,32.35,32.477,580042.6,287456.75
2026-02-07 14:00:00+00:00,32.478,32.668,32.067,32.123,727281.13,344171.24
2026-02-07 15:00:00+00:00,32.122,32.445,31.877,32.062,841100.67,360344.97
2026-02-07 16:00:00+00:00,32.06,32.414,31.18,31.525,2382131.67,1151521.49
2026-02-07 17:00:00+00:00,31.524,31.766,31.2,31.617,682074.45,337867.41
2026-02-07 18:00:00+00:00,31.618,32.526,31.526,32.367,836453.58,463612.13
2026-02-07 19:00:00+00:00,32.367,32.373,31.442,31.549,613962.61,269009.16
2026-02-07 20:00:00+00:00,31.55,31.928,31.472,31.853,306777.82,166572.36
2026-02-07 21:00:00+00:00,31.854,32.066,31.548,31.639,273868.58,131672.63
2026-02-07 22:00:00+00:00,31.641,31.824,31.5,31.536,190470.68,94736.64
2026-02-07 23:00:00+00:00,31.537,31.559,31.003,31.401,697285.65,333895.2
2026-02-08 00:00:00+00:00,31.401,31.532,31.101,31.419,477598.31,229372.02
2026-02-08 01:00:00+00:00,31.419,31.957,31.419,31.73,547958.81,305497.47
2026-02-08 02:00:00+00:00,31.727,31.913,31.118,31.214,479157.39,255907.19
2026-02-08 03:00:00+00:00,31.214,31.458,30.931,31.311,509925.08,250579.02
2026-02-08 04:00:00+00:00,31.312,31.682,31.221,31.554,510690.55,225659.99
2026-02-08 05:00:00+00:00,31.555,31.895,31.445,31.491,395314.39,211393.81
2026-02-08 06:00:00+00:00,31.492,31.549,30.48,30.824,962878.88,413599.79
2026-02-08 07:00:00+00:00,30.824,31.184,30.708,31.03,735961.93,331761.44
2026-02-08 08:00:00+00:00,31.03,31.629,30.702,31.498,1062282.23,526514.77
2026-02-08 09:00:00+00:00,31.498,31.999,31.457,31.564,738474.84,390006.2
2026-02-08 10:00:00+00:00,31.564,31.88,31.374,31.693,477299.63,222872.61
2026-02-08 11:00:00+00:00,31.695,32.166,31.597,32.048,785641.92,444125.23
2026-02-08 12:00:00+00:00,32.048,32.264,31.263,31.547,889961.25,450001.09
2026-02-08 13:00:00+00:00,31.546,31.859,31.338,31.756,464074.22,225451.04
2026-02-08 14:00:00+00:00,31.755,31.83,31.412,31.503,330655.72,151603.22
2026-02-08 15:00:00+00:00,31.504,31.726,31.076,31.619,641249.04,306110.67
2026-02-08 16:00:00+00:00,31.618,31.994,31.396,31.802,683930.37,344893.34
2026-02-08 17:00:00+00:00,31.8,32.446,31.708,32.264,847517.83,441664.63
2026-02-08 18:00:00+00:00,32.265,32.911,32.215,32.567,673582.16,371867.01
2026-02-08 19:00:00+00:00,32.567,32.967,32.511,32.738,345962.48,191888.12
2026-02-08 20:00:00+00:00,32.739,32.886,32.273,32.353,353760.43,170851.8
2026-02-08 21:00:00+00:00,32.352,32.617,32.053,32.173,374911.17,159700.02
2026-02-08 22:00:00+00:00,32.173,32.427,32.037,32.321,193595.75,94975.84
2026-02-08 23:00:00+00:00,32.32,33.031,32.121,32.441,959672.33,531545.75
2026-02-09 00:00:00+00:00,32.441,33.039,32.226,32.955,525718.22,247868.96
2026-02-09 01:00:00+00:00,32.955,33.313,32.647,33.091,722158.25,357283.47
2026-02-09 02:00:00+00:00,33.09,33.281,32.808,32.946,505604.38,256459.95
2026-02-09 03:00:00+00:00,32.945,33.52,32.774,33.121,666824.6,339391.41
2026-02-09 04:00:00+00:00,33.121,33.253,32.681,32.813,460020.98,237814.23
2026-02-09 05:00:00+00:00,32.817,32.849,32.5,32.74,398689.53,170937.64
2026-02-09 06:00:00+00:00,32.739,32.77,32.506,32.574,370451.26,191783.65
2026-02-09 07:00:00+00:00,32.573,32.717,32.272,32.427,385508.23,154857.59
2026-02-09 08:00:00+00:00,32.426,32.528,31.92,32.289,660571.02,287662.22
2026-02-09 09:00:00+00:00,32.289,32.428,31.678,31.736,506243.58,238861.67
2026-02-09 10:00:00+00:00,31.736,31.868,31.28,31.638,783166.75,358812.84
2026-02-09 11:00:00+00:00,31.638,31.76,31.231,31.369,423531.76,203224.45
2026-02-09 12:00:00+00:00,31.37,31.616,31.317,31.388,363684.94,182776.01
2026-02-09 13:00:00+00:00,31.389,31.65,31.295,31.306,351396.38,151607.25
2026-02-09 14:00:00+00:00,31.305,32.099,31.154,31.944,983506.61,499183.95
2026-02-09 15:00:00+00:00,31.944,32.157,31.204,31.271,853147.84,368674.44
2026-02-09 16:00:00+00:00,31.271,31.574,30.902,31.536,1078969.05,546103.56
2026-02-09 17:00:00+00:00,31.536,31.995,31.269,31.91,746535.83,372594.85
2026-02-09 18:00:00+00:00,31.905,32.248,31.544,31.6,607922.99,290714.81
2026-02-09 19:00:00+00:00,31.599,32.094,31.369,32.057,371037.09,176803.6
2026-02-09 20:00:00+00:00,32.056,32.161,31.75,31.843,262136.45,117880.99
2026-02-09 21:00:00+00:00,31.844,31.898,31.266,31.596,484418.94,237029.96
2026-02-09 22:00:00+00:00,31.597,31.717,31.278,31.42,240436.8,125269.53
2026-02-09 23:00:00+00:00,31.42,31.453,31.224,31.329,203256.65,96367.09
2026-02-10 00:00:00+00:00,31.328,31.396,30.913,31.098,507845.94,249405.5
2026-02-10 01:00:00+00:00,31.098,31.518,31.077,31.499,356953.46,181284.41
2026-02-10 02:00:00+00:00,31.499,31.557,30.799,30.977,527125.54,252287.85
2026-02-10 03:00:00+00:00,30.978,30.999,30.586,30.78,557824.74,247823.63
2026-02-10 04:00:00+00:00,30.78,31.015,30.497,30.869,474404.62,193302.53
2026-02-10 05:00:00+00:00,30.869,30.87,30.27,30.419,546754.56,213259.79
2026-02-10 06:00:00+00:00,30.419,30.504,29.717,30.011,954516.15,362390.93
2026-02-10 07:00:00+00:00,30.011,30.15,29.884,30.008,511765.5,262651.72
2026-02-10 08:00:00+00:00,30.008,30.106,29.758,29.906,564558.77,252927.49
2026-02-10 09:00:00+00:00,29.907,30.295,29.901,30.074,433241.21,237178.45
2026-02-10 10:00:00+00:00,30.074,30.197,29.526,29.581,634969.13,267936.53
2026-02-10 11:00:00+00:00,29.582,29.902,29.504,29.54,489677.04,233599.11
2026-02-10 12:00:00+00:00,29.54,29.642,29.264,29.399,538320.4,246171.21
2026-02-10 13:00:00+00:00,29.397,30.008,29.302,29.929,586717.86,344358.61
2026-02-10 14:00:00+00:00,29.93,30.063,29.222,29.594,936480.74,495391.99
2026-02-10 15:00:00+00:00,29.594,29.926,29.502,29.802,532008.82,260367.06
2026-02-10 16:00:00+00:00,29.803,30.32,29.73,30.215,621977.54,329169.05
2026-02-10 17:00:00+00:00,30.215,30.532,30.016,30.372,416382.23,227120.17
2026-02-10 18:00:00+00:00,30.372,30.405,29.659,29.901,638178.54,282788.5
2026-02-10 19:00:00+00:00,29.9,29.917,29.57,29.837,275287.76,133748.38
2026-02-10 20:00:00+00:00,29.837,29.893,29.544,29.558,195031.96,91087.68
2026-02-10 21:00:00+00:00,29.558,29.621,29.135,29.507,546989.85,232960.01
2026-02-10 22:00:00+00:00,29.508,29.563,29.052,29.076,240350.83,105100.77
2026-02-10 23:00:00+00:00,29.075,29.191,28.751,28.842,749078.77,304519.23
2026-02-11 00:00:00+00:00,28.843,29.255,28.704,29.196,483138.15,250499.16
2026-02-11 01:00:00+00:00,29.195,29.227,28.905,29.126,303858.26,134179.94
2026-02-11 02:00:00+00:00,29.126,29.256,28.847,28.866,298801.71,146202.31
2026-02-11 03:00:00+00:00,28.867,28.978,28.688,28.791,489938.52,227018.25
2026-02-11 04:00:00+00:00,28.791,29.113,28.562,29.098,694260.75,333494.35
2026-02-11 05:00:00+00:00,29.099,29.372,29.011,29.035,413541.1,200110.19
2026-02-11 06:00:00+00:00,29.036,29.424,28.928,28.95,540673.2,286019.93
2026-02-11 07:00:00+00:00,28.949,28.999,28.653,28.74,451641.89,220098.11
2026-02-11 08:00:00+00:00,28.74,29.048,28.58,28.87,362830.23,176771.74
2026-02-11 09:00:00+00:00,28.87,28.978,28.433,28.568,368436.61,150894.5
2026-02-11 10:00:00+00:00,28.567,28.608,28.359,28.522,531098.66,228387.39
2026-02-11 11:00:00+00:00,28.522,29.297,28.472,29.093,687066.02,350452.78
2026-02-11 12:00:00+00:00,29.092,29.336,28.927,28.952,548768.8,270030.68
2026-02-11 13:00:00+00:00,28.951,29.194,28.833,29.15,447254.13,244445.9
2026-02-11 14:00:00+00:00,29.151,29.378,28.697,28.794,1066837.91,506231.3
2026-02-11 15:00:00+00:00,28.795,28.965,28.273,28.902,912801.11,452419.76
2026-02-11 16:00:00+00:00,28.902,29.497,28.899,29.294,831654.52,430977.79
2026-02-11 17:00:00+00:00,29.293,29.8,29.097,29.448,770897.59,404221.71
2026-02-11 18:00:00+00:00,29.448,29.79,29.252,29.747,358102.77,176119.45
2026-02-11 19:00:00+00:00,29.75,29.763,29.397,29.513,298785.38,131696.39
2026-02-11 20:00:00+00:00,29.512,30.198,29.455,30.046,456735.09,271191.61
2026-02-11 21:00:00+00:00,30.045,30.199,29.862,29.957,357994.36,172609.72
2026-02-11 22:00:00+00:00,29.958,29.968,29.507,29.53,315459.48,135565.21
2026-02-11 23:00:00+00:00,29.531,29.554,29.173,29.38,506037.97,239302.71
2026-02-12 00:00:00+00:00,29.38,29.971,29.366,29.896,427987.71,225651.59
2026-02-12 01:00:00+00:00,29.896,30.47,29.856,30.411,509886.01,299096.59
2026-02-12 02:00:00+00:00,30.409,30.949,30.269,30.814,799722.42,445205.8
2026-02-12 03:00:00+00:00,30.814,30.891,30.516,30.54,391817.96,204706.7
2026-02-12 04:00:00+00:00,30.539,30.7,30.223,30.314,364131.53,154372.93
2026-02-12 05:00:00+00:00,30.313,30.411,30.08,30.338,341720.98,164513.88
2026-02-12 06:00:00+00:00,30.337,30.651,30.212,30.48,344737.01,201536.68
2026-02-12 07:00:00+00:00,30.479,30.51,29.965,30.223,418791.4,188272.38
2026-02-12 08:00:00+00:00,30.223,30.441,30.108,30.418,362759.24,166020.38
2026-02-12 09:00:00+00:00,30.418,30.869,30.355,30.755,702599.52,383250.68
2026-02-12 10:00:00+00:00,30.755,30.883,30.57,30.787,420149.34,222913.11
2026-02-12 11:00:00+00:00,30.786,31.797,30.715,31.624,1187800.57,670700.38
2026-02-12 12:00:00+00:00,31.623,31.824,30.939,30.991,823983.96,356285.45
2026-02-12 13:00:00+00:00,30.99,31.361,30.631,31.359,812864.6,432150.36
2026-02-12 14:00:00+00:00,31.358,31.437,30.862,31.372,774982.19,394039.35
2026-02-12 15:00:00+00:00,31.372,31.526,30.728,30.78,971685.77,438629.43
2026-02-12 16:00:00+00:00,30.781,30.903,29.755,29.984,1469499.99,576427.49
2026-02-12 17:00:00+00:00,29.988,30.169,29.381,29.525,877438.2,389552.23
2026-02-12 18:00:00+00:00,29.524,29.663,29.281,29.564,603821.04,288013.39
2026-02-12 19:00:00+00:00,29.564,30.127,29.549,29.735,611067.6,311949.93
2026-02-12 20:00:00+00:00,29.736,29.811,29.371,29.707,383373.73,195319.1
2026-02-12 21:00:00+00:00,29.706,29.91,29.532,29.818,320410.61,150619.9
2026-02-12 22:00:00+00:00,29.817,30.486,29.806,30.447,294226.34,176155.69
2026-02-12 23:00:00+00:00,30.446,31.127,30.338,31.09,764642.85,413886.18
2026-02-13 00:00:00+00:00,31.089,31.36,30.545,30.546,779723.35,350614.37
2026-02-13 01:00:00+00:00,30.546,30.851,30.415,30.837,418852.89,224577.24
2026-02-13 02:00:00+00:00,30.836,31.409,30.746,31.345,487298.93,251440.77
2026-02-13 03:00:00+00:00,31.346,31.374,30.698,30.749,330653.49,141762.21
2026-02-13 04:00:00+00:00,30.748,30.97,30.621,30.742,252036.24,126008.11
2026-02-13 05:00:00+00:00,30.742,30.886,30.586,30.635,202176.34,100391.83
2026-02-13 06:00:00+00:00,30.634,30.822,30.525,30.642,200933.18,108178.12
2026-02-13 07:00:00+00:00,30.642,30.888,30.461,30.715,339337.83,162107.58
2026-02-13 08:00:00+00:00,30.715,30.775,30.423,30.643,371480.79,192541.79
2026-02-13 09:00:00+00:00,30.643,30.655,30.186,30.369,477165.58,207664.31
2026-02-13 10:00:00+00:00,30.369,30.656,30.25,30.55,268280.48,147805.48
2026-02-13 11:00:00+00:00,30.551,30.622,30.2,30.529,391510.31,186121.26
2026-02-13 12:00:00+00:00,30.528,30.528,29.953,30.262,465930.12,217023.74
2026-02-13 13:00:00+00:00,30.262,31.0,30.227,30.57,904568.45,464210.37
2026-02-13 14:00:00+00:00,30.57,31.141,30.254,30.85,793059.31,408254.74
2026-02-13 15:00:00+00:00,30.851,32.344,30.836,31.549,1782702.59,994272.08
2026-02-13 16:00:00+00:00,31.533,32.132,31.379,31.64,913804.42,452016.39
2026-02-13 17:00:00+00:00,31.641,32.049,31.493,31.852,431171.2,203420.3
2026-02-13 18:00:00+00:00,31.853,32.122,31.717,31.949,628418.97,292082.54
2026-02-13 19:00:00+00:00,31.948,31.978,31.312,31.392,426733.09,185176.4
2026-02-13 20:00:00+00:00,31.392,31.41,31.005,31.121,471136.09,244402.24
2026-02-13 21:00:00+00:00,31.12,31.543,31.11,31.485,316838.85,193427.08
2026-02-13 22:00:00+00:00,31.484,31.599,31.367,31.517,228220.13,118883.03
2026-02-13 23:00:00+00:00,31.516,31.75,31.511,31.563,157077.83,79719.2
2026-02-14 00:00:00+00:00,31.564,31.994,31.458,31.94,297851.7,189718.41
2026-02-14 01:00:00+00:00,31.94,32.236,31.775,32.132,299935.2,152107.92
2026-02-14 02:00:00+00:00,32.131,32.249,31.705,31.752,307793.21,130073.32
2026-02-14 03:00:00+00:00,31.753,32.064,31.692,31.901,208067.93,117891.62
2026-02-14 04:00:00+00:00,31.9,31.914,31.36,31.48,382497.93,156497.24
2026-02-14 05:00:00+00:00,31.481,31.62,31.287,31.308,249133.59,117660.85
2026-02-14 06:00:00+00:00,31.309,31.588,31.24,31.511,345399.33,185252.75
2026-02-14 07:00:00+00:00,31.51,31.872,31.503,31.775,320514.14,190007.32
2026-02-14 08:00:00+00:00,31.775,31.949,31.53,31.704,322849.96,162242.69
2026-02-14 09:00:00+00:00,31.703,31.753,31.469,31.616,251491.6,118984.94
2026-02-14 10:00:00+00:00,31.616,31.924,31.5,31.793,248535.58,110441.99
2026-02-14 11:00:00+00:00,31.793,32.295,31.781,32.095,571154.5,309293.42
2026-02-14 12:00:00+00:00,32.094,32.209,31.36,31.394,596650.06,257363.84
2026-02-14 13:00:00+00:00,31.394,31.469,30.959,31.038,621759.78,268913.81
2026-02-14 14:00:00+00:00,31.036,31.486,31.025,31.362,404758.6,215044.38
2026-02-14 15:00:00+00:00,31.362,31.525,31.272,31.452,248808.31,133347.11
2026-02-14 16:00:00+00:00,31.453,31.475,31.003,31.304,407083.7,171013.66
2026-02-14 17:00:00+00:00,31.304,31.529,30.703,30.872,506773.98,200906.71
2026-02-14 18:00:00+00:00,30.872,31.082,30.717,31.019,299892.45,160557.57
2026-02-14 19:00:00+00:00,31.018,31.494,30.925,31.458,273171.7,134989.51
2026-02-14 20:00:00+00:00,31.458,31.807,31.348,31.767,443583.61,194141.82
2026-02-14 21:00:00+00:00,31.768,31.882,31.409,31.606,349596.71,147554.34
2026-02-14 22:00:00+00:00,31.604,31.744,31.481,31.597,166459.14,77887.64
2026-02-14 23:00:00+00:00,31.597,31.952,31.519,31.835,316112.69,156247.3
2026-02-15 00:00:00+00:00,31.832,31.954,31.66,31.914,311953.96,150138.21
2026-02-15 01:00:00+00:00,31.914,32.005,31.17,31.413,550973.2,227315.47
2026-02-15 02:00:00+00:00,31.413,31.532,31.181,31.482,233175.91,123482.68
2026-02-15 03:00:00+00:00,31.482,31.63,31.135,31.421,286801.2,141594.18
2026-02-15 04:00:00+00:00,31.421,31.798,31.405,31.64,509013.78,253894.36
2026-02-15 05:00:00+00:00,31.64,31.806,31.622,31.662,170623.5,78312.75
2026-02-15 06:00:00+00:00,31.662,31.662,31.222,31.352,277155.56,133989.83
2026-02-15 07:00:00+00:00,31.352,31.463,31.213,31.337,378008.57,227233.58
2026-02-15 08:00:00+00:00,31.337,31.473,30.68,30.917,768524.78,314034.15
2026-02-15 09:00:00+00:00,30.916,31.184,30.854,31.132,223173.67,124703.64
2026-02-15 10:00:00+00:00,31.131,31.436,30.96,31.341,304515.59,135614.2
2026-02-15 11:00:00+00:00,31.341,31.655,31.312,31.472,342340.46,131191.33
2026-02-15 12:00:00+00:00,31.474,31.67,31.072,31.082,482905.22,195111.34
2026-02-15 13:00:00+00:00,31.082,31.299,30.476,30.679,776948.22,316802.5
2026-02-15 14:00:00+00:00,30.679,31.014,30.592,30.955,365613.25,189775.5
2026-02-15 15:00:00+00:00,30.955,31.043,30.785,30.943,161888.2,75694.83
2026-02-15 16:00:00+00:00,30.945,31.146,30.691,31.092,304316.37,147256.61
2026-02-15 17:00:00+00:00,31.093,31.106,30.634,31.016,324423.18,159747.48
2026-02-15 18:00:00+00:00,31.014,31.056,30.511,30.671,336566.27,137444.12
2026-02-15 19:00:00+00:00,30.671,30.71,30.421,30.562,313597.61,145196.04
2026-02-15 20:00:00+00:00,30.562,30.644,30.327,30.49,180083.75,79853.03
2026-02-15 21:00:00+00:00,30.493,30.694,30.326,30.411,191051.77,97719.7
2026-02-15 22:00:00+00:00,30.412,30.633,30.359,30.559,117825.86,50316.17
2026-02-15 23:00:00+00:00,30.559,30.712,30.235,30.699,284604.01,155338.91
2026-02-16 00:00:00+00:00,30.698,30.959,30.45,30.461,338627.85,145624.52
2026-02-16 01:00:00+00:00,30.462,30.505,30.086,30.272,390411.62,162878.95
2026-02-16 02:00:00+00:00,30.272,30.413,30.0,30.055,293731.41,113910.22
2026-02-16 03:00:00+00:00,30.056,30.31,30.014,30.301,238932.01,129742.67
2026-02-16 04:00:00+00:00,30.301,30.354,30.029,30.036,155022.37,71087.5
2026-02-16 05:00:00+00:00,30.036,30.07,29.564,29.797,662583.56,235361.66
2026-02-16 06:00:00+00:00,29.797,29.923,29.751,29.842,176272.06,87809.13
2026-02-16 07:00:00+00:00,29.843,29.987,29.528,29.662,288168.96,122109.92
2026-02-16 08:00:00+00:00,29.663,29.898,29.634,29.741,261919.44,128870.5
2026-02-16 09:00:00+00:00,29.742,30.073,29.741,29.825,333921.4,159953.02
2026-02-16 10:00:00+00:00,29.823,30.163,29.773,29.946,246080.2,137398.86
2026-02-16 11:00:00+00:00,29.946,30.04,29.597,29.926,389973.07,193697.27
2026-02-16 12:00:00+00:00,29.926,30.596,29.89,30.412,530961.51,293211.39
2026-02-16 13:00:00+00:00,30.412,30.613,30.142,30.29,733049.89,281307.81
2026-02-16 14:00:00+00:00,30.289,30.54,30.14,30.329,446479.98,229412.33
2026-02-16 15:00:00+00:00,30.33,30.502,29.56,29.815,813601.02,352860.7
2026-02-16 16:00:00+00:00,29.815,30.063,29.711,29.92,341627.1,173208.08
2026-02-16 17:00:00+00:00,29.919,30.012,29.673,29.844,252989.62,125591.8
2026-02-16 18:00:00+00:00,29.843,30.026,29.753,29.862,280386.44,142601.59
2026-02-16 19:00:00+00:00,29.865,30.035,29.827,29.87,160828.39,85522.67
2026-02-16 20:00:00+00:00,29.869,30.411,29.829,30.286,274642.25,156804.9
2026-02-16 21:00:00+00:00,30.286,30.618,30.102,30.602,499152.8,273539.43
2026-02-16 22:00:00+00:00,30.602,30.877,30.52,30.726,361139.04,173649.1
2026-02-16 23:00:00+00:00,30.726,31.274,30.654,31.246,493083.44,317075.19
2026-02-17 00:00:00+00:00,31.247,31.415,31.072,31.277,504682.52,275246.3
2026-02-17 01:00:00+00:00,31.277,31.398,30.937,31.03,330486.8,155089.83
2026-02-17 02:00:00+00:00,31.03,31.273,30.918,31.01,279616.38,143071.85
2026-02-17 03:00:00+00:00,31.008,31.054,30.761,30.86,213483.75,96162.32
2026-02-17 04:00:00+00:00,30.86,31.067,30.663,30.681,311393.1,142024.66
2026-02-17 05:00:00+00:00,30.682,30.704,30.128,30.214,505637.84,233055.85
2026-02-17 06:00:00+00:00,30.215,30.409,30.155,30.26,235150.51,138398.56
2026-02-17 07:00:00+00:00,30.26,30.317,30.02,30.128,237547.95,103912.67
2026-02-17 08:00:00+00:00,30.128,30.234,29.754,29.768,491952.74,236570.1
2026-02-17 09:00:00+00:00,29.769,30.149,29.736,29.871,397023.14,260732.69
2026-02-17 10:00:00+00:00,29.871,29.924,29.578,29.646,235010.09,101381.95
2026-02-17 11:00:00+00:00,29.648,29.777,29.233,29.356,387521.78,165000.81
2026-02-17 12:00:00+00:00,29.355,29.626,29.291,29.476,295063.86,180466.72
2026-02-17 13:00:00+00:00,29.476,29.773,29.345,29.684,293317.18,165539.31
2026-02-17 14:00:00+00:00,29.685,29.841,29.024,29.18,705532.94,289692.19
2026-02-17 15:00:00+00:00,29.18,29.7,29.011,29.567,682951.27,353837.71
2026-02-17 16:00:00+00:00,29.568,30.139,29.556,29.868,654553.48,357909.99
2026-02-17 17:00:00+00:00,29.868,30.079,29.249,29.359,543376.85,203292.75
2026-02-17 18:00:00+00:00,29.359,29.748,29.261,29.638,373532.93,188451.69
2026-02-17 19:00:00+00:00,29.639,29.742,29.477,29.535,172001.91,77256.63
2026-02-17 20:00:00+00:00,29.535,29.7,29.338,29.682,211250.46,92048.55
2026-02-17 21:00:00+00:00,29.678,29.913,29.642,29.864,157766.04,79198.76
2026-02-17 22:00:00+00:00,29.863,29.911,29.545,29.565,109074.35,39453.48
2026-02-17 23:00:00+00:00,29.564,29.645,29.445,29.502,136471.53,65506.14
2026-02-18 00:00:00+00:00,29.503,29.605,29.036,29.088,359834.51,126536.05
2026-02-18 01:00:00+00:00,29.088,29.136,28.817,29.063,389248.76,158791.09
2026-02-18 02:00:00+00:00,29.063,29.211,29.031,29.169,153698.09,80997.19
2026-02-18 03:00:00+00:00,29.168,29.449,29.116,29.267,213974.83,114606.26
2026-02-18 04:00:00+00:00,29.268,29.413,29.198,29.328,153260.68,67142.47
2026-02-18 05:00:00+00:00,29.327,29.42,29.263,29.347,136068.54,70834.88
2026-02-18 06:00:00+00:00,29.347,29.499,29.334,29.47,160016.63,80392.1
2026-02-18 07:00:00+00:00,29.47,29.715,29.401,29.653,324697.43,184560.37
2026-02-18 08:00:00+00:00,29.653,29.779,29.409,29.467,368227.91,171030.82
2026-02-18 09:00:00+00:00,29.468,29.58,29.293,29.343,231322.82,110736.23
2026-02-18 10:00:00+00:00,29.343,29.439,28.92,29.082,541485.7,266865.94
2026-02-18 11:00:00+00:00,29.081,29.122,28.8,28.889,461768.29,190503.38
2026-02-18 12:00:00+00:00,28.889,29.194,28.834,29.128,257941.25,147132.46
2026-02-18 13:00:00+00:00,29.129,29.394,28.913,29.116,714900.48,340501.94
2026-02-18 14:00:00+00:00,29.118,29.234,28.528,28.858,853403.06,372805.75
2026-02-18 15:00:00+00:00,28.857,29.591,28.853,29.201,733133.79,348803.58
2026-02-18 16:00:00+00:00,29.201,29.283,28.768,28.827,472815.18,209311.02
2026-02-18 17:00:00+00:00,28.827,29.01,28.557,28.794,322759.44,157745.75
2026-02-18 18:00:00+00:00,28.794,28.904,28.565,28.592,439995.57,180995.64
2026-02-18 19:00:00+00:00,28.591,28.826,28.4,28.74,518738.81,202398.86
2026-02-18 20:00:00+00:00,28.741,28.962,28.6,28.731,242207.31,115571.77
2026-02-18 21:00:00+00:00,28.733,28.799,28.472,28.476,273527.53,114125.44
2026-02-18 22:00:00+00:00,28.476,28.617,28.21,28.544,321649.7,133787.45
2026-02-18 23:00:00+00:00,28.545,28.719,28.464,28.672,211327.04,94410.95
2026-02-19 00:00:00+00:00,28.675,28.691,28.227,28.339,317428.84,124616.5
2026-02-19 01:00:00+00:00,28.339,28.636,28.322,28.488,225133.86,122817.66
2026-02-19 02:00:00+00:00,28.488,28.637,28.399,28.536,146923.36,83142.49
2026-02-19 03:00:00+00:00,28.537,28.785,28.48,28.737,184824.03,109048.89
2026-02-19 04:00:00+00:00,28.737,28.89,28.582,28.671,204197.25,95576.41
2026-02-19 05:00:00+00:00,28.672,28.743,28.512,28.612,102986.49,43670.95
2026-02-19 06:00:00+00:00,28.612,28.804,28.607,28.782,139211.72,71466.75
2026-02-19 07:00:00+00:00,28.783,29.198,28.747,29.184,483364.32,300661.18
2026-02-19 08:00:00+00:00,29.184,29.209,28.873,28.929,237315.05,98711.43
2026-02-19 09:00:00+00:00,28.93,29.065,28.623,28.665,337549.0,167349.11
2026-02-19 10:00:00+00:00,28.666,28.745,28.412,28.471,252468.63,109873.4
2026-02-19 11:00:00+00:00,28.47,28.514,28.281,28.388,405960.88,182493.12
2026-02-19 12:00:00+00:00,28.387,28.398,28.05,28.142,405698.54,164877.74
2026-02-19 13:00:00+00:00,28.143,28.3,27.912,27.982,630240.58,254366.68
2026-02-19 14:00:00+00:00,27.982,28.321,27.69,28.055,991024.16,480482.45
2026-02-19 15:00:00+00:00,28.049,28.454,28.026,28.353,397934.61,199964.04
2026-02-19 16:00:00+00:00,28.353,28.485,28.143,28.336,289034.72,139584.23
2026-02-19 17:00:00+00:00,28.337,28.6,28.232,28.381,262589.28,128323.85
2026-02-19 18:00:00+00:00,28.381,28.934,28.309,28.784,337823.97,192833.29
2026-02-19 19:00:00+00:00,28.783,28.796,28.546,28.674,247043.33,122323.74
2026-02-19 20:00:00+00:00,28.673,29.114,28.63,29.035,329855.94,175042.79
2026-02-19 21:00:00+00:00,29.033,29.41,28.957,29.14,320918.91,157039.7
2026-02-19 22:00:00+00:00,29.14,29.169,28.813,28.94,218353.7,106801.86
2026-02-19 23:00:00+00:00,28.939,29.097,28.859,29.0,125785.51,66725.85
2026-02-20 00:00:00+00:00,28.999,29.321,28.968,29.261,317122.63,188245.32
2026-02-20 01:00:00+00:00,29.26,29.591,29.224,29.478,424160.9,209954.95
2026-02-20 02:00:00+00:00,29.478,29.492,29.288,29.404,137755.15,61954.2
2026-02-20 03:00:00+00:00,29.403,29.524,29.224,29.488,251170.37,130322.49
2026-02-20 04:00:00+00:00,29.488,29.509,29.259,29.344,239763.6,121238.09
2026-02-20 05:00:00+00:00,29.345,29.523,29.174,29.48,303196.58,143414.76
2026-02-20 06:00:00+00:00,29.48,29.5,29.198,29.318,264038.2,97698.14
2026-02-20 07:00:00+00:00,29.318,29.329,29.003,29.058,414625.08,231962.41
2026-02-20 08:00:00+00:00,29.058,29.183,28.927,29.032,274166.74,111308.93
2026-02-20 09:00:00+00:00,29.032,29.386,29.032,29.335,246359.66,141134.4
2026-02-20 10:00:00+00:00,29.335,29.743,29.329,29.55,500400.51,261004.54
2026-02-20 11:00:00+00:00,29.551,29.649,29.331,29.398,283043.0,136706.82
2026-02-20 12:00:00+00:00,29.398,29.483,29.166,29.395,269643.06,132801.55
2026-02-20 13:00:00+00:00,29.395,29.405,28.612,28.783,617414.46,283186.82
2026-02-20 14:00:00+00:00,28.783,29.05,28.608,28.888,515890.19,237161.04
2026-02-20 15:00:00+00:00,28.889,29.907,28.878,29.831,1168918.12,624260.14
2026-02-20 16:00:00+00:00,29.831,30.361,29.689,30.104,976215.58,523299.81
2026-02-20 17:00:00+00:00,30.103,30.133,29.516,29.937,642873.16,332621.75
2026-02-20 18:00:00+00:00,29.937,30.086,29.515,30.077,468273.3,206115.64
2026-02-20 19:00:00+00:00,30.077,30.142,29.827,30.075,299278.2,135720.18
2026-02-20 20:00:00+00:00,30.076,30.199,29.918,30.147,230130.78,110017.71
2026-02-20 21:00:00+00:00,30.145,30.187,29.895,30.023,112473.64,53013.24
2026-02-20 22:00:00+00:00,30.022,30.43,29.915,30.334,179715.19,107233.95
2026-02-20 23:00:00+00:00,30.333,30.4,30.174,30.364,175721.19,88123.49
2026-02-21 00:00:00+00:00,30.364,30.58,30.122,30.187,249368.9,110895.73
2026-02-21 01:00:00+00:00,30.186,30.469,30.129,30.341,186975.79,98639.7
2026-02-21 02:00:00+00:00,30.342,30.574,30.329,30.534,146235.59,78460.38
2026-02-21 03:00:00+00:00,30.533,30.55,30.176,30.274,251016.4,98392.15
2026-02-21 04:00:00+00:00,30.274,30.383,30.218,30.315,126616.14,58522.61
2026-02-21 05:00:00+00:00,30.314,30.42,30.17,30.373,142669.3,74864.49
2026-02-21 06:00:00+00:00,30.373,30.389,30.198,30.232,132295.99,61196.87
2026-02-21 07:00:00+00:00,30.232,30.305,30.055,30.087,168921.0,74980.51
2026-02-21 08:00:00+00:00,30.087,30.383,30.087,30.279,179604.55,102000.23
2026-02-21 09:00:00+00:00,30.279,30.546,30.27,30.35,275570.6,155114.98
2026-02-21 10:00:00+00:00,30.351,30.412,30.289,30.333,100807.1,47498.09
2026-02-21 11:00:00+00:00,30.334,30.425,30.118,30.122,145911.56,72001.73
2026-02-21 12:00:00+00:00,30.122,30.21,29.881,29.949,301380.87,133048.25
2026-02-21 13:00:00+00:00,29.948,30.074,29.834,30.047,200298.33,102034.22
2026-02-21 14:00:00+00:00,30.046,30.174,29.931,30.003,242009.45,133314.78
2026-02-21 15:00:00+00:00,30.002,30.062,29.732,29.918,308700.95,130419.3
2026-02-21 16:00:00+00:00,29.918,29.926,29.659,29.834,199477.16,93859.02
2026-02-21 17:00:00+00:00,29.834,29.949,29.725,29.902,121330.06,59542.37
2026-02-21 18:00:00+00:00,29.902,30.098,29.833,29.912,249023.39,142833.04
2026-02-21 19:00:00+00:00,29.911,30.011,29.758,29.843,131972.12,63403.88
2026-02-21 20:00:00+00:00,29.842,29.886,29.524,29.648,232781.95,79389.32
2026-02-21 21:00:00+00:00,29.648,29.762,29.532,29.726,133005.64,59242.57
2026-02-21 22:00:00+00:00,29.725,29.754,29.563,29.563,79256.42,37649.24
2026-02-21 23:00:00+00:00,29.564,29.766,29.555,29.73,149881.75,86601.23
2026-02-22 00:00:00+00:00,29.731,29.778,29.587,29.691,128571.75,61655.43
2026-02-22 01:00:00+00:00,29.692,29.931,29.646,29.873,125225.77,65615.84
2026-02-22 02:00:00+00:00,29.873,29.951,29.738,29.765,94792.6,38468.64
2026-02-22 03:00:00+00:00,29.767,29.899,29.682,29.716,129109.67,67183.25
2026-02-22 04:00:00+00:00,29.715,29.759,29.59,29.644,115370.22,60047.09
2026-02-22 05:00:00+00:00,29.645,29.686,29.606,29.683,57160.02,34775.43
2026-02-22 06:00:00+00:00,29.683,29.76,29.506,29.559,124814.52,51756.67
2026-02-22 07:00:00+00:00,29.559,29.631,29.425,29.433,144958.83,62783.48
2026-02-22 08:00:00+00:00,29.432,29.491,29.351,29.443,112125.59,62876.18
2026-02-22 09:00:00+00:00,29.445,29.58,29.433,29.472,89543.2,42296.45
2026-02-22 10:00:00+00:00,29.471,29.717,29.43,29.671,201673.6,119363.85
2026-02-22 11:00:00+00:00,29.666,29.85,29.64,29.686,156396.94,79714.71
2026-02-22 12:00:00+00:00,29.685,29.713,29.201,29.32,414659.73,200000.7
2026-02-22 13:00:00+00:00,29.321,29.5,29.236,29.337,249971.47,146589.5
2026-02-22 14:00:00+00:00,29.337,29.39,29.146,29.291,222047.44,113792.49
2026-02-22 15:00:00+00:00,29.291,29.291,28.983,29.202,377974.03,137534.93
2026-02-22 16:00:00+00:00,29.203,29.212,28.952,29.034,144797.03,66398.92
2026-02-22 17:00:00+00:00,29.035,29.045,28.86,28.933,194609.85,86705.46
2026-02-22 18:00:00+00:00,28.933,28.992,28.747,28.777,139729.49,66235.63
2026-02-22 19:00:00+00:00,28.776,28.848,28.68,28.757,138691.43,62259.48
2026-02-22 20:00:00+00:00,28.757,28.966,28.753,28.881,131522.89,74764.68
2026-02-22 21:00:00+00:00,28.881,29.004,28.835,28.948,72141.34,36650.81
2026-02-22 22:00:00+00:00,28.947,29.023,28.824,28.98,103103.92,55156.19
2026-02-22 23:00:00+00:00,28.979,29.038,28.843,29.015,168990.85,68019.79
2026-02-23 00:00:00+00:00,29.016,29.048,28.375,28.479,395549.81,178513.71
2026-02-23 01:00:00+00:00,28.48,28.503,27.51,27.587,2017842.96,932865.29
2026-02-23 02:00:00+00:00,27.587,27.804,27.401,27.516,610908.98,285363.5
2026-02-23 03:00:00+00:00,27.514,27.553,26.842,27.245,896663.93,382632.26
2026-02-23 04:00:00+00:00,27.245,27.28,26.918,27.172,443297.12,224292.45
2026-02-23 05:00:00+00:00,27.171,27.65,27.134,27.574,643947.19,415727.42
2026-02-23 06:00:00+00:00,27.573,27.876,27.497,27.797,461176.08,253131.41
2026-02-23 07:00:00+00:00,27.796,27.888,27.627,27.699,379368.66,178156.46
2026-02-23 08:00:00+00:00,27.7,27.719,27.409,27.55,405657.2,178663.57
2026-02-23 09:00:00+00:00,27.551,28.184,27.551,28.129,485856.26,275099.45
2026-02-23 10:00:00+00:00,28.128,28.236,27.64,27.707,438464.56,171848.95
2026-02-23 11:00:00+00:00,27.706,27.818,27.567,27.631,324740.89,146478.79
2026-02-23 12:00:00+00:00,27.631,27.693,27.335,27.652,679565.68,280558.65
2026-02-23 13:00:00+00:00,27.652,27.69,27.018,27.121,657583.56,286311.58
2026-02-23 14:00:00+00:00,27.122,27.129,26.465,26.631,1329933.09,609655.2
2026-02-23 15:00:00+00:00,26.632,26.817,26.351,26.57,835443.55,421835.25
2026-02-23 16:00:00+00:00,26.569,26.749,26.205,26.413,703687.99,350937.28
2026-02-23 17:00:00+00:00,26.416,26.44,25.613,26.123,1255596.82,545478.84
2026-02-23 18:00:00+00:00,26.122,26.469,25.914,26.428,969140.09,527937.33
2026-02-23 19:00:00+00:00,26.427,26.518,26.165,26.293,543151.47,222661.04
2026-02-23 20:00:00+00:00,26.293,26.543,26.252,26.428,404622.46,217067.19
2026-02-23 21:00:00+00:00,26.427,26.609,26.38,26.42,267124.65,147502.85
2026-02-23 22:00:00+00:00,26.419,26.653,26.163,26.168,464741.76,181794.62
2026-02-23 23:00:00+00:00,26.169,26.394,26.093,26.368,271596.2,154285.81
2026-02-24 00:00:00+00:00,26.369,26.54,26.307,26.499,246619.59,135388.36
2026-02-24 01:00:00+00:00,26.498,26.503,25.842,26.054,924549.03,432781.2
2026-02-24 02:00:00+00:00,26.056,26.17,25.829,25.847,476869.64,245858.16
2026-02-24 03:00:00+00:00,25.847,26.544,25.621,26.246,827627.71,468981.14
2026-02-24 04:00:00+00:00,26.246,26.269,25.877,26.191,454889.15,217834.44
2026-02-24 05:00:00+00:00,26.19,26.374,26.138,26.323,302168.85,159569.76
2026-02-24 06:00:00+00:00,26.322,26.323,26.088,26.241,299530.99,135757.86
2026-02-24 07:00:00+00:00,26.24,26.361,26.144,26.274,216592.66,103315.53
2026-02-24 08:00:00+00:00,26.275,26.588,26.164,26.469,350190.37,210697.74
2026-02-24 09:00:00+00:00,26.468,26.555,26.212,26.55,425340.75,200386.48
2026-02-24 10:00:00+00:00,26.549,26.626,26.373,26.561,295702.14,139135.05
2026-02-24 11:00:00+00:00,26.561,26.674,26.341,26.472,288599.99,143163.43
2026-02-24 12:00:00+00:00,26.47,26.52,26.354,26.367,177113.49,77843.78
2026-02-24 13:00:00+00:00,26.367,26.578,26.079,26.514,546075.58,279230.75
2026-02-24 14:00:00+00:00,26.513,27.052,26.357,26.783,681706.1,368898.81
2026-02-24 15:00:00+00:00,26.783,26.875,26.379,26.772,744529.32,382301.82
2026-02-24 16:00:00+00:00,26.771,27.2,26.739,27.155,783467.6,417694.35
2026-02-24 17:00:00+00:00,27.155,27.293,26.81,26.849,425067.94,209663.28
2026-02-24 18:00:00+00:00,26.848,27.085,26.845,26.916,252083.94,108057.8
2026-02-24 19:00:00+00:00,26.915,27.257,26.896,27.21,229152.53,113713.15
2026-02-24 20:00:00+00:00,27.21,27.357,27.095,27.216,321574.99,147040.78
2026-02-24 21:00:00+00:00,27.218,27.267,26.949,27.142,374861.83,165470.48
2026-02-24 22:00:00+00:00,27.142,27.302,27.05,27.209,218788.44,93299.71
2026-02-24 23:00:00+00:00,27.209,27.421,26.989,27.08,284590.7,134331.55
2026-02-25 00:00:00+00:00,27.08,27.414,27.065,27.397,194144.74,94593.98
2026-02-25 01:00:00+00:00,27.398,27.984,27.382,27.555,879981.73,446756.75
2026-02-25 02:00:00+00:00,27.555,27.791,27.436,27.51,390093.02,174252.78
2026-02-25 03:00:00+00:00,27.511,27.576,26.958,27.045,430497.78,187437.0
2026-02-25 04:00:00+00:00,27.044,27.281,26.851,27.238,346677.1,174019.28
2026-02-25 05:00:00+00:00,27.238,27.265,26.739,26.91,377996.38,137432.22
2026-02-25 06:00:00+00:00,26.91,27.017,26.805,26.901,165736.33,81772.81
2026-02-25 07:00:00+00:00,26.901,26.977,26.796,26.904,195401.47,92198.55
2026-02-25 08:00:00+00:00,26.904,27.09,26.829,27.007,212331.13,129163.63
2026-02-25 09:00:00+00:00,27.006,27.006,26.748,26.781,266659.77,135131.64
2026-02-25 10:00:00+00:00,26.781,26.981,26.76,26.893,142067.34,78823.11
2026-02-25 11:00:00+00:00,26.892,27.182,26.821,27.175,269498.43,138608.36
2026-02-25 12:00:00+00:00,27.174,27.646,27.018,27.589,535052.83,293163.91
2026-02-25 13:00:00+00:00,27.588,27.732,27.323,27.659,550051.05,239923.86
2026-02-25 14:00:00+00:00,27.66,28.515,27.645,28.28,1317816.51,738441.62
2026-02-25 15:00:00+00:00,28.28,28.299,27.8,27.972,771221.86,307295.78
2026-02-25 16:00:00+00:00,27.971,28.685,27.898,28.535,853282.23,474395.18
2026-02-25 17:00:00+00:00,28.535,28.777,28.276,28.666,649176.93,291657.05
2026-02-25 18:00:00+00:00,28.666,29.057,28.613,28.778,443226.06,220389.04
2026-02-25 19:00:00+00:00,28.779,28.856,28.621,28.775,277583.54,118592.85
2026-02-25 20:00:00+00:00,28.775,28.838,28.522,28.788,328148.78,150883.6
2026-02-25 21:00:00+00:00,28.786,28.994,28.324,28.698,743245.54,360688.65
2026-02-25 22:00:00+00:00,28.698,28.886,28.206,28.383,361062.51,150625.97
2026-02-25 23:00:00+00:00,28.382,28.434,27.593,27.884,701751.64,313577.17
2026-02-26 00:00:00+00:00,27.883,28.516,27.765,28.301,566333.01,295085.09
2026-02-26 01:00:00+00:00,28.302,28.64,28.09,28.117,464325.94,221440.65
2026-02-26 02:00:00+00:00,28.118,28.123,27.719,28.009,401084.04,189006.53
2026-02-26 03:00:00+00:00,28.01,28.098,27.878,28.029,158111.07,76599.39
2026-02-26 04:00:00+00:00,28.03,28.37,28.001,28.219,328204.22,196150.15
2026-02-26 05:00:00+00:00,28.219,28.311,27.997,28.204,178810.32,90012.81
2026-02-26 06:00:00+00:00,28.204,28.436,28.112,28.181,162361.47,79803.57
2026-02-26 07:00:00+00:00,28.181,28.574,28.148,28.237,274362.44,139258.76
2026-02-26 08:00:00+00:00,28.237,28.36,28.077,28.258,285875.06,149586.86
2026-02-26 09:00:00+00:00,28.258,29.388,28.175,29.217,851936.03,446060.28
2026-02-26 10:00:00+00:00,29.217,29.325,28.824,28.928,689493.66,307833.15
2026-02-26 11:00:00+00:00,28.928,28.997,28.348,28.441,562829.8,277526.75
2026-02-26 12:00:00+00:00,28.441,28.827,28.35,28.772,378626.47,196767.12
2026-02-26 13:00:00+00:00,28.772,29.056,28.728,28.991,289357.91,133247.85
2026-02-26 14:00:00+00:00,28.991,29.414,28.658,29.333,740168.71,367254.18
2026-02-26 15:00:00+00:00,29.332,29.346,28.121,28.445,1224751.77,587285.21
2026-02-26 16:00:00+00:00,28.445,28.613,28.112,28.271,642328.03,306239.49
2026-02-26 17:00:00+00:00,28.273,28.455,27.849,28.008,518759.3,238343.72
2026-02-26 18:00:00+00:00,28.007,28.311,27.822,28.223,333556.73,175393.35
2026-02-26 19:00:00+00:00,28.223,28.735,28.184,28.506,495303.55,278129.1
2026-02-26 20:00:00+00:00,28.506,28.712,28.236,28.287,280227.2,130859.72
2026-02-26 21:00:00+00:00,28.285,28.363,28.121,28.175,168605.87,66288.36
2026-02-26 22:00:00+00:00,28.175,28.42,28.089,28.404,157780.74,82478.84
2026-02-26 23:00:00+00:00,28.405,28.449,28.101,28.108,204802.08,103701.54
2026-02-27 00:00:00+00:00,28.107,28.202,27.869,28.177,288168.24,147046.53
2026-02-27 01:00:00+00:00,28.178,28.252,28.046,28.235,135102.56,70482.35
2026-02-27 02:00:00+00:00,28.235,28.621,28.226,28.484,217542.7,115722.51
2026-02-27 03:00:00+00:00,28.484,28.846,28.392,28.828,231505.69,130241.11
2026-02-27 04:00:00+00:00,28.829,29.618,28.782,29.135,974311.8,464306.1
2026-02-27 05:00:00+00:00,29.134,29.205,28.912,29.078,272656.58,126628.4
2026-02-27 06:00:00+00:00,29.078,29.159,28.769,29.064,374105.31,163822.73
2026-02-27 07:00:00+00:00,29.064,29.437,28.987,29.288,282925.59,152455.91
2026-02-27 08:00:00+00:00,29.288,29.663,29.288,29.498,523723.79,239504.71
2026-02-27 09:00:00+00:00,29.499,29.947,29.231,29.448,582262.41,301675.0
2026-02-27 10:00:00+00:00,29.447,29.56,28.951,28.974,915918.47,444233.87
2026-02-27 11:00:00+00:00,28.975,29.107,28.254,28.315,808442.07,390701.54
2026-02-27 12:00:00+00:00,28.314,28.323,27.841,28.102,736031.65,353112.08
2026-02-27 13:00:00+00:00,28.102,28.237,27.807,28.099,607374.92,325144.84
2026-02-27 14:00:00+00:00,28.098,28.417,27.91,28.062,582427.09,293883.54
2026-02-27 15:00:00+00:00,28.061,28.33,28.011,28.164,349356.7,203212.98
2026-02-27 16:00:00+00:00,28.164,28.179,27.304,27.321,916043.28,301116.8
2026-02-27 17:00:00+00:00,27.321,27.494,27.158,27.459,602847.2,272464.65
2026-02-27 18:00:00+00:00,27.458,27.546,27.129,27.208,301243.11,150853.02
2026-02-27 19:00:00+00:00,27.208,27.223,26.834,27.087,508044.81,218754.9
2026-02-27 20:00:00+00:00,27.088,27.423,27.063,27.355,267458.01,170163.34
2026-02-27 21:00:00+00:00,27.356,27.406,27.053,27.091,197648.41,95635.67
2026-02-27 22:00:00+00:00,27.091,27.131,26.729,27.088,274176.63,104406.29
2026-02-27 23:00:00+00:00,27.089,27.333,27.089,27.279,195995.34,116591.51
2026-02-28 00:00:00+00:00,27.28,27.558,27.217,27.48,216271.85,124272.13
2026-02-28 01:00:00+00:00,27.479,27.518,27.072,27.074,283359.42,103800.91
2026-02-28 02:00:00+00:00,27.074,27.131,26.78,26.951,336801.74,168199.29
2026-02-28 03:00:00+00:00,26.952,27.08,26.821,26.878,225944.97,111539.94
2026-02-28 04:00:00+00:00,26.878,27.05,26.804,26.975,187045.21,98580.39
2026-02-28 05:00:00+00:00,26.976,27.026,26.848,26.908,90427.33,38925.72
2026-02-28 06:00:00+00:00,26.906,26.949,26.075,26.212,1197357.25,487101.77
2026-02-28 07:00:00+00:00,26.213,26.906,26.103,26.625,1134469.46,589427.18
2026-02-28 08:00:00+00:00,26.624,26.959,26.539,26.788,534372.5,275919.05
2026-02-28 09:00:00+00:00,26.787,27.35,26.78,27.26,746500.11,456700.55
2026-02-28 10:00:00+00:00,27.259,27.543,26.901,27.363,537008.17,299114.05
2026-02-28 11:00:00+00:00,27.363,27.706,27.157,27.261,515772.26,254563.38
2026-02-28 12:00:00+00:00,27.262,27.543,27.243,27.331,280456.18,147541.48
2026-02-28 13:00:00+00:00,27.332,27.729,27.109,27.606,507219.36,255832.08
2026-02-28 14:00:00+00:00,27.606,27.984,27.368,27.828,804146.63,379990.38
2026-02-28 15:00:00+00:00,27.827,28.22,27.755,28.163,697052.97,357268.13
2026-02-28 16:00:00+00:00,28.163,28.595,28.004,28.55,709823.29,324739.49
2026-02-28 17:00:00+00:00,28.551,29.509,28.521,29.409,1153203.57,585755.34
2026-02-28 18:00:00+00:00,29.41,29.688,29.087,29.368,1069731.07,469582.59
2026-02-28 19:00:00+00:00,29.367,29.681,29.032,29.484,646560.32,310053.46
2026-02-28 20:00:00+00:00,29.485,30.517,29.373,30.296,1296567.85,739336.19
2026-02-28 21:00:00+00:00,30.296,30.75,30.012,30.548,881101.08,458926.23
2026-02-28 22:00:00+00:00,30.549,31.034,30.434,30.714,812883.71,403736.09
2026-02-28 23:00:00+00:00,30.708,31.4,30.707,31.204,793884.2,445065.95
2026-03-01 00:00:00+00:00,31.204,31.3,30.502,30.635,819411.11,295151.06
2026-03-01 01:00:00+00:00,30.634,30.837,30.161,30.813,1287444.59,660142.91
2026-03-01 02:00:00+00:00,30.814,31.268,30.723,30.982,777040.79,410683.02
2026-03-01 03:00:00+00:00,30.981,31.172,30.604,30.89,480310.61,215036.77
2026-03-01 04:00:00+00:00,30.892,31.086,30.631,30.884,390830.61,200162.85
2026-03-01 05:00:00+00:00,30.884,31.537,30.801,31.17,545430.48,296528.07
2026-03-01 06:00:00+00:00,31.17,31.218,30.72,30.957,589284.71,271472.04
2026-03-01 07:00:00+00:00,30.957,31.223,30.832,30.915,352211.18,194439.08
2026-03-01 08:00:00+00:00,30.916,31.104,30.419,30.509,503530.53,195498.91
2026-03-01 09:00:00+00:00,30.511,30.961,30.456,30.72,602792.36,326455.39
2026-03-01 10:00:00+00:00,30.719,31.037,30.492,30.986,431827.14,236482.75
2026-03-01 11:00:00+00:00,30.985,31.2,30.816,31.036,533253.59,267129.96
2026-03-01 12:00:00+00:00,31.035,31.104,30.592,30.683,363938.47,154868.11
2026-03-01 13:00:00+00:00,30.683,31.286,30.601,30.993,650364.48,359594.68
2026-03-01 14:00:00+00:00,30.993,31.083,30.725,30.894,485646.19,247373.97
2026-03-01 15:00:00+00:00,30.894,31.613,30.852,31.392,817477.45,471671.17
2026-03-01 16:00:00+00:00,31.393,31.852,30.881,30.979,1869835.4,974259.89
2026-03-01 17:00:00+00:00,30.98,31.245,30.721,31.038,766761.68,374902.17
2026-03-01 18:00:00+00:00,31.038,31.832,30.996,31.672,710270.36,376744.51
2026-03-01 19:00:00+00:00,31.672,31.915,31.456,31.575,568640.94,281266.82
2026-03-01 20:00:00+00:00,31.576,31.74,31.2,31.434,740873.27,350403.65
2026-03-01 21:00:00+00:00,31.433,31.789,31.254,31.763,370497.23,194408.3
2026-03-01 22:00:00+00:00,31.763,31.995,31.396,31.397,756587.26,381164.89
2026-03-01 23:00:00+00:00,31.397,32.327,31.36,31.53,1187612.1,666914.59
2026-03-02 00:00:00+00:00,31.53,32.764,31.491,32.428,1213299.7,702198.98
2026-03-02 01:00:00+00:00,32.428,32.695,31.915,32.236,897174.89,450920.0
2026-03-02 02:00:00+00:00,32.237,32.34,31.679,31.866,718419.76,331458.53
2026-03-02 03:00:00+00:00,31.868,32.199,31.613,32.027,466433.91,255125.6
2026-03-02 04:00:00+00:00,32.027,32.069,31.313,31.393,787878.1,354618.33
2026-03-02 05:00:00+00:00,31.392,31.414,30.8,30.991,714757.24,304337.38
2026-03-02 06:00:00+00:00,30.99,31.005,30.257,30.345,1059458.34,420277.36
2026-03-02 07:00:00+00:00,30.343,30.52,29.916,30.317,880641.1,456073.03
2026-03-02 08:00:00+00:00,30.318,30.78,30.2,30.628,642352.82,373981.14
2026-03-02 09:00:00+00:00,30.629,30.732,30.307,30.398,622084.98,274785.79
2026-03-02 10:00:00+00:00,30.398,30.514,30.181,30.483,396162.74,192416.91
2026-03-02 11:00:00+00:00,30.484,30.735,30.426,30.688,335398.21,187329.1
2026-03-02 12:00:00+00:00,30.687,30.77,30.342,30.531,364797.0,154068.53
2026-03-02 13:00:00+00:00,30.532,31.023,30.362,30.656,737974.43,387603.87
2026-03-02 14:00:00+00:00,30.657,32.022,30.571,31.697,1533034.24,827677.28
2026-03-02 15:00:00+00:00,31.697,32.528,31.662,32.159,1999601.43,1008270.23
2026-03-02 16:00:00+00:00,32.16,33.69,31.983,33.162,2079779.03,1171037.66
2026-03-02 17:00:00+00:00,33.161,33.266,32.47,32.776,1139990.71,618141.59
2026-03-02 18:00:00+00:00,32.776,32.781,32.328,32.358,515647.05,243259.43
2026-03-02 19:00:00+00:00,32.363,32.496,31.93,32.429,677599.87,332165.14
2026-03-02 20:00:00+00:00,32.429,32.71,31.915,32.576,691091.56,346084.23
2026-03-02 21:00:00+00:00,32.575,32.751,32.312,32.551,409703.39,184710.78
2026-03-02 22:00:00+00:00,32.552,33.249,32.526,33.064,467858.45,219726.95
2026-03-02 23:00:00+00:00,33.064,33.222,32.573,32.809,537966.71,228629.28
2026-03-03 00:00:00+00:00,32.808,32.939,32.252,32.455,614791.75,313166.22
2026-03-03 01:00:00+00:00,32.455,32.93,32.29,32.791,379707.14,203961.83
2026-03-03 02:00:00+00:00,32.793,33.063,32.607,32.779,526159.16,216611.58
2026-03-03 03:00:00+00:00,32.781,33.289,32.781,32.969,395380.52,203338.7
2026-03-03 04:00:00+00:00,32.969,33.215,32.877,33.007,286486.02,158543.29
2026-03-03 05:00:00+00:00,33.006,33.545,32.649,32.69,829823.22,419696.8
2026-03-03 06:00:00+00:00,32.69,32.998,32.451,32.61,738841.77,417888.3
2026-03-03 07:00:00+00:00,32.609,33.122,32.308,33.022,554760.39,286705.98
2026-03-03 08:00:00+00:00,33.02,33.044,31.638,31.754,1133227.16,442772.85
2026-03-03 09:00:00+00:00,31.754,31.982,31.606,31.648,611179.85,328248.33
2026-03-03 10:00:00+00:00,31.649,32.041,31.54,31.9,590856.39,319617.4
2026-03-03 11:00:00+00:00,31.899,32.062,31.751,31.92,343066.78,173787.01
2026-03-03 12:00:00+00:00,31.92,32.405,31.549,31.734,580561.2,279281.58
2026-03-03 13:00:00+00:00,31.735,31.758,31.24,31.323,591614.66,253779.94
2026-03-03 14:00:00+00:00,31.323,31.612,31.0,31.175,774333.85,354457.61
2026-03-03 15:00:00+00:00,31.175,31.978,31.089,31.889,848953.47,486797.54
2026-03-03 16:00:00+00:00,31.885,32.856,31.736,32.167,1405285.04,723596.55
2026-03-03 17:00:00+00:00,32.167,32.212,31.665,32.128,686907.4,343564.72
2026-03-03 18:00:00+00:00,32.128,32.377,31.835,32.161,328699.12,164553.42
2026-03-03 19:00:00+00:00,32.161,32.258,31.699,31.772,555766.49,274747.08
2026-03-03 20:00:00+00:00,31.775,31.897,31.258,31.411,525830.43,261769.44
2026-03-03 21:00:00+00:00,31.411,31.42,30.842,30.857,510874.66,203010.38
2026-03-03 22:00:00+00:00,30.857,31.527,30.8,31.466,497986.53,310614.28
2026-03-03 23:00:00+00:00,31.467,31.711,31.228,31.288,399352.6,218759.45
2026-03-04 00:00:00+00:00,31.289,31.439,31.044,31.256,393379.9,201354.41
2026-03-04 01:00:00+00:00,31.256,31.648,31.093,31.247,392103.47,236459.05
2026-03-04 02:00:00+00:00,31.247,31.289,30.9,31.165,307918.58,140386.35
2026-03-04 03:00:00+00:00,31.163,31.274,30.712,30.969,516351.04,236418.7
2026-03-04 04:00:00+00:00,30.969,31.082,30.768,30.972,237587.11,115848.0
2026-03-04 05:00:00+00:00,30.972,31.292,30.915,31.218,306899.92,158328.42
2026-03-04 06:00:00+00:00,31.217,31.45,31.055,31.354,308019.54,172049.98
2026-03-04 07:00:00+00:00,31.354,32.227,31.276,32.18,759658.12,463626.58
2026-03-04 08:00:00+00:00,32.177,32.603,31.748,32.494,1001070.02,525253.3
2026-03-04 09:00:00+00:00,32.493,32.979,32.344,32.803,822290.87,446924.17
2026-03-04 10:00:00+00:00,32.803,32.994,32.217,32.42,791804.58,324649.58
2026-03-04 11:00:00+00:00,32.42,32.742,32.338,32.543,558034.29,258222.37
2026-03-04 12:00:00+00:00,32.542,32.598,32.112,32.368,530710.53,226735.56
2026-03-04 13:00:00+00:00,32.368,32.71,32.296,32.594,453916.35,246563.97
2026-03-04 14:00:00+00:00,32.593,32.977,32.41,32.605,853943.03,425272.68
2026-03-04 15:00:00+00:00,32.604,33.199,32.593,33.113,870521.01,466776.91
2026-03-04 16:00:00+00:00,33.11,33.207,32.432,32.735,711747.32,298835.67
2026-03-04 17:00:00+00:00,32.731,32.832,32.0,32.152,641991.48,258448.26
2026-03-04 18:00:00+00:00,32.151,32.369,32.026,32.335,383048.14,199004.72
2026-03-04 19:00:00+00:00,32.336,32.862,32.3,32.418,495482.71,265925.28
2026-03-04 20:00:00+00:00,32.415,32.52,31.7,31.72,724848.7,268573.53
2026-03-04 21:00:00+00:00,31.72,31.949,31.357,31.906,556332.91,271353.65
2026-03-04 22:00:00+00:00,31.908,31.979,31.677,31.825,219555.76,97462.64
2026-03-04 23:00:00+00:00,31.825,32.39,31.806,32.145,464732.67,259952.4
2026-03-05 00:00:00+00:00,32.145,32.223,31.84,31.945,330480.87,157428.46
2026-03-05 01:00:00+00:00,31.945,32.083,31.312,31.485,586230.6,267010.84
2026-03-05 02:00:00+00:00,31.485,31.719,31.286,31.496,389512.27,186283.62
2026-03-05 03:00:00+00:00,31.496,31.638,31.399,31.484,190292.63,97731.19
2026-03-05 04:00:00+00:00,31.483,31.71,31.47,31.632,192146.4,101364.73
2026-03-05 05:00:00+00:00,31.632,31.835,31.473,31.516,295437.51,133625.89
2026-03-05 06:00:00+00:00,31.516,31.774,31.34,31.744,251082.62,142866.46
2026-03-05 07:00:00+00:00,31.743,31.859,31.452,31.538,263877.32,109290.54
2026-03-05 08:00:00+00:00,31.539,31.847,31.516,31.847,296503.98,147082.51
2026-03-05 09:00:00+00:00,31.846,32.13,31.509,31.635,577869.05,302938.73
2026-03-05 10:00:00+00:00,31.636,32.29,31.552,32.029,498850.89,287648.49
2026-03-05 11:00:00+00:00,32.028,32.057,31.63,31.795,357391.99,157217.32
2026-03-05 12:00:00+00:00,31.796,32.073,31.698,31.915,310980.76,133089.83
2026-03-05 13:00:00+00:00,31.915,31.935,31.339,31.361,520772.98,214283.97
2026-03-05 14:00:00+00:00,31.361,31.905,31.218,31.873,647886.93,305372.37
2026-03-05 15:00:00+00:00,31.874,31.898,30.923,31.287,876253.73,379477.44
2026-03-05 16:00:00+00:00,31.287,31.29,30.92,31.028,482050.58,225898.7
2026-03-05 17:00:00+00:00,31.029,31.143,30.359,30.449,697145.56,236777.75
2026-03-05 18:00:00+00:00,30.448,30.688,30.417,30.575,286433.6,156684.98
2026-03-05 19:00:00+00:00,30.575,30.813,30.231,30.37,453601.84,225115.87
2026-03-05 20:00:00+00:00,30.37,30.692,30.37,30.64,237983.15,129165.53
2026-03-05 21:00:00+00:00,30.639,30.951,30.518,30.592,258860.35,135016.09
2026-03-05 22:00:00+00:00,30.592,30.657,30.428,30.436,164202.17,85743.77
2026-03-05 23:00:00+00:00,30.436,30.685,30.421,30.535,213018.87,127718.77
2026-03-06 00:00:00+00:00,30.536,30.649,30.377,30.642,164992.4,88403.83
2026-03-06 01:00:00+00:00,30.642,30.673,30.333,30.438,267511.74,110797.3
2026-03-06 02:00:00+00:00,30.439,30.734,30.41,30.632,304892.47,138578.21
2026-03-06 03:00:00+00:00,30.631,30.736,30.441,30.653,190366.22,108070.0
2026-03-06 04:00:00+00:00,30.652,30.755,30.486,30.659,195171.33,89266.23
2026-03-06 05:00:00+00:00,30.66,30.899,30.626,30.883,304486.87,152405.87
2026-03-06 06:00:00+00:00,30.883,31.036,30.73,30.98,321421.73,222746.74
2026-03-06 07:00:00+00:00,30.98,31.135,30.797,30.797,324576.77,129237.52
2026-03-06 08:00:00+00:00,30.797,30.887,30.654,30.73,190932.32,92475.76
2026-03-06 09:00:00+00:00,30.731,30.745,30.162,30.466,415375.32,151370.4
2026-03-06 10:00:00+00:00,30.467,30.612,30.353,30.474,173046.68,84359.9
2026-03-06 11:00:00+00:00,30.474,30.631,30.32,30.349,163598.91,67895.02
2026-03-06 12:00:00+00:00,30.349,30.611,30.052,30.436,550960.41,265240.58
2026-03-06 13:00:00+00:00,30.437,30.857,30.175,30.197,661033.91,344044.9
2026-03-06 14:00:00+00:00,30.195,30.237,29.509,29.614,1238803.15,567843.84
2026-03-06 15:00:00+00:00,29.615,30.099,29.615,29.842,507571.33,292730.09
2026-03-06 16:00:00+00:00,29.843,30.038,29.693,29.802,338420.89,160340.77
2026-03-06 17:00:00+00:00,29.802,29.91,29.435,29.713,482901.74,229462.8
2026-03-06 18:00:00+00:00,29.714,29.984,29.713,29.901,227306.7,113908.13
2026-03-06 19:00:00+00:00,29.9,30.5,29.893,30.356,489292.74,283782.17
2026-03-06 20:00:00+00:00,30.356,31.192,30.314,31.049,837847.41,462971.63
2026-03-06 21:00:00+00:00,31.045,31.271,30.916,31.006,485298.09,245175.12
2026-03-06 22:00:00+00:00,31.007,31.179,30.77,31.149,361599.3,195055.01
2026-03-06 23:00:00+00:00,31.148,31.318,30.978,31.019,302729.31,175668.3
2026-03-07 00:00:00+00:00,31.018,31.068,30.833,30.886,246141.64,104949.67
2026-03-07 01:00:00+00:00,30.886,31.08,30.805,31.034,199255.54,99312.54
2026-03-07 02:00:00+00:00,31.034,31.099,30.659,30.744,295871.76,138313.77
2026-03-07 03:00:00+00:00,30.743,30.85,30.595,30.759,175098.17,95158.04
2026-03-07 04:00:00+00:00,30.759,30.77,30.513,30.574,218197.58,80791.09
2026-03-07 05:00:00+00:00,30.573,30.762,30.496,30.678,217877.87,121314.09
2026-03-07 06:00:00+00:00,30.679,30.698,30.25,30.338,298730.92,96907.6
2026-03-07 07:00:00+00:00,30.338,30.487,30.263,30.434,150999.1,80130.04
2026-03-07 08:00:00+00:00,30.434,30.581,30.276,30.3,191580.26,104926.82
2026-03-07 09:00:00+00:00,30.3,30.8,30.269,30.736,348324.17,226593.38
2026-03-07 10:00:00+00:00,30.735,30.769,30.6,30.705,203434.52,94972.23
2026-03-07 11:00:00+00:00,30.704,31.064,30.647,30.894,444699.45,262116.63
2026-03-07 12:00:00+00:00,30.894,30.909,30.655,30.717,226346.93,104502.71
2026-03-07 13:00:00+00:00,30.718,30.992,30.701,30.968,162221.3,89113.97
2026-03-07 14:00:00+00:00,30.968,31.1,30.754,31.013,330929.79,162220.91
2026-03-07 15:00:00+00:00,31.013,31.016,30.593,30.706,247080.48,92195.86
2026-03-07 16:00:00+00:00,30.706,30.85,30.6,30.772,136090.2,69602.4
2026-03-07 17:00:00+00:00,30.772,30.945,30.719,30.836,211851.53,112231.38
2026-03-07 18:00:00+00:00,30.835,30.835,30.246,30.442,574725.74,254963.14
2026-03-07 19:00:00+00:00,30.443,30.485,29.783,30.152,697171.78,285166.48
2026-03-07 20:00:00+00:00,30.151,30.308,30.015,30.133,340855.21,182288.97
2026-03-07 21:00:00+00:00,30.132,30.173,29.86,30.055,263017.46,97125.33
2026-03-07 22:00:00+00:00,30.056,30.16,29.938,30.1,156226.71,82625.95
2026-03-07 23:00:00+00:00,30.098,30.292,30.059,30.288,118386.19,57808.84
2026-03-08 00:00:00+00:00,30.288,30.359,30.003,30.111,178890.16,74214.66
2026-03-08 01:00:00+00:00,30.111,30.218,30.007,30.157,258297.57,132664.65
2026-03-08 02:00:00+00:00,30.157,30.27,30.013,30.132,288511.57,116830.21
2026-03-08 03:00:00+00:00,30.132,30.192,30.042,30.066,134369.58,63601.66
2026-03-08 04:00:00+00:00,30.066,30.206,29.821,29.928,175224.28,87055.27
2026-03-08 05:00:00+00:00,29.928,30.19,29.928,30.036,121222.47,62192.52
2026-03-08 06:00:00+00:00,30.035,30.087,29.667,29.819,312772.64,143264.92
2026-03-08 07:00:00+00:00,29.819,30.25,29.801,30.165,224856.38,123990.69
2026-03-08 08:00:00+00:00,30.164,30.339,30.03,30.283,281113.84,175075.61
2026-03-08 09:00:00+00:00,30.283,30.475,30.253,30.331,541857.16,292197.07
2026-03-08 10:00:00+00:00,30.332,30.658,30.332,30.464,288207.26,149086.96
2026-03-08 11:00:00+00:00,30.463,30.625,30.271,30.32,365532.99,234028.34
2026-03-08 12:00:00+00:00,30.321,30.404,30.081,30.253,250122.12,120691.42
2026-03-08 13:00:00+00:00,30.254,30.601,30.051,30.544,330828.38,176131.56
2026-03-08 14:00:00+00:00,30.544,30.736,30.484,30.679,271331.36,130225.76
2026-03-08 15:00:00+00:00,30.678,30.8,30.352,30.517,280788.44,121106.26
2026-03-08 16:00:00+00:00,30.517,30.687,30.08,30.152,377957.05,168019.91
2026-03-08 17:00:00+00:00,30.152,30.333,30.1,30.284,145955.97,85071.85
2026-03-08 18:00:00+00:00,30.283,30.318,30.091,30.198,106190.62,50649.94
2026-03-08 19:00:00+00:00,30.198,30.764,30.128,30.764,264641.04,155580.61
2026-03-08 20:00:00+00:00,30.763,31.278,30.625,30.765,484059.71,281791.08
2026-03-08 21:00:00+00:00,30.765,30.855,30.449,30.531,197595.93,100472.46
2026-03-08 22:00:00+00:00,30.532,30.627,30.079,30.582,787889.28,376724.32
2026-03-08 23:00:00+00:00,30.581,31.144,30.529,30.685,548693.78,274485.15
2026-03-09 00:00:00+00:00,30.685,31.417,30.609,30.668,968205.29,504157.82
2026-03-09 01:00:00+00:00,30.666,30.745,30.34,30.377,555576.73,252689.95
2026-03-09 02:00:00+00:00,30.377,30.586,30.237,30.554,300777.65,161686.01
2026-03-09 03:00:00+00:00,30.554,30.891,30.434,30.514,414232.05,196871.38
2026-03-09 04:00:00+00:00,30.514,30.958,30.513,30.684,343372.14,174075.91
2026-03-09 05:00:00+00:00,30.685,31.062,30.655,31.03,339685.5,168652.19
2026-03-09 06:00:00+00:00,31.03,31.076,30.564,30.578,435213.66,163061.15
2026-03-09 07:00:00+00:00,30.578,30.725,30.38,30.683,439939.04,226354.92
2026-03-09 08:00:00+00:00,30.684,30.993,30.658,30.972,214115.89,113817.97
2026-03-09 09:00:00+00:00,30.973,31.409,30.946,31.211,510238.84,253668.94
2026-03-09 10:00:00+00:00,31.211,31.348,30.866,30.933,322341.23,130106.75
2026-03-09 11:00:00+00:00,30.934,31.457,30.834,31.388,352903.67,184038.46
2026-03-09 12:00:00+00:00,31.389,31.996,31.37,31.773,823587.27,485789.1
2026-03-09 13:00:00+00:00,31.776,32.885,31.74,32.681,1631893.08,874434.8
2026-03-09 14:00:00+00:00,32.681,33.473,32.443,32.972,1662643.61,859437.95
2026-03-09 15:00:00+00:00,32.973,33.086,32.2,32.382,2425818.85,1082924.53
2026-03-09 16:00:00+00:00,32.382,34.383,32.349,34.13,3141831.27,1804122.1
2026-03-09 17:00:00+00:00,34.13,34.534,33.735,34.305,1142798.13,592042.59
2026-03-09 18:00:00+00:00,34.306,34.536,33.777,33.965,1264023.56,627790.56
2026-03-09 19:00:00+00:00,33.966,34.815,33.966,34.095,964466.32,479711.04
2026-03-09 20:00:00+00:00,34.094,34.419,33.92,34.366,562412.94,303354.33
2026-03-09 21:00:00+00:00,34.366,35.364,34.34,35.249,942224.9,537016.55
2026-03-09 22:00:00+00:00,35.248,35.322,34.881,35.068,670903.84,300210.76
2026-03-09 23:00:00+00:00,35.069,35.107,34.581,34.661,621598.29,240370.16
2026-03-10 00:00:00+00:00,34.66,34.75,34.002,34.383,1008463.63,465641.73
2026-03-10 01:00:00+00:00,34.383,34.49,33.978,34.252,363833.25,183514.87
2026-03-10 02:00:00+00:00,34.254,34.5,33.435,34.254,1420832.94,627305.9
2026-03-10 03:00:00+00:00,34.254,34.748,34.126,34.717,663176.83,355716.71
2026-03-10 04:00:00+00:00,34.717,34.857,34.424,34.522,437462.34,207671.25
2026-03-10 05:00:00+00:00,34.522,34.689,33.947,34.146,455547.64,188836.04
2026-03-10 06:00:00+00:00,34.145,34.177,33.845,34.063,417047.27,191205.04
2026-03-10 07:00:00+00:00,34.063,34.538,33.992,34.536,469569.14,268178.56
2026-03-10 08:00:00+00:00,34.536,35.2,34.511,34.872,983181.5,546927.29
2026-03-10 09:00:00+00:00,34.872,35.05,34.682,34.738,434255.82,199095.97
2026-03-10 10:00:00+00:00,34.743,34.826,34.528,34.658,312436.68,150946.58
2026-03-10 11:00:00+00:00,34.658,35.017,34.573,34.914,292905.14,153009.12
2026-03-10 12:00:00+00:00,34.914,35.027,34.598,34.883,378682.93,188256.76
2026-03-10 13:00:00+00:00,34.884,35.171,34.235,34.468,1087647.02,503822.54
2026-03-10 14:00:00+00:00,34.468,34.937,33.923,34.741,1268120.03,606701.69
2026-03-10 15:00:00+00:00,34.74,34.846,34.231,34.79,819905.34,425068.55
2026-03-10 16:00:00+00:00,34.788,34.869,34.028,34.22,830833.22,329409.17
2026-03-10 17:00:00+00:00,34.219,34.338,33.871,34.156,564575.95,270767.49
2026-03-10 18:00:00+00:00,34.157,34.202,33.751,33.88,552205.25,228594.69
2026-03-10 19:00:00+00:00,33.88,34.142,33.633,33.936,326842.59,164608.18
2026-03-10 20:00:00+00:00,33.935,34.106,33.924,34.055,176506.1,96103.86
2026-03-10 21:00:00+00:00,34.054,34.085,33.57,33.654,278871.56,102699.51
2026-03-10 22:00:00+00:00,33.654,34.061,33.617,34.024,349221.81,198299.26
2026-03-10 23:00:00+00:00,34.023,34.256,33.999,34.151,252303.92,130846.57
2026-03-11 00:00:00+00:00,34.151,34.49,34.054,34.396,270284.09,146540.56
2026-03-11 01:00:00+00:00,34.397,34.554,34.244,34.543,192935.12,100328.53
2026-03-11 02:00:00+00:00,34.543,34.863,34.396,34.531,402433.67,201466.31
2026-03-11 03:00:00+00:00,34.532,34.554,34.213,34.337,239826.15,104697.45
2026-03-11 04:00:00+00:00,34.337,34.871,34.307,34.843,245592.65,152814.67
2026-03-11 05:00:00+00:00,34.843,34.995,34.4,34.568,484161.31,230822.56
2026-03-11 06:00:00+00:00,34.569,34.894,34.403,34.606,347010.14,161496.71
2026-03-11 07:00:00+00:00,34.606,34.8,34.325,34.384,288102.46,124761.37
2026-03-11 08:00:00+00:00,34.384,34.512,34.251,34.444,238110.99,120633.91
2026-03-11 09:00:00+00:00,34.443,34.55,34.266,34.322,209159.0,109034.24
2026-03-11 10:00:00+00:00,34.321,34.707,34.098,34.573,355927.26,190370.48
2026-03-11 11:00:00+00:00,34.572,35.02,34.472,34.857,596349.97,310352.67
2026-03-11 12:00:00+00:00,34.857,35.754,34.752,35.525,1591890.15,909519.93
2026-03-11 13:00:00+00:00,35.524,36.38,35.403,36.05,1493203.0,772842.04
2026-03-11 14:00:00+00:00,36.051,37.0,35.872,36.734,1417632.61,779279.24
2026-03-11 15:00:00+00:00,36.734,36.883,35.986,36.321,1193922.29,525445.98
2026-03-11 16:00:00+00:00,36.32,36.585,35.888,36.44,645193.09,325799.49
2026-03-11 17:00:00+00:00,36.441,36.765,36.022,36.044,551699.25,248308.3
2026-03-11 18:00:00+00:00,36.048,36.529,35.961,36.388,486088.39,247948.98
2026-03-11 19:00:00+00:00,36.389,36.406,36.011,36.314,309350.66,147262.05
2026-03-11 20:00:00+00:00,36.313,36.326,35.748,36.221,446363.49,227864.79
2026-03-11 21:00:00+00:00,36.222,36.395,35.997,36.319,226732.16,120148.77
2026-03-11 22:00:00+00:00,36.32,36.581,36.127,36.166,333209.45,170778.19
2026-03-11 23:00:00+00:00,36.165,36.373,36.081,36.206,174621.38,86185.24
2026-03-12 00:00:00+00:00,36.205,36.784,36.199,36.741,360606.07,202030.82
2026-03-12 01:00:00+00:00,36.741,37.069,36.2,36.324,888030.96,438564.9
2026-03-12 02:00:00+00:00,36.325,36.436,35.804,35.93,811134.94,394871.45
2026-03-12 03:00:00+00:00,35.931,36.194,35.774,35.844,513075.97,249357.89
2026-03-12 04:00:00+00:00,35.842,36.093,35.841,35.974,246602.87,118804.05
2026-03-12 05:00:00+00:00,35.973,37.435,35.916,37.169,1204019.05,695652.58
2026-03-12 06:00:00+00:00,37.168,37.465,36.765,36.977,1030093.38,508268.95
2026-03-12 07:00:00+00:00,36.977,37.0,36.478,36.803,658107.27,335748.98
2026-03-12 08:00:00+00:00,36.802,37.37,36.727,37.334,515919.88,279825.83
2026-03-12 09:00:00+00:00,37.331,37.688,37.064,37.445,543086.91,300902.5
2026-03-12 10:00:00+00:00,37.446,38.046,37.445,37.646,775731.16,444266.84
2026-03-12 11:00:00+00:00,37.646,37.789,37.274,37.311,479096.48,214543.59
2026-03-12 12:00:00+00:00,37.311,37.681,37.227,37.574,450222.92,243450.92
2026-03-12 13:00:00+00:00,37.573,37.988,37.385,37.443,731325.04,357840.65
2026-03-12 14:00:00+00:00,37.443,37.505,36.854,37.172,799658.34,381505.92
2026-03-12 15:00:00+00:00,37.171,37.619,36.989,37.388,517320.47,259583.0
2026-03-12 16:00:00+00:00,37.389,37.696,37.134,37.557,493662.1,260134.45
2026-03-12 17:00:00+00:00,37.558,37.851,37.42,37.702,441496.74,216895.19
2026-03-12 18:00:00+00:00,37.703,37.722,37.061,37.095,420507.45,174868.44
2026-03-12 19:00:00+00:00,37.094,37.297,36.967,37.075,306841.3,130744.34
2026-03-12 20:00:00+00:00,37.076,37.127,36.824,37.072,275829.26,116795.95
2026-03-12 21:00:00+00:00,37.073,37.487,37.073,37.438,196209.83,110502.38
2026-03-12 22:00:00+00:00,37.438,37.446,37.008,37.213,204111.03,99455.86
2026-03-12 23:00:00+00:00,37.212,37.382,37.162,37.248,189530.84,97905.79
2026-03-13 00:00:00+00:00,37.248,37.96,37.145,37.481,609676.54,307473.79
2026-03-13 01:00:00+00:00,37.481,38.355,37.359,38.238,754729.44,419349.68
2026-03-13 02:00:00+00:00,38.239,38.301,37.885,37.959,282561.0,133372.77
2026-03-13 03:00:00+00:00,37.96,38.534,37.929,38.072,500933.46,280563.26
2026-03-13 04:00:00+00:00,38.072,38.227,37.85,38.037,276585.22,136767.73
2026-03-13 05:00:00+00:00,38.038,38.046,37.554,37.567,326618.62,158332.07
2026-03-13 06:00:00+00:00,37.568,37.798,37.466,37.501,324900.94,158253.07
2026-03-13 07:00:00+00:00,37.5,37.744,37.275,37.726,400361.28,175669.11
2026-03-13 08:00:00+00:00,37.726,37.747,36.962,36.976,747694.87,291228.46
2026-03-13 09:00:00+00:00,36.976,37.365,36.911,37.294,513366.52,291822.32
2026-03-13 10:00:00+00:00,37.29,37.441,37.139,37.246,262376.92,135921.96
2026-03-13 11:00:00+00:00,37.247,37.529,37.0,37.325,384830.95,179189.28
2026-03-13 12:00:00+00:00,37.325,37.57,37.087,37.522,377724.99,184953.71
2026-03-13 13:00:00+00:00,37.522,37.67,37.36,37.496,552107.65,276625.87
2026-03-13 14:00:00+00:00,37.495,37.649,36.323,36.404,988945.01,420478.02
2026-03-13 15:00:00+00:00,36.404,36.734,36.102,36.253,840065.76,390749.5
2026-03-13 16:00:00+00:00,36.254,36.441,36.0,36.271,533639.99,274548.05
2026-03-13 17:00:00+00:00,36.271,36.666,36.162,36.649,458015.91,246710.49
2026-03-13 18:00:00+00:00,36.65,36.809,36.47,36.554,348047.63,188578.81
2026-03-13 19:00:00+00:00,36.554,36.785,36.327,36.734,379522.83,180665.56
2026-03-13 20:00:00+00:00,36.735,36.94,36.612,36.771,300656.69,160955.48
2026-03-13 21:00:00+00:00,36.771,36.816,36.418,36.532,268945.26,113537.16
2026-03-13 22:00:00+00:00,36.531,36.568,35.967,36.371,578129.69,255778.57
2026-03-13 23:00:00+00:00,36.371,36.465,36.223,36.43,169960.37,85372.5
2026-03-14 00:00:00+00:00,36.428,36.666,36.336,36.611,266687.72,153725.78
2026-03-14 01:00:00+00:00,36.61,36.743,36.414,36.74,234484.28,120142.91
2026-03-14 02:00:00+00:00,36.739,36.876,36.589,36.84,192934.62,109788.09
2026-03-14 03:00:00+00:00,36.839,37.08,36.839,36.982,325069.98,196999.1
2026-03-14 04:00:00+00:00,36.982,37.4,36.957,37.168,449631.99,258173.34
2026-03-14 05:00:00+00:00,37.168,37.386,37.0,37.254,310357.05,146247.59
2026-03-14 06:00:00+00:00,37.255,37.263,36.932,37.199,272544.79,112577.26
2026-03-14 07:00:00+00:00,37.199,37.518,37.155,37.199,286156.94,148196.93
2026-03-14 08:00:00+00:00,37.198,37.215,36.932,37.043,223644.7,89808.01
2026-03-14 09:00:00+00:00,37.044,37.136,36.8,36.932,283058.89,109819.32
2026-03-14 10:00:00+00:00,36.932,37.041,36.563,36.624,383653.16,114720.94
2026-03-14 11:00:00+00:00,36.623,36.894,36.606,36.894,165763.63,85664.32
2026-03-14 12:00:00+00:00,36.894,37.888,36.893,37.733,852376.82,503962.39
2026-03-14 13:00:00+00:00,37.734,38.368,37.603,38.0,853922.52,469721.18
2026-03-14 14:00:00+00:00,38.001,38.114,37.511,37.537,470373.82,198245.33
2026-03-14 15:00:00+00:00,37.538,38.178,37.518,37.977,421463.74,225479.08
2026-03-14 16:00:00+00:00,37.976,38.846,37.901,38.33,1052443.4,604361.71
2026-03-14 17:00:00+00:00,38.329,38.567,38.029,38.07,290560.5,140552.77
2026-03-14 18:00:00+00:00,38.071,38.188,37.784,37.966,419774.39,188063.01
2026-03-14 19:00:00+00:00,37.966,38.218,37.935,38.05,231230.25,114666.15
2026-03-14 20:00:00+00:00,38.05,38.055,37.691,37.76,206827.17,85060.37
2026-03-14 21:00:00+00:00,37.761,38.079,37.656,37.998,199202.59,107092.43
2026-03-14 22:00:00+00:00,37.997,38.279,37.915,38.009,228468.51,119889.57
2026-03-14 23:00:00+00:00,38.008,38.156,37.787,37.793,217798.98,99105.06
2026-03-15 00:00:00+00:00,37.793,37.912,37.605,37.772,246971.61,112729.06
2026-03-15 01:00:00+00:00,37.772,37.994,37.576,37.799,317302.05,169973.42
2026-03-15 02:00:00+00:00,37.798,38.046,37.702,38.043,255572.61,150838.49
2026-03-15 03:00:00+00:00,38.042,38.219,37.917,38.1,227752.2,117607.11
2026-03-15 04:00:00+00:00,38.1,38.272,37.851,37.941,227227.66,104772.56
2026-03-15 05:00:00+00:00,37.938,37.942,37.5,37.557,467767.89,191985.94
2026-03-15 06:00:00+00:00,37.56,37.759,37.373,37.669,261639.16,128493.54
2026-03-15 07:00:00+00:00,37.669,37.669,37.415,37.5,144830.49,58351.87
2026-03-15 08:00:00+00:00,37.499,37.598,37.126,37.311,429812.57,159075.75
2026-03-15 09:00:00+00:00,37.311,37.42,37.096,37.149,245454.93,112184.53
2026-03-15 10:00:00+00:00,37.149,37.35,37.069,37.329,210520.36,111134.78
2026-03-15 11:00:00+00:00,37.329,37.738,37.266,37.638,313842.1,183941.8
2026-03-15 12:00:00+00:00,37.638,37.644,37.353,37.42,160685.12,71296.67
2026-03-15 13:00:00+00:00,37.42,37.584,37.171,37.478,348563.37,155418.06
2026-03-15 14:00:00+00:00,37.478,37.547,37.242,37.426,167911.84,72675.59
2026-03-15 15:00:00+00:00,37.426,37.482,37.248,37.281,128898.97,55999.02
2026-03-15 16:00:00+00:00,37.281,37.31,37.029,37.107,248520.82,92197.48
2026-03-15 17:00:00+00:00,37.107,37.505,37.08,37.361,163411.99,95312.66
2026-03-15 18:00:00+00:00,37.361,37.399,36.834,36.852,291226.74,88600.46
2026-03-15 19:00:00+00:00,36.851,37.146,36.774,37.093,251241.93,112240.48
2026-03-15 20:00:00+00:00,37.092,37.172,36.858,36.941,173228.47,73808.01
2026-03-15 21:00:00+00:00,36.942,37.333,36.854,37.205,221270.64,135007.71
2026-03-15 22:00:00+00:00,37.205,37.583,36.866,37.502,540362.0,291303.42
2026-03-15 23:00:00+00:00,37.502,37.684,37.092,37.242,348023.67,167623.52
2026-03-16 00:00:00+00:00,37.242,37.661,37.235,37.619,376159.21,195719.19
2026-03-16 01:00:00+00:00,37.618,37.692,37.203,37.448,262863.33,124923.77
2026-03-16 02:00:00+00:00,37.45,37.85,37.403,37.502,378597.71,175455.96
2026-03-16 03:00:00+00:00,37.499,38.164,37.402,37.793,555857.53,312511.26
2026-03-16 04:00:00+00:00,37.794,38.237,37.718,38.083,591933.66,339476.19
2026-03-16 05:00:00+00:00,38.083,38.589,38.0,38.34,555516.31,283499.24
2026-03-16 06:00:00+00:00,38.339,38.616,37.926,38.457,534961.92,258278.11
2026-03-16 07:00:00+00:00,38.458,39.343,38.458,38.737,999262.75,512708.84
2026-03-16 08:00:00+00:00,38.738,39.369,38.701,39.147,669719.31,361555.14
2026-03-16 09:00:00+00:00,39.148,39.44,38.999,39.024,559371.17,254790.99
2026-03-16 10:00:00+00:00,39.024,39.236,38.881,39.145,362561.91,176170.92
2026-03-16 11:00:00+00:00,39.145,39.63,39.005,39.513,681104.29,377954.76
2026-03-16 12:00:00+00:00,39.514,39.693,39.136,39.478,416388.11,205271.95
2026-03-16 13:00:00+00:00,39.479,39.716,39.147,39.198,504253.48,226918.82
2026-03-16 14:00:00+00:00,39.198,39.26,38.401,38.681,838178.9,346908.92
2026-03-16 15:00:00+00:00,38.682,39.26,38.589,39.029,518413.71,293546.3
2026-03-16 16:00:00+00:00,39.028,39.357,38.857,38.981,379496.16,176908.06
2026-03-16 17:00:00+00:00,38.982,39.213,38.622,38.765,318279.15,157614.6
2026-03-16 18:00:00+00:00,38.766,39.288,38.698,38.954,327092.37,154626.5
2026-03-16 19:00:00+00:00,38.955,39.597,38.836,39.552,325100.45,178463.62
2026-03-16 20:00:00+00:00,39.552,40.84,39.391,40.418,992009.44,570050.56
2026-03-16 21:00:00+00:00,40.417,41.351,40.337,41.085,916038.19,493032.21
2026-03-16 22:00:00+00:00,41.086,41.444,40.831,41.114,677401.7,334631.07
2026-03-16 23:00:00+00:00,41.114,41.299,40.593,40.784,513640.92,232770.01
2026-03-17 00:00:00+00:00,40.783,41.239,40.207,40.445,717375.48,354017.82
2026-03-17 01:00:00+00:00,40.439,40.844,40.21,40.724,430350.15,225316.16
2026-03-17 02:00:00+00:00,40.724,40.752,40.336,40.412,528496.2,244148.96
2026-03-17 03:00:00+00:00,40.412,40.681,40.006,40.479,484801.35,201706.28
2026-03-17 04:00:00+00:00,40.48,40.634,40.222,40.467,284871.2,130636.64
2026-03-17 05:00:00+00:00,40.466,40.93,40.333,40.51,426948.3,202837.27
2026-03-17 06:00:00+00:00,40.511,41.568,40.496,41.049,578111.88,320801.23
2026-03-17 07:00:00+00:00,41.05,41.484,41.017,41.447,294695.15,155228.06
2026-03-17 08:00:00+00:00,41.448,41.524,40.671,40.949,497412.45,226828.24
2026-03-17 09:00:00+00:00,40.948,40.951,40.413,40.56,401221.3,173280.79
2026-03-17 10:00:00+00:00,40.56,41.051,40.414,40.909,290831.23,161827.56
2026-03-17 11:00:00+00:00,40.91,41.774,40.721,41.418,519603.96,295945.1
2026-03-17 12:00:00+00:00,41.416,41.64,41.081,41.19,409107.68,189957.25
2026-03-17 13:00:00+00:00,41.19,41.281,40.605,40.627,583730.42,245766.4
2026-03-17 14:00:00+00:00,40.626,40.896,40.365,40.436,582845.66,262646.84
2026-03-17 15:00:00+00:00,40.437,40.637,39.599,39.866,817205.64,334636.98
2026-03-17 16:00:00+00:00,39.866,40.38,39.856,40.235,379719.13,210044.09
2026-03-17 17:00:00+00:00,40.233,40.518,40.191,40.5,279343.02,142325.13
2026-03-17 18:00:00+00:00,40.498,41.248,40.258,41.168,526614.59,311165.93
2026-03-17 19:00:00+00:00,41.167,41.315,40.945,40.981,234992.32,116625.95
2026-03-17 20:00:00+00:00,40.982,41.933,40.875,41.894,484293.39,283436.01
2026-03-17 21:00:00+00:00,41.893,42.149,41.692,41.796,336774.77,191050.09
2026-03-17 22:00:00+00:00,41.799,41.893,41.346,41.397,260634.32,106359.04
2026-03-17 23:00:00+00:00,41.397,41.476,41.071,41.146,252451.5,110010.03
2026-03-18 00:00:00+00:00,41.147,41.411,40.493,41.114,526471.47,237532.43
2026-03-18 01:00:00+00:00,41.114,42.08,41.088,41.942,584503.75,338149.01
2026-03-18 02:00:00+00:00,41.941,42.28,41.682,41.715,394972.47,176526.87
2026-03-18 03:00:00+00:00,41.711,42.354,41.649,42.172,350731.77,186159.68
2026-03-18 04:00:00+00:00,42.172,42.268,41.701,41.814,299985.25,147563.07
2026-03-18 05:00:00+00:00,41.812,41.844,41.311,41.394,285827.72,127992.42
2026-03-18 06:00:00+00:00,41.393,42.147,41.366,41.929,350077.53,212326.74
2026-03-18 07:00:00+00:00,41.928,42.044,41.575,41.674,218065.46,101579.0
2026-03-18 08:00:00+00:00,41.674,42.029,41.326,41.414,334272.93,148864.98
2026-03-18 09:00:00+00:00,41.413,41.416,41.022,41.396,514030.51,230627.56
2026-03-18 10:00:00+00:00,41.396,41.559,41.211,41.45,216349.4,103952.84
2026-03-18 11:00:00+00:00,41.448,41.654,40.863,41.16,560073.85,254605.75
2026-03-18 12:00:00+00:00,41.161,41.271,40.224,40.538,909591.2,370618.06
2026-03-18 13:00:00+00:00,40.544,43.086,40.136,41.257,4173166.38,2179185.13
2026-03-18 14:00:00+00:00,41.257,41.491,40.505,41.062,1737571.63,897510.79
2026-03-18 15:00:00+00:00,41.065,41.723,40.821,41.564,945602.99,490110.22
2026-03-18 16:00:00+00:00,41.564,42.627,41.455,42.572,1588740.47,827469.56
2026-03-18 17:00:00+00:00,42.564,43.753,42.441,43.23,1990855.77,1074502.24
2026-03-18 18:00:00+00:00,43.232,43.715,42.134,42.449,2156612.65,949781.52
2026-03-18 19:00:00+00:00,42.449,42.728,41.734,42.529,1157520.56,467664.61
2026-03-18 20:00:00+00:00,42.53,42.921,41.984,42.595,743600.31,330795.05
2026-03-18 21:00:00+00:00,42.594,43.004,42.368,42.404,324393.08,160974.4
2026-03-18 22:00:00+00:00,42.407,42.42,41.538,41.848,537641.91,238591.93
2026-03-18 23:00:00+00:00,41.848,42.183,41.665,42.079,221279.75,115671.93
2026-03-19 00:00:00+00:00,42.079,42.221,41.43,41.44,403405.26,183511.11
2026-03-19 01:00:00+00:00,41.441,41.746,41.076,41.131,380908.38,189614.23
2026-03-19 02:00:00+00:00,41.132,41.451,41.036,41.292,277539.95,144498.41
2026-03-19 03:00:00+00:00,41.293,41.79,41.108,41.512,436945.23,225380.57
2026-03-19 04:00:00+00:00,41.512,41.587,40.937,40.982,321140.94,140867.9
2026-03-19 05:00:00+00:00,40.983,41.496,40.966,41.302,346447.72,167170.71
2026-03-19 06:00:00+00:00,41.303,41.606,41.08,41.138,292614.95,160175.96
2026-03-19 07:00:00+00:00,41.141,41.181,40.013,40.122,1529537.36,681457.01
2026-03-19 08:00:00+00:00,40.123,40.279,39.323,39.668,1387492.31,669155.63
2026-03-19 09:00:00+00:00,39.667,39.887,39.042,39.809,922037.56,444626.68
2026-03-19 10:00:00+00:00,39.809,40.038,39.54,39.581,462698.67,217112.45
2026-03-19 11:00:00+00:00,39.577,39.967,39.378,39.472,326147.56,146795.8
2026-03-19 12:00:00+00:00,39.472,39.472,38.678,38.859,850547.52,327390.48
2026-03-19 13:00:00+00:00,38.86,39.503,38.589,39.499,1379986.05,756068.37
2026-03-19 14:00:00+00:00,39.5,39.543,39.001,39.479,785783.44,383519.12
2026-03-19 15:00:00+00:00,39.479,39.8,38.822,39.59,967801.62,471629.17
2026-03-19 16:00:00+00:00,39.591,39.808,39.226,39.356,443451.24,222156.47
2026-03-19 17:00:00+00:00,39.357,40.269,39.072,40.104,658797.62,390812.22
2026-03-19 18:00:00+00:00,40.105,40.231,39.556,39.993,417670.14,207225.55
2026-03-19 19:00:00+00:00,39.99,40.567,39.649,39.769,691725.37,334175.44
2026-03-19 20:00:00+00:00,39.769,40.057,39.372,39.468,506256.22,245980.77
2026-03-19 21:00:00+00:00,39.47,39.636,39.075,39.232,356676.87,144759.23
2026-03-19 22:00:00+00:00,39.232,39.602,39.009,39.389,346177.59,168507.99
2026-03-19 23:00:00+00:00,39.391,39.585,39.085,39.329,306565.66,142410.14
2026-03-20 00:00:00+00:00,39.328,40.0,39.219,39.97,401868.14,213029.02
2026-03-20 01:00:00+00:00,39.971,40.372,39.702,39.723,488150.17,223070.76
2026-03-20 02:00:00+00:00,39.722,40.02,39.509,39.638,334610.53,176587.63
2026-03-20 03:00:00+00:00,39.639,39.937,39.379,39.864,409732.16,192591.0
2026-03-20 04:00:00+00:00,39.865,40.106,39.463,39.58,386147.44,184961.85
2026-03-20 05:00:00+00:00,39.581,39.911,39.379,39.899,314916.27,146579.96
2026-03-20 06:00:00+00:00,39.899,39.899,39.131,39.388,404395.43,169192.14
2026-03-20 07:00:00+00:00,39.389,40.387,39.159,40.343,706252.65,362010.24
2026-03-20 08:00:00+00:00,40.344,40.755,39.792,39.869,816783.57,407797.26
2026-03-20 09:00:00+00:00,39.869,39.875,39.2,39.439,687707.76,285964.03
2026-03-20 10:00:00+00:00,39.439,39.756,39.187,39.475,412429.8,206499.62
2026-03-20 11:00:00+00:00,39.478,39.841,39.313,39.492,293001.13,155830.49
2026-03-20 12:00:00+00:00,39.491,39.632,39.117,39.456,339916.39,150655.31
2026-03-20 13:00:00+00:00,39.457,39.627,38.952,39.049,714552.77,308809.92
2026-03-20 14:00:00+00:00,39.049,39.435,38.644,38.777,950231.86,440383.42
2026-03-20 15:00:00+00:00,38.776,39.56,38.772,39.465,552133.91,302196.05
2026-03-20 16:00:00+00:00,39.465,39.914,39.305,39.412,544672.22,278083.02
2026-03-20 17:00:00+00:00,39.414,39.466,38.905,39.216,427957.98,198815.35
2026-03-20 18:00:00+00:00,39.215,39.315,38.742,38.987,496607.38,226525.75
2026-03-20 19:00:00+00:00,38.988,39.23,38.343,39.12,859244.92,421320.36
2026-03-20 20:00:00+00:00,39.119,39.696,38.75,39.156,645767.06,321083.8
2026-03-20 21:00:00+00:00,39.155,39.664,38.895,39.607,384282.29,210682.26
2026-03-20 22:00:00+00:00,39.606,40.14,39.548,40.022,354043.46,200781.89
2026-03-20 23:00:00+00:00,40.022,40.026,39.435,39.528,344887.51,132648.71
2026-03-21 00:00:00+00:00,39.528,39.746,39.39,39.459,205022.02,95293.78
2026-03-21 01:00:00+00:00,39.459,39.53,39.286,39.445,132647.34,68762.85
2026-03-21 02:00:00+00:00,39.445,39.781,39.296,39.722,193875.74,110768.53
2026-03-21 03:00:00+00:00,39.723,39.84,39.547,39.632,214658.13,120621.45
2026-03-21 04:00:00+00:00,39.631,39.805,39.362,39.498,162815.43,71114.12
2026-03-21 05:00:00+00:00,39.497,39.567,39.18,39.34,143926.61,64499.48
2026-03-21 06:00:00+00:00,39.34,39.527,39.238,39.386,137709.86,62970.01
2026-03-21 07:00:00+00:00,39.385,39.725,39.38,39.688,166928.65,97505.24
2026-03-21 08:00:00+00:00,39.689,39.692,39.432,39.505,124896.01,53044.54
2026-03-21 09:00:00+00:00,39.505,39.72,39.471,39.651,90676.94,48325.72
2026-03-21 10:00:00+00:00,39.651,39.758,39.518,39.732,106324.32,61305.75
2026-03-21 11:00:00+00:00,39.733,40.098,39.723,40.067,250415.06,152602.94
2026-03-21 12:00:00+00:00,40.068,40.18,39.713,39.783,245058.08,114156.25
2026-03-21 13:00:00+00:00,39.784,39.959,39.679,39.954,145445.64,67639.78
2026-03-21 14:00:00+00:00,39.955,40.155,39.739,39.795,230401.15,106496.4
2026-03-21 15:00:00+00:00,39.796,40.1,39.761,39.908,189867.07,109663.12
2026-03-21 16:00:00+00:00,39.916,40.349,39.81,40.003,309605.56,183066.98
2026-03-21 17:00:00+00:00,40.003,40.307,39.9,40.204,184604.24,92913.68
2026-03-21 18:00:00+00:00,40.204,40.447,40.139,40.267,164831.27,91257.04
2026-03-21 19:00:00+00:00,40.267,40.366,40.124,40.152,126646.3,64143.91
2026-03-21 20:00:00+00:00,40.151,40.261,39.983,40.211,146987.37,74291.09
2026-03-21 21:00:00+00:00,40.212,40.267,40.002,40.062,83360.43,39753.84
2026-03-21 22:00:00+00:00,40.06,40.089,39.848,39.852,93540.61,44786.63
2026-03-21 23:00:00+00:00,39.852,39.875,38.91,39.135,717274.23,283991.93
2026-03-22 00:00:00+00:00,39.134,39.509,38.68,39.313,658584.12,362866.21
2026-03-22 01:00:00+00:00,39.313,39.453,38.599,38.803,541908.73,221510.12
2026-03-22 02:00:00+00:00,38.803,39.126,38.508,39.034,465838.2,218264.68
2026-03-22 03:00:00+00:00,39.037,39.48,39.006,39.047,366597.57,190043.41
2026-03-22 04:00:00+00:00,39.047,39.244,38.919,38.993,178014.35,81795.94
2026-03-22 05:00:00+00:00,38.991,38.996,38.416,38.441,381633.87,154629.74
2026-03-22 06:00:00+00:00,38.442,38.459,38.034,38.423,455975.38,209781.17
2026-03-22 07:00:00+00:00,38.423,38.569,38.186,38.274,369228.63,155404.67
2026-03-22 08:00:00+00:00,38.274,38.302,37.9,38.253,474600.6,248725.15
2026-03-22 09:00:00+00:00,38.252,38.339,37.951,38.155,205949.01,106262.6
2026-03-22 10:00:00+00:00,38.156,38.182,37.951,38.006,172220.84,90213.26
2026-03-22 11:00:00+00:00,38.006,38.017,37.409,37.926,706657.86,284423.5
2026-03-22 12:00:00+00:00,37.927,38.422,37.911,38.242,479378.93,265762.99
2026-03-22 13:00:00+00:00,38.243,38.414,38.102,38.281,325591.71,178746.7
2026-03-22 14:00:00+00:00,38.282,38.399,38.171,38.222,164316.94,82792.53
2026-03-22 15:00:00+00:00,38.221,38.307,37.975,38.058,272160.74,123515.59
2026-03-22 16:00:00+00:00,38.058,38.193,37.908,38.036,198367.91,97305.04
2026-03-22 17:00:00+00:00,38.036,38.218,37.954,38.067,164787.8,77190.79
2026-03-22 18:00:00+00:00,38.067,38.188,37.837,38.065,247327.26,112577.71
2026-03-22 19:00:00+00:00,38.064,38.065,37.851,37.999,221584.99,99937.71
2026-03-22 20:00:00+00:00,37.998,38.33,37.92,37.968,342396.21,219772.86
2026-03-22 21:00:00+00:00,37.969,38.061,37.553,37.78,542282.84,242899.31
2026-03-22 22:00:00+00:00,37.78,38.53,37.441,38.425,571376.55,320498.87
2026-03-22 23:00:00+00:00,38.425,38.721,38.26,38.342,331845.67,166414.38
2026-03-23 00:00:00+00:00,38.342,38.441,37.583,37.605,566726.32,256145.68
2026-03-23 01:00:00+00:00,37.604,38.131,37.509,37.991,386211.22,215350.62
2026-03-23 02:00:00+00:00,37.99,38.402,37.799,38.156,281660.3,151033.4
2026-03-23 03:00:00+00:00,38.156,38.376,38.008,38.022,174475.54,92844.2
2026-03-23 04:00:00+00:00,38.022,38.25,37.982,38.217,108553.87,59679.07
2026-03-23 05:00:00+00:00,38.216,38.443,38.0,38.237,287351.13,138648.24
2026-03-23 06:00:00+00:00,38.238,38.242,37.497,37.761,406676.72,176575.7
2026-03-23 07:00:00+00:00,37.762,37.791,37.352,37.474,407800.96,193016.01
2026-03-23 08:00:00+00:00,37.471,37.721,37.169,37.267,509402.33,236614.99
2026-03-23 09:00:00+00:00,37.267,37.354,36.863,36.998,500991.14,199711.26
2026-03-23 10:00:00+00:00,36.999,37.088,36.752,37.01,293800.53,121813.04
2026-03-23 11:00:00+00:00,37.011,39.587,36.995,37.557,3782312.03,1927784.63
2026-03-23 12:00:00+00:00,37.558,38.434,37.13,38.375,1267568.84,654893.63
2026-03-23 13:00:00+00:00,38.376,38.948,38.213,38.92,993695.58,507613.32
2026-03-23 14:00:00+00:00,38.921,38.979,37.977,38.205,990122.28,469910.39
2026-03-23 15:00:00+00:00,38.208,38.334,37.606,37.677,702667.67,341027.11
2026-03-23 16:00:00+00:00,37.678,37.796,37.325,37.575,445599.14,197186.17
2026-03-23 17:00:00+00:00,37.575,38.209,37.535,38.203,460061.06,271763.63
2026-03-23 18:00:00+00:00,38.202,38.208,37.623,37.74,277190.89,133469.94
2026-03-23 19:00:00+00:00,37.739,38.083,37.546,37.922,733266.89,268291.56
2026-03-23 20:00:00+00:00,37.924,38.217,37.726,38.189,286864.4,149039.07
2026-03-23 21:00:00+00:00,38.188,38.206,37.756,37.846,164418.48,84070.51
2026-03-23 22:00:00+00:00,37.847,37.875,37.41,37.561,252603.81,113443.79
2026-03-23 23:00:00+00:00,37.561,37.572,37.031,37.341,592351.62,274669.98
2026-03-24 00:00:00+00:00,37.342,37.689,37.236,37.578,335485.69,183293.14
2026-03-24 01:00:00+00:00,37.577,37.662,37.219,37.356,253188.64,135513.32
2026-03-24 02:00:00+00:00,37.352,37.639,37.251,37.542,218773.16,126064.19
2026-03-24 03:00:00+00:00,37.541,37.867,37.431,37.861,206395.45,112620.92
2026-03-24 04:00:00+00:00,37.86,38.285,37.85,38.094,450138.82,236764.67
2026-03-24 05:00:00+00:00,38.094,38.151,37.829,37.858,291250.31,148266.19
2026-03-24 06:00:00+00:00,37.858,38.153,37.771,38.102,271170.74,143633.23
2026-03-24 07:00:00+00:00,38.101,38.55,38.036,38.532,472179.09,260030.83
2026-03-24 08:00:00+00:00,38.531,38.706,38.174,38.197,380788.39,186527.36
2026-03-24 09:00:00+00:00,38.197,38.615,38.074,38.534,239476.01,104474.11
2026-03-24 10:00:00+00:00,38.533,38.703,38.257,38.687,304083.02,142191.74
2026-03-24 11:00:00+00:00,38.686,38.839,38.49,38.596,286412.48,136984.91
2026-03-24 12:00:00+00:00,38.596,38.634,38.362,38.528,184308.47,91827.48
2026-03-24 13:00:00+00:00,38.528,38.898,38.177,38.474,786315.27,345840.61
2026-03-24 14:00:00+00:00,38.474,38.717,37.944,38.586,1225110.29,634801.61
2026-03-24 15:00:00+00:00,38.583,39.847,38.583,39.387,1278647.79,738298.78
2026-03-24 16:00:00+00:00,39.387,39.588,38.953,39.26,642176.13,298165.48
2026-03-24 17:00:00+00:00,39.262,39.372,38.778,39.048,567547.2,257548.9
2026-03-24 18:00:00+00:00,39.049,39.949,38.966,39.673,720781.33,399974.25
2026-03-24 19:00:00+00:00,39.673,39.859,39.44,39.698,314338.25,138669.27
2026-03-24 20:00:00+00:00,39.697,40.485,39.681,40.209,660412.94,377074.39
2026-03-24 21:00:00+00:00,40.21,40.411,39.65,39.713,343671.26,142851.6
2026-03-24 22:00:00+00:00,39.712,40.259,39.7,40.032,262479.19,139963.2
2026-03-24 23:00:00+00:00,40.031,40.434,39.98,40.321,248115.19,133222.28
2026-03-25 00:00:00+00:00,40.32,40.947,40.276,40.485,669188.23,353812.63
2026-03-25 01:00:00+00:00,40.484,40.743,40.206,40.224,291762.13,132811.04
2026-03-25 02:00:00+00:00,40.226,40.5,40.06,40.217,289626.86,146677.55
2026-03-25 03:00:00+00:00,40.216,40.478,39.858,40.284,483299.98,229229.28
2026-03-25 04:00:00+00:00,40.283,40.386,40.135,40.345,131327.73,66536.94
2026-03-25 05:00:00+00:00,40.347,40.45,39.977,40.114,263726.15,97694.93
2026-03-25 06:00:00+00:00,40.115,40.265,40.003,40.004,149545.47,66038.14
2026-03-25 07:00:00+00:00,40.006,40.359,39.995,40.267,176963.0,91429.59
2026-03-25 08:00:00+00:00,40.271,40.892,40.266,40.597,489402.99,253858.53
2026-03-25 09:00:00+00:00,40.594,40.8,40.404,40.609,242726.98,113940.77
2026-03-25 10:00:00+00:00,40.611,41.156,40.594,40.874,299135.09,186276.78
2026-03-25 11:00:00+00:00,40.874,41.58,40.807,41.348,572464.7,335549.16
2026-03-25 12:00:00+00:00,41.345,41.388,40.7,40.958,407107.93,189504.79
2026-03-25 13:00:00+00:00,40.958,41.23,40.812,40.906,345764.93,148185.41
2026-03-25 14:00:00+00:00,40.906,40.916,40.102,40.22,841466.14,376627.57
2026-03-25 15:00:00+00:00,40.221,40.513,40.022,40.272,444680.77,212164.9
2026-03-25 16:00:00+00:00,40.271,40.841,40.266,40.499,412320.13,228318.33
2026-03-25 17:00:00+00:00,40.499,40.648,40.403,40.469,214153.79,90146.24
2026-03-25 18:00:00+00:00,40.468,40.721,40.361,40.407,273853.72,138620.64
2026-03-25 19:00:00+00:00,40.406,40.535,40.249,40.47,156041.17,76535.93
2026-03-25 20:00:00+00:00,40.471,40.478,39.66,39.801,495730.87,150408.84
2026-03-25 21:00:00+00:00,39.801,40.103,39.739,40.051,202842.73,113876.07
2026-03-25 22:00:00+00:00,40.051,40.475,40.031,40.227,246052.51,133986.74
2026-03-25 23:00:00+00:00,40.227,40.467,40.2,40.308,128141.92,64147.89
2026-03-26 00:00:00+00:00,40.307,40.36,39.83,40.025,218943.59,97054.27
2026-03-26 01:00:00+00:00,40.025,40.257,39.953,40.049,146390.12,72599.25
2026-03-26 02:00:00+00:00,40.049,40.125,39.473,39.64,400860.64,134588.4
2026-03-26 03:00:00+00:00,39.64,39.647,39.259,39.432,290137.01,102361.27
2026-03-26 04:00:00+00:00,39.431,39.444,39.08,39.212,199247.79,68628.78
2026-03-26 05:00:00+00:00,39.212,39.372,38.761,38.901,506625.04,222019.56
2026-03-26 06:00:00+00:00,38.901,39.178,38.728,38.8,337191.73,170580.56
2026-03-26 07:00:00+00:00,38.8,39.121,38.712,39.018,282732.94,168137.45
2026-03-26 08:00:00+00:00,39.019,39.198,38.916,39.18,236685.72,117727.52
2026-03-26 09:00:00+00:00,39.181,39.484,38.918,39.149,633857.52,331272.88
2026-03-26 10:00:00+00:00,39.149,39.184,38.887,38.929,264857.46,114117.07
2026-03-26 11:00:00+00:00,38.929,39.111,38.853,39.072,259413.58,135278.84
2026-03-26 12:00:00+00:00,39.073,39.324,39.05,39.27,285333.0,170112.81
2026-03-26 13:00:00+00:00,39.269,39.798,39.24,39.524,481676.32,267548.55
2026-03-26 14:00:00+00:00,39.523,39.773,39.352,39.567,367839.44,208503.51
2026-03-26 15:00:00+00:00,39.564,39.631,39.191,39.206,358187.54,152623.92
2026-03-26 16:00:00+00:00,39.206,39.241,38.801,39.026,451204.68,209333.36
2026-03-26 17:00:00+00:00,39.026,39.235,38.782,38.809,282746.38,129014.94
2026-03-26 18:00:00+00:00,38.808,38.91,38.347,38.633,889638.36,407843.74
2026-03-26 19:00:00+00:00,38.633,38.7,38.41,38.446,200839.96,89560.3
2026-03-26 20:00:00+00:00,38.447,39.194,38.271,38.851,673996.75,372158.69
2026-03-26 21:00:00+00:00,38.85,39.218,38.69,39.002,278028.84,163942.16
2026-03-26 22:00:00+00:00,39.003,39.065,38.802,39.048,216514.31,99648.86
2026-03-26 23:00:00+00:00,39.048,39.149,38.865,39.149,171059.55,84823.38
2026-03-27 00:00:00+00:00,39.149,39.36,38.872,38.977,192718.41,91252.62
2026-03-27 01:00:00+00:00,38.978,39.029,38.623,38.865,208553.5,87506.16
2026-03-27 02:00:00+00:00,38.866,38.956,38.666,38.695,86390.63,36919.72
2026-03-27 03:00:00+00:00,38.694,38.727,38.433,38.623,195692.48,87096.64
2026-03-27 04:00:00+00:00,38.62,38.936,38.49,38.795,209946.38,101446.78
2026-03-27 05:00:00+00:00,38.793,38.964,38.688,38.823,165946.9,82653.6
2026-03-27 06:00:00+00:00,38.823,38.836,38.55,38.659,142158.06,60382.36
2026-03-27 07:00:00+00:00,38.659,39.4,38.55,39.311,399819.06,229486.44
2026-03-27 08:00:00+00:00,39.311,39.43,38.57,38.809,492585.27,232338.89
2026-03-27 09:00:00+00:00,38.808,38.921,38.436,38.794,310058.41,144879.26
2026-03-27 10:00:00+00:00,38.794,38.873,37.95,37.992,895264.99,336404.09
2026-03-27 11:00:00+00:00,37.992,38.419,37.881,38.308,381858.92,232085.38
2026-03-27 12:00:00+00:00,38.309,38.468,38.024,38.382,291553.46,156652.21
2026-03-27 13:00:00+00:00,38.382,38.591,37.947,38.059,537723.25,257040.51
2026-03-27 14:00:00+00:00,38.058,38.611,38.033,38.401,612766.27,306188.15
2026-03-27 15:00:00+00:00,38.401,38.98,38.4,38.649,695601.46,377672.88
2026-03-27 16:00:00+00:00,38.649,38.659,38.29,38.433,371953.0,163481.57
2026-03-27 17:00:00+00:00,38.434,38.742,38.155,38.165,337772.96,146412.67
2026-03-27 18:00:00+00:00,38.166,38.396,38.101,38.368,211478.4,98949.37
2026-03-27 19:00:00+00:00,38.366,38.827,38.098,38.727,320719.82,190802.17
2026-03-27 20:00:00+00:00,38.728,38.888,38.344,38.43,420006.11,198345.2
2026-03-27 21:00:00+00:00,38.429,38.628,38.359,38.58,77208.43,40073.22
2026-03-27 22:00:00+00:00,38.58,38.584,38.235,38.398,126372.31,59617.86
2026-03-27 23:00:00+00:00,38.398,38.676,38.329,38.658,113093.07,67774.13
2026-03-28 00:00:00+00:00,38.659,38.659,37.97,38.058,254919.01,125379.26
2026-03-28 01:00:00+00:00,38.059,38.274,38.001,38.223,218065.92,86769.27
2026-03-28 02:00:00+00:00,38.223,38.464,38.175,38.45,134074.44,74689.01
2026-03-28 03:00:00+00:00,38.45,38.586,38.307,38.52,112705.68,63548.77
2026-03-28 04:00:00+00:00,38.52,38.646,38.408,38.555,198672.19,99814.18
2026-03-28 05:00:00+00:00,38.555,38.68,38.298,38.528,187822.66,101449.07
2026-03-28 06:00:00+00:00,38.529,39.184,38.495,39.133,346459.74,224675.11
2026-03-28 07:00:00+00:00,39.134,39.381,38.961,39.366,344424.29,203252.78
2026-03-28 08:00:00+00:00,39.366,39.707,39.337,39.5,498591.31,267840.39
2026-03-28 09:00:00+00:00,39.499,39.633,39.302,39.445,193299.11,89264.05
2026-03-28 10:00:00+00:00,39.445,39.665,39.144,39.349,252669.57,109751.54
2026-03-28 11:00:00+00:00,39.35,39.559,39.133,39.516,267347.24,131288.25
2026-03-28 12:00:00+00:00,39.516,40.211,39.415,40.151,567107.54,322321.4
2026-03-28 13:00:00+00:00,40.151,40.181,39.828,39.894,470656.98,235027.2
2026-03-28 14:00:00+00:00,39.893,39.998,39.806,39.919,177466.99,86921.66
2026-03-28 15:00:00+00:00,39.918,40.29,39.883,40.224,287215.59,146169.92
2026-03-28 16:00:00+00:00,40.221,40.281,39.804,39.817,249884.32,89031.5
2026-03-28 17:00:00+00:00,39.818,39.872,39.529,39.764,296371.04,108258.98
2026-03-28 18:00:00+00:00,39.764,39.795,39.63,39.747,101450.15,53672.84
2026-03-28 19:00:00+00:00,39.747,40.073,39.656,39.9,162018.86,91283.88
2026-03-28 20:00:00+00:00,39.899,39.97,39.825,39.935,77808.68,38593.19
2026-03-28 21:00:00+00:00,39.934,39.95,39.62,39.671,121341.1,48851.24
2026-03-28 22:00:00+00:00,39.67,39.828,39.619,39.787,98155.38,55262.13
2026-03-28 23:00:00+00:00,39.787,39.872,39.38,39.462,360268.64,157753.7
2026-03-29 00:00:00+00:00,39.462,39.599,39.368,39.543,149617.73,76140.83
2026-03-29 01:00:00+00:00,39.542,39.666,39.24,39.479,215550.59,80609.22
2026-03-29 02:00:00+00:00,39.48,39.771,39.429,39.729,146094.22,79881.87
2026-03-29 03:00:00+00:00,39.729,39.986,39.654,39.931,227251.68,124278.81
2026-03-29 04:00:00+00:00,39.93,40.056,39.759,39.806,184327.86,93592.98
2026-03-29 05:00:00+00:00,39.806,39.866,39.662,39.817,116004.9,57203.97
2026-03-29 06:00:00+00:00,39.817,39.976,39.784,39.791,110989.5,58113.45
2026-03-29 07:00:00+00:00,39.79,39.79,39.609,39.686,146686.37,62139.31
2026-03-29 08:00:00+00:00,39.686,39.9,39.641,39.84,152606.27,65330.77
2026-03-29 09:00:00+00:00,39.84,39.872,39.51,39.578,192975.29,76505.82
2026-03-29 10:00:00+00:00,39.577,39.577,39.217,39.393,345656.87,143464.29
2026-03-29 11:00:00+00:00,39.394,39.642,39.318,39.32,236250.21,130657.81
2026-03-29 12:00:00+00:00,39.32,39.469,39.122,39.15,227355.22,92597.56
2026-03-29 13:00:00+00:00,39.156,39.24,38.936,39.105,391646.9,169739.71
2026-03-29 14:00:00+00:00,39.105,39.118,38.75,38.852,375962.6,150150.62
2026-03-29 15:00:00+00:00,38.852,39.066,38.729,38.999,253515.89,128275.71
2026-03-29 16:00:00+00:00,38.998,39.143,38.841,38.957,267473.31,118315.4
2026-03-29 17:00:00+00:00,38.957,39.024,38.779,38.804,160597.39,79664.83
2026-03-29 18:00:00+00:00,38.804,38.832,38.621,38.714,176848.56,81731.42
2026-03-29 19:00:00+00:00,38.715,38.814,38.58,38.592,92938.97,37411.69
2026-03-29 20:00:00+00:00,38.592,38.933,38.55,38.741,159300.2,80146.42
2026-03-29 21:00:00+00:00,38.741,38.813,38.518,38.613,99691.08,46775.29
2026-03-29 22:00:00+00:00,38.613,38.613,37.726,38.251,704115.37,320634.49
2026-03-29 23:00:00+00:00,38.251,38.461,37.771,37.838,563065.41,245496.4
2026-03-30 00:00:00+00:00,37.839,38.782,37.587,37.664,1146223.95,609660.6
2026-03-30 01:00:00+00:00,37.664,38.118,37.464,38.003,655175.56,358626.24
2026-03-30 02:00:00+00:00,38.003,38.629,38.003,38.353,611126.62,312264.59
2026-03-30 03:00:00+00:00,38.354,38.527,38.246,38.272,262045.05,140891.85
2026-03-30 04:00:00+00:00,38.272,38.711,38.258,38.667,312842.78,168839.39
2026-03-30 05:00:00+00:00,38.667,38.799,38.239,38.289,325077.74,123172.32
2026-03-30 06:00:00+00:00,38.29,38.373,38.127,38.257,231144.79,88638.82
2026-03-30 07:00:00+00:00,38.258,38.568,37.975,38.433,352800.62,190028.22
2026-03-30 08:00:00+00:00,38.434,38.63,38.04,38.237,405033.26,206000.72
2026-03-30 09:00:00+00:00,38.237,38.244,37.844,37.989,288419.94,103935.91
2026-03-30 10:00:00+00:00,37.989,38.069,37.87,37.965,275960.81,123773.52
2026-03-30 11:00:00+00:00,37.966,38.242,37.936,38.057,339415.03,182058.25
2026-03-30 12:00:00+00:00,38.058,38.332,38.026,38.241,308354.57,168632.45
2026-03-30 13:00:00+00:00,38.242,38.555,38.006,38.029,487894.34,245931.25
2026-03-30 14:00:00+00:00,38.029,38.317,37.713,38.146,616533.13,287225.89
2026-03-30 15:00:00+00:00,38.145,38.336,38.025,38.26,274190.75,135659.68
2026-03-30 16:00:00+00:00,38.258,38.273,37.762,37.871,230711.69,112418.82
2026-03-30 17:00:00+00:00,37.871,37.935,37.239,37.312,717061.19,284300.55
2026-03-30 18:00:00+00:00,37.312,37.423,37.07,37.279,502221.29,248414.04
2026-03-30 19:00:00+00:00,37.279,37.299,36.491,37.093,939089.24,394443.02
2026-03-30 20:00:00+00:00,37.091,37.139,36.761,36.892,293642.47,134298.55
2026-03-30 21:00:00+00:00,36.892,37.273,36.875,37.078,261913.44,145757.92
2026-03-30 22:00:00+00:00,37.077,37.266,37.002,37.221,229115.86,129336.13
2026-03-30 23:00:00+00:00,37.22,37.224,36.653,36.839,398226.16,179828.63
2026-03-31 00:00:00+00:00,36.84,37.378,36.63,37.144,490140.91,260785.9
2026-03-31 01:00:00+00:00,37.145,37.649,37.038,37.424,622568.29,371360.27
2026-03-31 02:00:00+00:00,37.424,37.648,37.347,37.359,197232.88,93609.96
2026-03-31 03:00:00+00:00,37.36,37.364,37.07,37.312,228982.59,108285.51
2026-03-31 04:00:00+00:00,37.313,37.347,36.992,37.018,157380.19,68164.07
2026-03-31 05:00:00+00:00,37.018,37.261,36.903,37.175,223612.4,133130.08
2026-03-31 06:00:00+00:00,37.176,37.262,37.08,37.121,114717.02,51231.97
2026-03-31 07:00:00+00:00,37.12,37.129,36.44,36.732,683568.74,275272.7
2026-03-31 08:00:00+00:00,36.732,36.771,36.157,36.182,418886.39,176132.74
2026-03-31 09:00:00+00:00,36.182,36.324,35.74,35.885,637892.18,283091.23
2026-03-31 10:00:00+00:00,35.885,36.132,35.755,36.011,501383.38,242995.14
2026-03-31 11:00:00+00:00,36.012,36.076,35.662,35.804,560619.59,284742.39
2026-03-31 12:00:00+00:00,35.805,36.081,35.736,35.994,431821.42,267176.96
2026-03-31 13:00:00+00:00,35.994,36.608,35.966,36.584,657542.84,424343.03
2026-03-31 14:00:00+00:00,36.584,36.991,35.87,36.037,991487.45,440710.73
2026-03-31 15:00:00+00:00,36.039,36.366,35.971,35.991,493588.99,250995.36
2026-03-31 16:00:00+00:00,35.991,36.968,35.984,36.905,819266.48,480170.92
2026-03-31 17:00:00+00:00,36.904,37.333,36.541,36.648,880271.12,415115.18
2026-03-31 18:00:00+00:00,36.649,37.046,36.553,36.654,359224.49,187381.47
2026-03-31 19:00:00+00:00,36.653,36.748,36.5,36.609,204859.16,106468.79
2026-03-31 20:00:00+00:00,36.608,37.018,36.598,36.7,271278.67,154284.51
2026-03-31 21:00:00+00:00,36.701,36.701,36.342,36.421,257370.66,142674.23
2026-03-31 22:00:00+00:00,36.421,36.515,36.174,36.268,229089.78,103946.17
2026-03-31 23:00:00+00:00,36.269,36.693,36.116,36.599,231065.42,136077.07
2026-04-01 00:00:00+00:00,36.599,36.634,36.36,36.568,233864.53,101622.3
2026-04-01 01:00:00+00:00,36.569,36.662,35.973,36.035,409280.51,142809.96
2026-04-01 02:00:00+00:00,36.036,36.312,36.036,36.143,183153.45,89585.83
2026-04-01 03:00:00+00:00,36.144,36.515,36.144,36.438,128519.53,78772.28
2026-04-01 04:00:00+00:00,36.438,36.636,36.343,36.56,216159.77,117432.2
2026-04-01 05:00:00+00:00,36.559,37.274,36.502,37.084,566359.53,314252.63
2026-04-01 06:00:00+00:00,37.084,37.743,36.924,37.712,829052.52,492081.79
2026-04-01 07:00:00+00:00,37.713,37.813,37.271,37.374,649312.98,264444.79
2026-04-01 08:00:00+00:00,37.374,37.487,36.974,37.091,472227.36,210855.76
2026-04-01 09:00:00+00:00,37.091,37.196,36.737,37.019,372774.55,171681.42
2026-04-01 10:00:00+00:00,37.018,37.14,36.865,37.084,155031.93,73984.37
2026-04-01 11:00:00+00:00,37.084,37.364,37.068,37.232,232945.79,147582.27
2026-04-01 12:00:00+00:00,37.232,37.416,37.014,37.064,451199.49,197968.03
2026-04-01 13:00:00+00:00,37.065,37.123,36.608,36.719,513621.43,178938.53
2026-04-01 14:00:00+00:00,36.718,37.09,36.623,37.082,359176.96,190509.35
2026-04-01 15:00:00+00:00,37.084,37.465,36.963,37.395,381640.73,213876.94
2026-04-01 16:00:00+00:00,37.394,37.451,36.497,36.714,1172561.41,499468.36
2026-04-01 17:00:00+00:00,36.714,37.014,36.238,36.416,641555.83,284751.7
2026-04-01 18:00:00+00:00,36.416,36.542,36.085,36.175,628340.2,290639.38
2026-04-01 19:00:00+00:00,36.175,36.291,36.12,36.168,165646.04,79528.08
2026-04-01 20:00:00+00:00,36.163,36.271,36.02,36.079,236924.81,112257.61
2026-04-01 21:00:00+00:00,36.08,36.297,35.871,36.168,301189.63,141802.13
2026-04-01 22:00:00+00:00,36.168,36.235,35.851,36.041,311044.33,148898.2
2026-04-01 23:00:00+00:00,36.041,36.07,35.915,36.025,232557.66,111955.16
2026-04-02 00:00:00+00:00,36.025,36.295,35.977,36.191,237693.6,139987.61
2026-04-02 01:00:00+00:00,36.191,36.24,35.343,35.403,1301183.21,550652.25
2026-04-02 02:00:00+00:00,35.4,35.616,35.162,35.599,536715.37,267067.14
2026-04-02 03:00:00+00:00,35.599,35.61,35.063,35.201,370130.6,152012.61
2026-04-02 04:00:00+00:00,35.201,35.254,34.969,35.028,397414.95,172519.19
2026-04-02 05:00:00+00:00,35.027,35.312,34.922,35.243,321077.8,172300.55
2026-04-02 06:00:00+00:00,35.244,35.521,35.112,35.235,318628.73,166356.36
2026-04-02 07:00:00+00:00,35.235,35.252,34.875,35.088,398508.77,160190.24
2026-04-02 08:00:00+00:00,35.087,35.33,34.989,35.019,282473.21,170476.58
2026-04-02 09:00:00+00:00,35.019,35.118,34.886,35.059,341640.62,167090.2
2026-04-02 10:00:00+00:00,35.059,35.076,34.73,34.802,367979.36,147050.02
2026-04-02 11:00:00+00:00,34.802,34.929,34.632,34.798,264772.14,134543.99
2026-04-02 12:00:00+00:00,34.8,34.881,34.667,34.681,254081.33,133182.86
2026-04-02 13:00:00+00:00,34.682,34.825,34.444,34.66,582810.21,281550.75
2026-04-02 14:00:00+00:00,34.659,34.974,34.501,34.867,1097032.03,601758.89
2026-04-02 15:00:00+00:00,34.866,34.897,34.648,34.873,297437.14,152765.75
2026-04-02 16:00:00+00:00,34.874,35.226,34.859,35.014,469121.55,293841.54
2026-04-02 17:00:00+00:00,35.012,35.222,34.652,34.668,449059.98,216920.8
2026-04-02 18:00:00+00:00,34.668,34.837,34.571,34.8,256199.19,134852.14
2026-04-02 19:00:00+00:00,34.8,34.978,34.712,34.918,258588.99,131574.49
2026-04-02 20:00:00+00:00,34.918,35.3,34.837,35.128,270566.04,147655.19
2026-04-02 21:00:00+00:00,35.128,35.218,34.989,35.109,146280.34,69973.01
2026-04-02 22:00:00+00:00,35.108,35.185,35.033,35.114,123688.66,67633.59
2026-04-02 23:00:00+00:00,35.114,35.368,35.104,35.188,223921.03,134585.47
2026-04-03 00:00:00+00:00,35.188,35.397,35.081,35.391,172328.83,84168.38
2026-04-03 01:00:00+00:00,35.391,35.534,35.292,35.531,235137.49,121864.86
2026-04-03 02:00:00+00:00,35.53,35.625,35.375,35.549,246103.81,124565.21
2026-04-03 03:00:00+00:00,35.55,35.59,35.369,35.424,138491.07,69024.54
2026-04-03 04:00:00+00:00,35.425,35.61,35.407,35.493,117021.98,62484.67
2026-04-03 05:00:00+00:00,35.493,35.656,35.389,35.405,164016.33,82273.22
2026-04-03 06:00:00+00:00,35.405,35.699,35.358,35.699,216799.33,135216.05
2026-04-03 07:00:00+00:00,35.699,35.899,35.568,35.812,511460.97,296204.96
2026-04-03 08:00:00+00:00,35.811,36.063,35.799,35.931,393066.19,215331.61
2026-04-03 09:00:00+00:00,35.93,36.06,35.72,35.955,249056.15,110527.61
2026-04-03 10:00:00+00:00,35.955,35.988,35.632,35.889,191505.37,78968.1
2026-04-03 11:00:00+00:00,35.89,35.975,35.767,35.944,185768.69,92793.8
2026-04-03 12:00:00+00:00,35.943,36.144,35.63,35.638,348517.4,141906.82
2026-04-03 13:00:00+00:00,35.638,35.682,35.394,35.591,366970.86,163932.4
2026-04-03 14:00:00+00:00,35.591,35.954,35.512,35.903,346892.98,160180.46
2026-04-03 15:00:00+00:00,35.903,36.033,35.651,35.781,245926.59,110404.73
2026-04-03 16:00:00+00:00,35.78,36.069,35.692,35.939,224151.4,124687.19
2026-04-03 17:00:00+00:00,35.939,35.983,35.576,35.658,204175.96,74069.82
2026-04-03 18:00:00+00:00,35.658,35.679,35.49,35.508,125777.67,47731.71
2026-04-03 19:00:00+00:00,35.509,35.776,35.498,35.761,96346.27,56719.45
2026-04-03 20:00:00+00:00,35.76,35.924,35.702,35.892,131908.32,70790.89
2026-04-03 21:00:00+00:00,35.891,35.934,35.801,35.843,60436.96,30974.15
2026-04-03 22:00:00+00:00,35.842,35.85,35.626,35.64,93016.77,39187.19
2026-04-03 23:00:00+00:00,35.64,35.662,35.507,35.602,106238.55,53558.03
2026-04-04 00:00:00+00:00,35.602,35.675,35.503,35.65,101571.95,54340.19
2026-04-04 01:00:00+00:00,35.651,35.704,35.569,35.678,57648.44,27336.63
2026-04-04 02:00:00+00:00,35.679,35.895,35.616,35.821,106491.26,55211.84
2026-04-04 03:00:00+00:00,35.822,35.955,35.739,35.859,180378.1,92960.44
2026-04-04 04:00:00+00:00,35.858,35.861,35.717,35.731,75611.9,40024.32
2026-04-04 05:00:00+00:00,35.731,35.862,35.64,35.656,91450.68,43915.15
2026-04-04 06:00:00+00:00,35.656,35.84,35.595,35.758,156609.47,80868.72
2026-04-04 07:00:00+00:00,35.758,35.797,35.694,35.734,78290.1,40275.99
2026-04-04 08:00:00+00:00,35.733,35.81,35.617,35.633,117411.41,42408.48
2026-04-04 09:00:00+00:00,35.633,35.691,35.606,35.666,48078.22,23136.72
2026-04-04 10:00:00+00:00,35.667,35.833,35.619,35.785,106417.96,62748.32
2026-04-04 11:00:00+00:00,35.785,35.833,35.712,35.8,52053.97,27535.27
2026-04-04 12:00:00+00:00,35.8,35.912,35.722,35.771,93421.0,51775.88
2026-04-04 13:00:00+00:00,35.77,35.782,35.575,35.642,147690.49,70005.06
2026-04-04 14:00:00+00:00,35.642,35.728,35.5,35.684,173627.21,69329.13
2026-04-04 15:00:00+00:00,35.684,35.894,35.66,35.884,192399.14,103902.07
2026-04-04 16:00:00+00:00,35.885,36.231,35.885,35.902,310735.51,173304.73
2026-04-04 17:00:00+00:00,35.901,36.078,35.858,36.074,120258.82,72288.21
2026-04-04 18:00:00+00:00,36.074,36.182,35.913,36.03,265419.58,139441.82
2026-04-04 19:00:00+00:00,36.03,36.167,35.871,35.957,178796.44,90627.02
2026-04-04 20:00:00+00:00,35.957,36.119,35.92,36.118,119687.39,65170.05
2026-04-04 21:00:00+00:00,36.118,36.372,36.089,36.339,180915.29,114962.66
2026-04-04 22:00:00+00:00,36.339,36.56,36.23,36.411,216402.19,125658.04
2026-04-04 23:00:00+00:00,36.412,36.558,36.248,36.361,222103.04,122675.46
2026-04-05 00:00:00+00:00,36.361,36.406,36.025,36.072,189481.03,95309.59
2026-04-05 01:00:00+00:00,36.074,36.23,35.958,35.991,213470.82,120535.9
2026-04-05 02:00:00+00:00,35.991,36.118,35.9,36.089,192346.22,96894.32
2026-04-05 03:00:00+00:00,36.089,36.13,35.888,35.92,103909.55,43209.91
2026-04-05 04:00:00+00:00,35.921,35.968,35.802,35.852,235681.72,133022.69
2026-04-05 05:00:00+00:00,35.852,35.891,35.601,35.659,218294.61,82738.36
2026-04-05 06:00:00+00:00,35.659,35.723,35.439,35.662,322724.84,178712.46
2026-04-05 07:00:00+00:00,35.663,35.78,35.511,35.64,186847.54,90789.63
2026-04-05 08:00:00+00:00,35.639,35.868,35.63,35.729,175956.56,103284.45
2026-04-05 09:00:00+00:00,35.728,35.838,35.677,35.809,106231.9,68537.3
2026-04-05 10:00:00+00:00,35.81,35.913,35.71,35.762,75098.88,34851.03
2026-04-05 11:00:00+00:00,35.762,35.798,35.632,35.642,83486.67,36272.14
2026-04-05 12:00:00+00:00,35.642,35.664,35.116,35.3,369541.22,132589.39
2026-04-05 13:00:00+00:00,35.301,35.447,35.246,35.424,212642.75,125631.31
2026-04-05 14:00:00+00:00,35.423,35.559,35.33,35.463,129673.81,70996.06
2026-04-05 15:00:00+00:00,35.464,35.81,35.412,35.542,389245.23,206151.35
2026-04-05 16:00:00+00:00,35.543,35.642,35.431,35.452,104528.71,53760.15
2026-04-05 17:00:00+00:00,35.452,35.604,35.442,35.591,56960.26,30145.4
2026-04-05 18:00:00+00:00,35.591,35.806,35.487,35.728,152729.86,79697.54
2026-04-05 19:00:00+00:00,35.729,35.837,35.69,35.836,98997.59,53023.15
2026-04-05 20:00:00+00:00,35.837,35.978,35.803,35.915,102282.62,61427.06
2026-04-05 21:00:00+00:00,35.914,35.984,35.779,35.889,75994.79,32116.56
2026-04-05 22:00:00+00:00,35.889,36.323,35.684,36.289,393509.92,250963.68
2026-04-05 23:00:00+00:00,36.289,37.0,36.27,36.844,704389.3,372552.52
2026-04-06 00:00:00+00:00,36.846,37.161,36.544,36.835,645324.36,320939.53
2026-04-06 01:00:00+00:00,36.835,37.065,36.673,37.01,247292.78,130661.54
2026-04-06 02:00:00+00:00,37.01,37.245,36.636,36.897,375166.96,169546.19
2026-04-06 03:00:00+00:00,36.896,37.136,36.847,37.115,202043.75,102745.07
2026-04-06 04:00:00+00:00,37.115,37.323,36.805,36.859,411535.73,148747.74
2026-04-06 05:00:00+00:00,36.859,37.012,36.78,36.99,146242.63,68259.67
2026-04-06 06:00:00+00:00,36.99,37.063,36.744,36.947,170596.87,73486.42
2026-04-06 07:00:00+00:00,36.948,37.154,36.841,37.139,225356.72,128954.71
2026-04-06 08:00:00+00:00,37.139,37.367,37.04,37.241,275168.48,155695.66
2026-04-06 09:00:00+00:00,37.241,37.585,37.203,37.304,408687.13,214465.93
2026-04-06 10:00:00+00:00,37.304,37.555,37.304,37.535,182365.57,85159.38
2026-04-06 11:00:00+00:00,37.534,37.534,37.135,37.219,229178.03,83335.63
2026-04-06 12:00:00+00:00,37.218,37.333,36.965,37.097,341312.23,159355.23
2026-04-06 13:00:00+00:00,37.097,37.298,37.051,37.228,198824.75,89896.08
2026-04-06 14:00:00+00:00,37.228,37.721,37.067,37.701,515459.14,300427.88
2026-04-06 15:00:00+00:00,37.702,37.718,37.447,37.669,239160.68,119556.61
2026-04-06 16:00:00+00:00,37.668,37.77,37.183,37.193,351336.73,164789.59
2026-04-06 17:00:00+00:00,37.193,37.21,36.803,36.922,588433.45,283244.53
2026-04-06 18:00:00+00:00,36.921,37.18,36.854,37.057,173483.01,77087.62
2026-04-06 19:00:00+00:00,37.056,37.368,36.974,37.306,252410.77,141541.96
2026-04-06 20:00:00+00:00,37.306,37.352,37.123,37.185,117390.0,51840.16
2026-04-06 21:00:00+00:00,37.185,37.206,36.897,36.934,137385.32,49728.96
2026-04-06 22:00:00+00:00,36.934,36.967,36.15,36.156,352534.42,127029.24
2026-04-06 23:00:00+00:00,36.157,36.364,35.991,36.289,502575.68,246101.03
2026-04-07 00:00:00+00:00,36.288,36.534,36.231,36.409,231885.72,128907.86
2026-04-07 01:00:00+00:00,36.408,36.541,36.187,36.259,234732.77,118557.87
2026-04-07 02:00:00+00:00,36.256,36.432,36.062,36.37,258066.73,132898.9
2026-04-07 03:00:00+00:00,36.37,36.457,36.347,36.395,93822.63,50598.68
2026-04-07 04:00:00+00:00,36.394,36.502,36.28,36.463,136362.14,83724.34
2026-04-07 05:00:00+00:00,36.462,36.468,36.124,36.195,122159.61,50286.27
2026-04-07 06:00:00+00:00,36.194,36.251,36.064,36.221,252975.8,112223.85
2026-04-07 07:00:00+00:00,36.221,36.297,36.073,36.195,118538.03,60962.52
2026-04-07 08:00:00+00:00,36.195,36.469,36.191,36.423,140493.08,81949.22
2026-04-07 09:00:00+00:00,36.424,36.947,36.39,36.918,420745.47,251734.32
2026-04-07 10:00:00+00:00,36.919,37.132,36.241,36.392,762918.71,334638.94
2026-04-07 11:00:00+00:00,36.392,36.431,36.2,36.384,230876.58,115844.32
2026-04-07 12:00:00+00:00,36.385,36.493,35.924,36.114,430888.49,198752.52
2026-04-07 13:00:00+00:00,36.112,36.312,35.925,35.934,244143.54,130310.19
2026-04-07 14:00:00+00:00,35.934,36.165,35.743,35.885,339398.76,161563.67
2026-04-07 15:00:00+00:00,35.886,36.208,35.86,36.043,221190.52,117841.41
2026-04-07 16:00:00+00:00,36.043,36.3,36.024,36.212,211866.49,131867.46
2026-04-07 17:00:00+00:00,36.213,36.686,36.205,36.456,268553.19,150569.16
2026-04-07 18:00:00+00:00,36.457,36.6,36.332,36.38,168013.83,74668.44
2026-04-07 19:00:00+00:00,36.379,37.172,36.374,37.162,414551.71,237582.03
2026-04-07 20:00:00+00:00,37.163,37.311,36.923,37.118,342597.8,155202.87
2026-04-07 21:00:00+00:00,37.118,37.899,37.089,37.79,603854.8,323764.88
2026-04-07 22:00:00+00:00,37.79,38.756,37.714,38.717,1570257.99,830538.84
2026-04-07 23:00:00+00:00,38.718,39.171,38.409,38.601,1355540.15,648991.31
2026-04-08 00:00:00+00:00,38.6,38.827,38.246,38.414,709826.4,335432.48
2026-04-08 01:00:00+00:00,38.415,38.442,38.106,38.258,259336.82,110899.96
2026-04-08 02:00:00+00:00,38.258,38.608,38.2,38.589,302893.83,167983.78
2026-04-08 03:00:00+00:00,38.589,38.65,38.263,38.283,152654.39,72707.26
2026-04-08 04:00:00+00:00,38.283,38.86,38.249,38.806,381404.1,206975.24
2026-04-08 05:00:00+00:00,38.807,39.257,38.807,39.081,562659.03,288905.57
2026-04-08 06:00:00+00:00,39.079,39.266,38.953,39.013,264988.94,136981.35
2026-04-08 07:00:00+00:00,39.013,39.42,38.791,39.37,437910.85,207408.38
2026-04-08 08:00:00+00:00,39.371,39.612,39.267,39.488,355882.26,180697.95
2026-04-08 09:00:00+00:00,39.49,39.702,39.213,39.475,459428.08,224421.0
2026-04-08 10:00:00+00:00,39.475,39.535,39.15,39.197,198527.58,80336.73
2026-04-08 11:00:00+00:00,39.196,39.436,39.055,39.264,183114.95,89837.09
2026-04-08 12:00:00+00:00,39.265,39.759,39.073,39.657,415112.97,228499.73
2026-04-08 13:00:00+00:00,39.658,39.794,39.158,39.228,620173.77,314237.17
2026-04-08 14:00:00+00:00,39.227,39.322,38.48,38.588,747128.99,311249.42
2026-04-08 15:00:00+00:00,38.588,38.908,38.536,38.842,385581.18,229333.79
2026-04-08 16:00:00+00:00,38.841,38.94,38.427,38.554,575206.33,270003.28
2026-04-08 17:00:00+00:00,38.554,38.9,38.512,38.622,441309.84,236358.81
2026-04-08 18:00:00+00:00,38.621,38.621,37.75,37.794,775451.56,277640.73
2026-04-08 19:00:00+00:00,37.794,38.1,37.74,38.066,437831.43,218144.5
2026-04-08 20:00:00+00:00,38.065,38.232,37.913,38.219,269077.87,135843.41
2026-04-08 21:00:00+00:00,38.218,39.707,38.214,39.537,1228932.15,729450.78
2026-04-08 22:00:00+00:00,39.537,39.546,38.71,38.743,479914.17,170091.79
2026-04-08 23:00:00+00:00,38.743,38.905,38.47,38.738,558027.12,279480.92
2026-04-09 00:00:00+00:00,38.738,38.777,38.174,38.178,422390.3,166554.49
2026-04-09 01:00:00+00:00,38.179,38.461,38.135,38.41,304190.97,162428.09
2026-04-09 02:00:00+00:00,38.409,38.659,38.266,38.594,227501.16,129667.89
2026-04-09 03:00:00+00:00,38.595,38.677,38.341,38.668,170334.42,94477.76
2026-04-09 04:00:00+00:00,38.667,38.826,38.388,38.41,303953.63,142316.16
2026-04-09 05:00:00+00:00,38.411,38.661,38.201,38.617,251989.14,127228.66
2026-04-09 06:00:00+00:00,38.618,38.793,38.478,38.738,156620.45,84081.23
2026-04-09 07:00:00+00:00,38.738,38.93,38.64,38.725,217382.57,122746.7
2026-04-09 08:00:00+00:00,38.725,39.107,38.694,39.064,272949.49,149302.66
2026-04-09 09:00:00+00:00,39.065,39.261,38.881,39.141,344649.33,191642.0
2026-04-09 10:00:00+00:00,39.142,39.283,39.007,39.074,210771.74,98987.91
2026-04-09 11:00:00+00:00,39.074,39.087,38.738,38.812,243310.45,90946.28
2026-04-09 12:00:00+00:00,38.811,39.241,38.804,39.157,245215.13,135569.46
2026-04-09 13:00:00+00:00,39.157,39.237,38.731,38.911,407800.87,182938.53
2026-04-09 14:00:00+00:00,38.91,39.361,38.777,39.34,361334.52,201821.95
2026-04-09 15:00:00+00:00,39.338,39.821,39.195,39.556,929608.45,514814.02
2026-04-09 16:00:00+00:00,39.556,39.8,39.353,39.55,359739.76,180412.01
2026-04-09 17:00:00+00:00,39.55,40.174,39.528,40.097,696878.7,406774.43
2026-04-09 18:00:00+00:00,40.103,40.128,39.647,39.967,305029.36,156259.64
2026-04-09 19:00:00+00:00,39.966,40.299,39.917,40.024,361363.67,197889.4
2026-04-09 20:00:00+00:00,40.024,40.279,39.824,40.121,301889.36,152057.55
2026-04-09 21:00:00+00:00,40.12,40.267,39.773,39.942,203141.55,101293.89
2026-04-09 22:00:00+00:00,39.939,40.415,39.512,39.545,531001.33,247868.9
2026-04-09 23:00:00+00:00,39.545,39.668,39.301,39.452,282998.37,136814.68
2026-04-10 00:00:00+00:00,39.452,40.045,39.412,39.85,328436.71,181915.43
2026-04-10 01:00:00+00:00,39.853,40.749,39.622,40.557,636331.78,358510.81
2026-04-10 02:00:00+00:00,40.558,40.938,40.141,40.32,732462.03,371940.21
2026-04-10 03:00:00+00:00,40.321,40.415,40.098,40.138,255816.94,115421.35
2026-04-10 04:00:00+00:00,40.138,40.791,40.132,40.725,340214.5,198998.12
2026-04-10 05:00:00+00:00,40.723,40.726,40.41,40.485,189767.88,91398.65
2026-04-10 06:00:00+00:00,40.485,40.632,40.077,40.328,304501.24,167128.77
2026-04-10 07:00:00+00:00,40.329,40.486,39.994,40.027,262640.88,137764.69
2026-04-10 08:00:00+00:00,40.027,40.47,40.025,40.414,306413.96,146973.16
2026-04-10 09:00:00+00:00,40.414,41.143,40.357,40.959,422715.62,243022.13
2026-04-10 10:00:00+00:00,40.959,41.01,40.815,40.891,212520.83,102075.33
2026-04-10 11:00:00+00:00,40.891,41.173,40.891,41.106,312714.77,171398.03
2026-04-10 12:00:00+00:00,41.107,41.48,40.995,41.17,432898.26,225472.27
2026-04-10 13:00:00+00:00,41.17,41.687,41.116,41.5,470635.81,243765.17
2026-04-10 14:00:00+00:00,41.5,42.128,41.481,42.032,777325.11,423574.56
2026-04-10 15:00:00+00:00,42.031,42.247,41.657,41.704,601244.21,278500.24
2026-04-10 16:00:00+00:00,41.705,42.24,41.705,42.075,341665.49,176589.19
2026-04-10 17:00:00+00:00,42.074,42.218,41.895,42.188,224707.32,111827.59
2026-04-10 18:00:00+00:00,42.187,42.221,41.897,41.926,271092.79,101230.57
2026-04-10 19:00:00+00:00,41.926,42.027,41.557,41.667,355770.65,157120.39
2026-04-10 20:00:00+00:00,41.665,41.833,41.375,41.56,273104.27,137480.27
2026-04-10 21:00:00+00:00,41.56,41.715,41.253,41.605,242144.89,141567.28
2026-04-10 22:00:00+00:00,41.605,41.736,41.408,41.723,207093.24,99794.4
2026-04-10 23:00:00+00:00,41.723,41.725,41.5,41.577,118721.28,50597.25
2026-04-11 00:00:00+00:00,41.576,41.847,41.457,41.777,188688.5,109478.71
2026-04-11 01:00:00+00:00,41.777,42.116,41.604,42.045,215264.66,123561.89
2026-04-11 02:00:00+00:00,42.045,42.062,41.7,41.741,199916.65,90220.06
2026-04-11 03:00:00+00:00,41.741,41.875,41.71,41.812,92280.18,50477.07
2026-04-11 04:00:00+00:00,41.812,41.959,41.639,41.936,147462.33,68505.21
2026-04-11 05:00:00+00:00,41.936,41.945,41.537,41.788,147153.6,67701.88
2026-04-11 06:00:00+00:00,41.789,42.186,41.758,42.141,219409.92,118488.34
2026-04-11 07:00:00+00:00,42.141,42.68,42.052,42.502,363703.35,222820.03
2026-04-11 08:00:00+00:00,42.503,42.53,42.208,42.225,190692.71,101787.64
2026-04-11 09:00:00+00:00,42.225,42.573,42.21,42.458,188571.39,105021.66
2026-04-11 10:00:00+00:00,42.458,42.48,42.086,42.199,178700.06,69059.86
2026-04-11 11:00:00+00:00,42.2,42.44,42.079,42.374,165720.34,99498.84
2026-04-11 12:00:00+00:00,42.372,42.528,42.259,42.334,98047.36,52677.17
2026-04-11 13:00:00+00:00,42.334,42.351,41.936,42.136,279302.27,119760.51
2026-04-11 14:00:00+00:00,42.137,42.271,41.758,41.831,254181.42,90433.16
2026-04-11 15:00:00+00:00,41.831,42.029,41.734,41.86,174855.09,84612.07
2026-04-11 16:00:00+00:00,41.86,42.278,41.841,42.172,248931.3,137910.16
2026-04-11 17:00:00+00:00,42.171,42.544,41.994,42.54,245092.91,131551.99
2026-04-11 18:00:00+00:00,42.541,42.811,42.274,42.59,464631.91,216336.73
2026-04-11 19:00:00+00:00,42.59,43.179,42.457,42.987,490802.01,276214.61
2026-04-11 20:00:00+00:00,42.988,43.0,42.473,42.518,218772.01,96029.98
2026-04-11 21:00:00+00:00,42.517,42.625,42.366,42.513,137167.84,65723.31
2026-04-11 22:00:00+00:00,42.512,43.018,42.237,42.256,486125.98,223262.4
2026-04-11 23:00:00+00:00,42.256,42.35,42.014,42.242,247274.86,122551.24
2026-04-12 00:00:00+00:00,42.241,42.745,42.199,42.713,207891.99,111968.33
2026-04-12 01:00:00+00:00,42.714,42.81,41.05,41.089,1085952.91,435114.0
2026-04-12 02:00:00+00:00,41.089,41.451,40.931,41.256,537941.67,238631.07
2026-04-12 03:00:00+00:00,41.257,41.293,40.986,41.03,226937.04,101345.89
2026-04-12 04:00:00+00:00,41.029,41.047,40.623,40.844,536848.57,238341.83
2026-04-12 05:00:00+00:00,40.844,41.115,40.778,40.931,240746.09,110517.35
2026-04-12 06:00:00+00:00,40.931,40.999,40.634,40.721,239252.36,111464.53
2026-04-12 07:00:00+00:00,40.721,40.848,40.525,40.736,222465.6,95721.38
2026-04-12 08:00:00+00:00,40.736,40.899,40.71,40.769,97987.11,50317.26
2026-04-12 09:00:00+00:00,40.769,40.937,40.659,40.892,126892.88,60210.69
2026-04-12 10:00:00+00:00,40.893,40.922,40.46,40.502,225735.57,90315.91
2026-04-12 11:00:00+00:00,40.503,40.622,40.35,40.388,178369.04,69615.86
2026-04-12 12:00:00+00:00,40.388,40.54,40.24,40.29,266447.53,123754.58
2026-04-12 13:00:00+00:00,40.289,40.551,40.2,40.235,308107.8,143459.56
2026-04-12 14:00:00+00:00,40.235,40.84,40.172,40.499,385825.06,214646.86
2026-04-12 15:00:00+00:00,40.5,40.873,40.458,40.8,269407.89,160106.02
2026-04-12 16:00:00+00:00,40.799,41.38,40.775,41.057,530727.0,309750.26
2026-04-12 17:00:00+00:00,41.057,41.206,40.96,41.146,149051.3,86162.41
2026-04-12 18:00:00+00:00,41.146,41.33,40.9,40.956,182433.91,93593.09
2026-04-12 19:00:00+00:00,40.956,41.146,40.876,41.077,102094.33,57695.89
2026-04-12 20:00:00+00:00,41.077,41.249,40.918,41.106,177161.21,96522.94
2026-04-12 21:00:00+00:00,41.107,41.189,40.734,40.834,225579.62,141429.0
2026-04-12 22:00:00+00:00,40.839,40.944,40.43,40.944,526554.53,268014.67
2026-04-12 23:00:00+00:00,40.943,40.944,40.717,40.823,151037.92,64328.61
2026-04-13 00:00:00+00:00,40.823,41.126,40.772,41.075,164797.55,82699.34
2026-04-13 01:00:00+00:00,41.075,41.996,41.072,41.883,690133.41,384825.13
2026-04-13 02:00:00+00:00,41.886,41.921,41.555,41.613,241039.62,108277.61
2026-04-13 03:00:00+00:00,41.614,41.79,41.527,41.533,151094.19,65838.34
2026-04-13 04:00:00+00:00,41.533,41.69,41.26,41.293,191415.19,73829.64
2026-04-13 05:00:00+00:00,41.293,41.323,41.016,41.139,287522.58,114495.53
2026-04-13 06:00:00+00:00,41.139,41.652,41.125,41.489,295887.58,135040.39
2026-04-13 07:00:00+00:00,41.49,41.522,41.039,41.226,285341.26,123913.7
2026-04-13 08:00:00+00:00,41.226,41.385,41.071,41.328,268949.14,131472.4
2026-04-13 09:00:00+00:00,41.329,41.76,41.328,41.598,260651.39,149077.7
2026-04-13 10:00:00+00:00,41.599,41.645,41.397,41.561,230480.78,109535.89
2026-04-13 11:00:00+00:00,41.562,41.854,41.529,41.82,270505.02,154025.09
2026-04-13 12:00:00+00:00,41.821,41.912,41.502,41.864,317965.55,155762.49
2026-04-13 13:00:00+00:00,41.865,42.684,41.865,42.684,991861.43,655367.91
2026-04-13 14:00:00+00:00,42.683,42.845,42.183,42.677,733731.12,353997.47
2026-04-13 15:00:00+00:00,42.676,42.687,41.94,42.427,592553.49,257565.75
2026-04-13 16:00:00+00:00,42.425,43.197,42.155,43.116,1248739.23,748340.74
2026-04-13 17:00:00+00:00,43.121,43.583,42.937,43.248,916554.65,529324.24
2026-04-13 18:00:00+00:00,43.248,43.85,43.186,43.786,668901.72,371352.88
2026-04-13 19:00:00+00:00,43.785,43.999,43.5,43.588,761539.42,384139.19
2026-04-13 20:00:00+00:00,43.587,43.624,43.077,43.413,556748.67,255290.45
2026-04-13 21:00:00+00:00,43.414,43.807,43.319,43.467,294239.78,141889.85
2026-04-13 22:00:00+00:00,43.467,44.568,43.463,44.432,1045893.32,606163.67
2026-04-13 23:00:00+00:00,44.434,44.515,43.873,44.276,764368.47,353196.19
2026-04-14 00:00:00+00:00,44.278,44.829,44.101,44.668,707062.24,362265.36
2026-04-14 01:00:00+00:00,44.667,44.917,44.405,44.783,354551.32,171401.71
2026-04-14 02:00:00+00:00,44.784,44.98,44.517,44.681,328601.79,158544.77
2026-04-14 03:00:00+00:00,44.681,44.749,44.264,44.63,436602.79,244284.18
2026-04-14 04:00:00+00:00,44.63,44.98,44.411,44.926,361678.72,154227.3
2026-04-14 05:00:00+00:00,44.927,44.985,44.442,44.775,483957.51,260440.85
2026-04-14 06:00:00+00:00,44.774,44.879,44.62,44.753,228978.05,112824.34
2026-04-14 07:00:00+00:00,44.753,44.829,44.417,44.486,280462.61,112087.66
2026-04-14 08:00:00+00:00,44.487,45.273,44.346,44.97,558302.37,302331.05
2026-04-14 09:00:00+00:00,44.971,45.08,44.725,44.853,377590.81,181410.16
2026-04-14 10:00:00+00:00,44.853,45.01,44.769,44.846,212015.3,95873.37
2026-04-14 11:00:00+00:00,44.845,45.0,44.613,44.774,222710.97,104691.48
2026-04-14 12:00:00+00:00,44.773,45.043,44.679,44.908,254872.21,119323.68
2026-04-14 13:00:00+00:00,44.907,45.158,44.344,44.421,733076.47,330485.81
2026-04-14 14:00:00+00:00,44.425,44.5,43.575,43.681,1482210.08,622407.44
2026-04-14 15:00:00+00:00,43.681,43.912,43.268,43.486,1072697.63,460337.66
2026-04-14 16:00:00+00:00,43.486,43.853,43.13,43.267,842629.51,408986.36
2026-04-14 17:00:00+00:00,43.266,43.432,43.07,43.394,504594.75,231703.22
2026-04-14 18:00:00+00:00,43.394,43.516,43.033,43.363,393291.67,169976.69
2026-04-14 19:00:00+00:00,43.36,43.672,43.138,43.347,385659.33,211362.42
2026-04-14 20:00:00+00:00,43.348,43.48,43.034,43.075,211370.1,100654.28
2026-04-14 21:00:00+00:00,43.074,43.263,42.91,43.239,261747.46,137992.85
2026-04-14 22:00:00+00:00,43.24,43.452,43.216,43.328,209560.36,115152.14
2026-04-14 23:00:00+00:00,43.328,43.515,43.284,43.499,143423.16,84324.96
2026-04-15 00:00:00+00:00,43.499,43.753,43.409,43.734,294855.8,165927.3
2026-04-15 01:00:00+00:00,43.734,44.256,43.698,44.21,353402.11,208515.44
2026-04-15 02:00:00+00:00,44.21,44.479,43.95,44.156,376103.51,189513.2
2026-04-15 03:00:00+00:00,44.156,44.179,43.775,43.947,189878.42,88288.53
2026-04-15 04:00:00+00:00,43.948,44.058,43.527,43.827,282712.19,127373.4
2026-04-15 05:00:00+00:00,43.829,43.92,43.209,43.299,350501.5,149142.18
2026-04-15 06:00:00+00:00,43.296,43.593,43.206,43.404,257714.11,147274.1
2026-04-15 07:00:00+00:00,43.402,43.515,43.108,43.332,477430.73,244552.53
2026-04-15 08:00:00+00:00,43.336,43.681,43.211,43.51,321359.7,167143.72
2026-04-15 09:00:00+00:00,43.51,43.787,43.392,43.761,199283.04,113476.39
2026-04-15 10:00:00+00:00,43.762,44.012,43.465,43.755,317009.63,178648.84
2026-04-15 11:00:00+00:00,43.763,44.212,43.693,44.182,262356.99,152001.68
2026-04-15 12:00:00+00:00,44.182,44.459,44.158,44.234,354120.43,191669.13
2026-04-15 13:00:00+00:00,44.235,44.619,43.932,44.227,534734.97,284587.65
2026-04-15 14:00:00+00:00,44.228,44.716,44.179,44.556,508233.39,287989.69
2026-04-15 15:00:00+00:00,44.558,44.706,44.273,44.559,392168.63,184112.36
2026-04-15 16:00:00+00:00,44.558,45.029,44.389,44.492,612049.15,306694.76
2026-04-15 17:00:00+00:00,44.492,44.64,44.205,44.303,372468.75,173520.89
2026-04-15 18:00:00+00:00,44.303,44.827,44.188,44.747,369005.56,195176.45
2026-04-15 19:00:00+00:00,44.746,45.438,44.698,44.831,540784.1,311634.41
2026-04-15 20:00:00+00:00,44.833,44.874,44.257,44.475,492400.79,235678.49
2026-04-15 21:00:00+00:00,44.474,44.89,44.463,44.768,276852.22,149236.33
2026-04-15 22:00:00+00:00,44.768,44.986,44.612,44.621,248396.44,105039.45
2026-04-15 23:00:00+00:00,44.621,44.702,44.418,44.619,209643.77,101895.34
2026-04-16 00:00:00+00:00,44.618,44.666,44.348,44.424,257912.47,114165.04
2026-04-16 01:00:00+00:00,44.427,44.513,44.05,44.472,457610.45,194624.02
2026-04-16 02:00:00+00:00,44.472,44.895,44.343,44.659,347626.92,179762.42
2026-04-16 03:00:00+00:00,44.658,45.203,44.63,44.81,415869.38,228586.04
2026-04-16 04:00:00+00:00,44.81,45.2,44.772,45.081,247840.55,143846.32
2026-04-16 05:00:00+00:00,45.08,45.75,44.918,45.541,502791.55,287906.81
2026-04-16 06:00:00+00:00,45.535,45.653,45.276,45.417,277179.84,137721.5
2026-04-16 07:00:00+00:00,45.415,45.496,45.051,45.253,307543.24,148989.07
2026-04-16 08:00:00+00:00,45.252,45.361,44.972,45.24,265920.51,135087.26
2026-04-16 09:00:00+00:00,45.24,45.46,45.077,45.301,280699.69,157013.61
2026-04-16 10:00:00+00:00,45.3,45.448,45.061,45.381,259253.06,144389.04
2026-04-16 11:00:00+00:00,45.382,45.415,44.418,44.594,644261.5,287022.81
2026-04-16 12:00:00+00:00,44.59,45.059,44.544,44.995,308192.38,147235.0
2026-04-16 13:00:00+00:00,44.996,45.094,44.265,44.664,673652.5,266291.97
2026-04-16 14:00:00+00:00,44.663,44.726,44.237,44.463,736436.97,351962.07
2026-04-16 15:00:00+00:00,44.462,45.047,44.435,44.716,567116.9,300990.8
2026-04-16 16:00:00+00:00,44.717,44.848,43.767,43.952,649979.15,256581.68
2026-04-16 17:00:00+00:00,43.952,44.03,43.516,43.717,560555.53,242538.82
2026-04-16 18:00:00+00:00,43.716,44.0,43.415,43.975,460176.08,245014.96
2026-04-16 19:00:00+00:00,43.976,44.198,43.653,44.076,486091.13,279337.76
2026-04-16 20:00:00+00:00,44.075,44.139,43.357,43.615,377063.29,179147.18
2026-04-16 21:00:00+00:00,43.613,43.671,43.277,43.614,258401.16,130415.86
2026-04-16 22:00:00+00:00,43.614,43.663,43.38,43.563,239854.68,122057.31
2026-04-16 23:00:00+00:00,43.562,44.044,43.517,43.787,358494.6,203439.29
2026-04-17 00:00:00+00:00,43.787,44.353,43.633,43.919,390791.81,207716.23
2026-04-17 01:00:00+00:00,43.919,43.951,43.641,43.778,261460.8,150057.26
2026-04-17 02:00:00+00:00,43.778,43.779,43.138,43.287,474214.79,185489.59
2026-04-17 03:00:00+00:00,43.287,43.493,43.148,43.27,252720.69,121259.38
2026-04-17 04:00:00+00:00,43.27,43.621,43.242,43.49,201317.68,107458.28
2026-04-17 05:00:00+00:00,43.491,43.578,43.275,43.486,188412.93,98102.54
2026-04-17 06:00:00+00:00,43.487,43.861,43.413,43.717,272670.61,156321.52
2026-04-17 07:00:00+00:00,43.718,43.915,43.441,43.872,338648.06,179628.01
2026-04-17 08:00:00+00:00,43.872,44.312,43.707,44.127,533960.42,282392.23
2026-04-17 09:00:00+00:00,44.127,44.432,43.928,44.218,550409.25,287541.42
2026-04-17 10:00:00+00:00,44.218,44.259,43.25,43.359,623956.14,258315.73
2026-04-17 11:00:00+00:00,43.359,43.63,43.346,43.628,227063.73,118174.38
2026-04-17 12:00:00+00:00,43.628,44.132,43.529,44.104,344259.05,175702.55
2026-04-17 13:00:00+00:00,44.104,44.998,44.012,44.924,1052593.35,544815.88
2026-04-17 14:00:00+00:00,44.924,45.071,44.432,44.887,594581.28,293730.48
2026-04-17 15:00:00+00:00,44.886,45.28,44.636,45.24,481363.41,239897.37
2026-04-17 16:00:00+00:00,45.24,45.55,45.036,45.116,464941.12,241020.76
2026-04-17 17:00:00+00:00,45.115,45.187,44.388,44.564,549172.58,224534.84
2026-04-17 18:00:00+00:00,44.561,44.65,43.982,44.12,519638.91,211063.58
2026-04-17 19:00:00+00:00,44.121,44.404,43.943,44.382,166959.19,73535.9
2026-04-17 20:00:00+00:00,44.384,44.676,44.094,44.643,256802.72,142086.4
2026-04-17 21:00:00+00:00,44.644,44.798,44.369,44.542,199099.4,100548.47
2026-04-17 22:00:00+00:00,44.541,44.855,44.449,44.69,170990.04,88221.64
2026-04-17 23:00:00+00:00,44.689,44.723,44.331,44.608,200488.45,73541.7
2026-04-18 00:00:00+00:00,44.608,44.872,44.457,44.86,232687.35,121107.32
2026-04-18 01:00:00+00:00,44.86,45.193,44.744,44.951,250618.54,124333.8
2026-04-18 02:00:00+00:00,44.951,45.193,44.924,45.148,144913.65,74970.53
2026-04-18 03:00:00+00:00,45.147,45.428,45.053,45.13,217435.39,111694.29
2026-04-18 04:00:00+00:00,45.132,45.156,44.831,44.985,267095.83,124636.18
2026-04-18 05:00:00+00:00,44.981,45.085,44.765,44.794,155667.77,78676.5
2026-04-18 06:00:00+00:00,44.795,44.934,44.701,44.808,136258.03,61105.59
2026-04-18 07:00:00+00:00,44.808,44.821,44.57,44.586,142930.52,57907.55
2026-04-18 08:00:00+00:00,44.587,44.995,44.299,44.993,601718.0,299715.32
2026-04-18 09:00:00+00:00,44.993,45.117,44.577,44.768,409325.04,207446.15
2026-04-18 10:00:00+00:00,44.769,44.777,44.371,44.464,290760.39,155096.53
2026-04-18 11:00:00+00:00,44.464,44.472,44.003,44.286,309281.22,150568.14
2026-04-18 12:00:00+00:00,44.286,44.478,43.953,44.216,290393.99,138114.32
2026-04-18 13:00:00+00:00,44.217,44.314,43.972,44.061,208472.1,93576.25
2026-04-18 14:00:00+00:00,44.062,44.434,44.032,44.347,168973.08,95799.55
2026-04-18 15:00:00+00:00,44.348,44.626,44.239,44.563,151581.31,92117.91
2026-04-18 16:00:00+00:00,44.564,44.678,44.095,44.213,218387.54,90379.13
2026-04-18 17:00:00+00:00,44.213,44.293,44.098,44.164,80147.74,38600.4
2026-04-18 18:00:00+00:00,44.165,44.276,43.978,44.157,216285.31,103886.51
2026-04-18 19:00:00+00:00,44.158,44.31,43.7,43.98,326107.85,125599.12
2026-04-18 20:00:00+00:00,43.981,44.146,43.88,44.104,115435.45,59904.95
2026-04-18 21:00:00+00:00,44.104,44.172,43.923,44.167,60388.77,30227.11
2026-04-18 22:00:00+00:00,44.167,44.234,44.045,44.168,92319.32,45228.22
2026-04-18 23:00:00+00:00,44.168,44.28,43.746,43.77,175104.96,59211.24
2026-04-19 00:00:00+00:00,43.767,43.928,43.3,43.657,397859.46,162000.38
2026-04-19 01:00:00+00:00,43.657,43.711,43.35,43.555,184650.72,82654.32
2026-04-19 02:00:00+00:00,43.555,43.626,43.142,43.325,368848.02,134059.49
2026-04-19 03:00:00+00:00,43.325,43.452,43.148,43.331,292015.61,139461.25
2026-04-19 04:00:00+00:00,43.331,43.644,43.306,43.582,211990.4,133068.67
2026-04-19 05:00:00+00:00,43.582,43.645,43.418,43.455,93918.44,47384.37
2026-04-19 06:00:00+00:00,43.455,43.455,43.171,43.448,141791.26,62424.64
2026-04-19 07:00:00+00:00,43.448,43.449,42.843,43.135,391829.04,142559.07
2026-04-19 08:00:00+00:00,43.135,43.321,43.045,43.287,109863.72,54144.15
2026-04-19 09:00:00+00:00,43.288,43.32,42.71,42.901,295000.84,131073.37
2026-04-19 10:00:00+00:00,42.901,43.076,42.806,43.03,154077.62,78379.9
2026-04-19 11:00:00+00:00,43.03,43.432,42.892,43.383,404454.56,246596.2
2026-04-19 12:00:00+00:00,43.384,43.532,43.129,43.499,234096.03,124893.53
2026-04-19 13:00:00+00:00,43.498,43.919,43.426,43.574,548250.72,298838.76
2026-04-19 14:00:00+00:00,43.574,43.647,43.383,43.554,190452.6,90452.78
2026-04-19 15:00:00+00:00,43.555,43.656,43.26,43.358,188232.16,92549.23
2026-04-19 16:00:00+00:00,43.359,43.385,43.047,43.16,266543.73,107878.11
2026-04-19 17:00:00+00:00,43.161,43.18,41.827,41.88,1088774.07,434132.24
2026-04-19 18:00:00+00:00,41.886,41.951,41.4,41.438,956820.82,443672.0
2026-04-19 19:00:00+00:00,41.439,41.668,41.439,41.546,208379.62,130728.09
2026-04-19 20:00:00+00:00,41.546,41.625,41.174,41.39,376323.31,160374.64
2026-04-19 21:00:00+00:00,41.389,41.527,41.013,41.067,239789.43,89072.41
2026-04-19 22:00:00+00:00,41.067,41.383,40.821,41.058,615029.63,309515.2
2026-04-19 23:00:00+00:00,41.056,41.093,40.512,40.703,597034.05,272125.97
2026-04-20 00:00:00+00:00,40.703,41.299,40.693,41.178,512286.37,288861.14
2026-04-20 01:00:00+00:00,41.18,41.591,41.18,41.559,402876.94,235861.86
2026-04-20 02:00:00+00:00,41.559,41.562,40.99,41.004,232465.22,79790.12
2026-04-20 03:00:00+00:00,41.005,41.392,40.878,41.213,236317.1,117292.82
2026-04-20 04:00:00+00:00,41.212,41.255,40.911,40.972,231538.86,106527.32
2026-04-20 05:00:00+00:00,40.973,41.141,40.71,41.045,342105.82,163136.21
2026-04-20 06:00:00+00:00,41.045,41.492,40.954,41.142,305593.46,168679.12
2026-04-20 07:00:00+00:00,41.142,41.536,40.75,40.886,600037.19,271217.18
2026-04-20 08:00:00+00:00,40.885,41.037,40.673,40.864,405944.05,204919.82
2026-04-20 09:00:00+00:00,40.864,41.223,40.835,41.007,261808.32,152333.46
2026-04-20 10:00:00+00:00,41.006,41.224,40.91,40.929,222594.53,108499.03
2026-04-20 11:00:00+00:00,40.93,41.196,40.878,41.173,190787.2,102708.82
2026-04-20 12:00:00+00:00,41.172,41.55,41.117,41.394,475785.57,244918.71
2026-04-20 13:00:00+00:00,41.394,41.418,40.952,41.146,360833.2,149381.4
2026-04-20 14:00:00+00:00,41.146,41.788,40.863,40.959,685513.22,321819.41
2026-04-20 15:00:00+00:00,40.959,41.6,40.6,41.161,1117420.75,473504.81
2026-04-20 16:00:00+00:00,41.169,41.213,40.699,40.742,450118.67,203084.68
2026-04-20 17:00:00+00:00,40.741,41.513,40.66,41.232,742440.49,393543.2
2026-04-20 18:00:00+00:00,41.233,41.623,41.144,41.377,486229.42,220837.89
2026-04-20 19:00:00+00:00,41.379,41.44,41.121,41.291,130167.57,59424.98
2026-04-20 20:00:00+00:00,41.29,41.567,41.124,41.416,207496.71,110436.87
2026-04-20 21:00:00+00:00,41.417,41.533,40.901,40.982,190808.86,77581.4
2026-04-20 22:00:00+00:00,40.982,41.132,40.778,40.946,214705.13,121859.63
2026-04-20 23:00:00+00:00,40.945,40.945,40.541,40.688,324651.11,117188.29
2026-04-21 00:00:00+00:00,40.688,40.714,40.352,40.552,464172.55,235967.19
2026-04-21 01:00:00+00:00,40.549,41.008,40.462,40.831,388675.52,242714.45
2026-04-21 02:00:00+00:00,40.831,40.876,40.641,40.809,180879.0,80431.89
2026-04-21 03:00:00+00:00,40.809,41.397,40.708,41.238,333286.27,209445.18
2026-04-21 04:00:00+00:00,41.237,41.359,40.887,41.127,348917.36,173921.78
2026-04-21 05:00:00+00:00,41.126,41.3,40.961,41.005,202940.43,93173.09
2026-04-21 06:00:00+00:00,41.005,41.112,40.732,40.947,202975.44,99177.76
2026-04-21 07:00:00+00:00,40.948,40.969,40.61,40.896,272140.87,137898.42
2026-04-21 08:00:00+00:00,40.896,41.4,40.785,40.925,357021.86,207887.86
2026-04-21 09:00:00+00:00,40.924,40.942,40.54,40.791,446572.7,211174.7
2026-04-21 10:00:00+00:00,40.791,41.248,40.778,41.072,381097.92,187687.01
2026-04-21 11:00:00+00:00,41.072,41.106,40.806,40.862,217845.53,83763.11
2026-04-21 12:00:00+00:00,40.863,40.888,40.446,40.709,486754.47,238699.12
2026-04-21 13:00:00+00:00,40.707,40.76,40.1,40.428,610847.02,265305.55
2026-04-21 14:00:00+00:00,40.423,40.667,40.078,40.085,468791.52,233057.37
2026-04-21 15:00:00+00:00,40.089,40.311,39.762,40.003,619350.46,274151.19
2026-04-21 16:00:00+00:00,40.004,40.109,39.615,39.984,666109.98,321407.91
2026-04-21 17:00:00+00:00,39.984,40.004,39.5,39.514,633944.62,285409.66
2026-04-21 18:00:00+00:00,39.515,39.606,39.046,39.26,678148.57,286692.84
2026-04-21 19:00:00+00:00,39.259,39.352,38.867,38.951,543465.22,215144.77
2026-04-21 20:00:00+00:00,38.948,39.723,38.9,39.323,655588.71,352668.81
2026-04-21 21:00:00+00:00,39.321,39.489,39.111,39.381,270499.99,151537.96
2026-04-21 22:00:00+00:00,39.38,39.585,39.344,39.512,222900.31,107559.28
2026-04-21 23:00:00+00:00,39.512,39.897,39.506,39.754,311564.85,181304.19
2026-04-22 00:00:00+00:00,39.754,40.021,39.672,39.929,349440.28,201985.73
2026-04-22 01:00:00+00:00,39.93,40.004,39.615,39.787,230768.26,111018.08
2026-04-22 02:00:00+00:00,39.787,40.699,39.762,40.41,821534.78,454129.48
2026-04-22 03:00:00+00:00,40.41,40.622,39.86,40.083,646356.26,218678.78
2026-04-22 04:00:00+00:00,40.083,40.335,39.93,40.327,162167.34,88685.15
2026-04-22 05:00:00+00:00,40.328,40.654,40.203,40.28,542746.87,264231.91
2026-04-22 06:00:00+00:00,40.279,40.5,40.144,40.464,621329.85,317167.15
2026-04-22 07:00:00+00:00,40.464,40.647,40.269,40.377,219847.94,104913.52
2026-04-22 08:00:00+00:00,40.377,40.593,40.29,40.486,155804.45,80549.83
2026-04-22 09:00:00+00:00,40.487,40.633,40.432,40.489,147549.13,65839.47
2026-04-22 10:00:00+00:00,40.489,41.032,40.454,40.968,411128.56,224205.67
2026-04-22 11:00:00+00:00,40.967,41.078,40.741,41.02,254102.54,131859.36
2026-04-22 12:00:00+00:00,41.019,41.255,40.941,41.166,498877.62,275595.61
2026-04-22 13:00:00+00:00,41.165,41.499,41.074,41.253,452019.39,212945.23
2026-04-22 14:00:00+00:00,41.253,41.4,40.871,41.038,575276.14,305729.34
2026-04-22 15:00:00+00:00,41.037,41.176,40.722,40.951,398548.59,171272.62
2026-04-22 16:00:00+00:00,40.951,41.137,40.8,40.882,271779.18,124726.35
2026-04-22 17:00:00+00:00,40.882,41.072,40.74,40.85,192199.65,91724.17
2026-04-22 18:00:00+00:00,40.85,41.422,40.74,41.151,287564.86,169901.25
2026-04-22 19:00:00+00:00,41.151,41.24,40.892,40.93,190069.26,85690.12
2026-04-22 20:00:00+00:00,40.929,41.33,40.822,40.888,404905.23,192634.92
2026-04-22 21:00:00+00:00,40.887,41.72,40.879,41.626,282305.07,161479.36
2026-04-22 22:00:00+00:00,41.626,41.626,41.163,41.291,634756.34,218873.18
2026-04-22 23:00:00+00:00,41.291,41.408,40.936,41.131,924881.9,497437.58
2026-04-23 00:00:00+00:00,41.131,41.376,40.819,41.285,392283.07,192186.61
2026-04-23 01:00:00+00:00,41.285,41.388,40.937,41.059,182515.86,91493.05
2026-04-23 02:00:00+00:00,41.058,41.13,40.763,40.927,226873.84,102163.75
2026-04-23 03:00:00+00:00,40.928,41.01,40.531,40.657,247453.61,90397.68
2026-04-23 04:00:00+00:00,40.657,41.007,40.542,40.974,156379.16,83028.08
2026-04-23 05:00:00+00:00,40.975,41.106,40.768,40.976,154108.41,77032.23
2026-04-23 06:00:00+00:00,40.978,41.168,40.903,40.93,176671.91,81772.61
2026-04-23 07:00:00+00:00,40.931,41.255,40.881,41.219,150018.99,85711.79
2026-04-23 08:00:00+00:00,41.219,41.268,40.97,41.073,206654.38,85171.6
2026-04-23 09:00:00+00:00,41.072,41.082,40.76,40.812,180875.34,82337.6
2026-04-23 10:00:00+00:00,40.811,40.885,40.5,40.807,406788.64,194552.96
2026-04-23 11:00:00+00:00,40.808,41.35,40.803,41.064,473763.6,281043.08
2026-04-23 12:00:00+00:00,41.065,41.299,41.032,41.234,209653.59,104410.76
2026-04-23 13:00:00+00:00,41.235,41.336,41.08,41.233,173980.59,80554.68
2026-04-23 14:00:00+00:00,41.229,41.6,41.152,41.569,342275.54,180676.03
2026-04-23 15:00:00+00:00,41.569,41.9,41.42,41.824,464071.12,251080.01
2026-04-23 16:00:00+00:00,41.823,41.838,41.465,41.475,174142.07,88704.47
2026-04-23 17:00:00+00:00,41.476,41.497,40.704,41.177,690902.34,311442.22
2026-04-23 18:00:00+00:00,41.175,41.438,41.155,41.227,260905.88,142124.39
2026-04-23 19:00:00+00:00,41.227,41.263,40.8,40.945,341608.42,154952.35
2026-04-23 20:00:00+00:00,40.945,41.191,40.914,41.113,144562.06,94924.98
2026-04-23 21:00:00+00:00,41.112,41.332,41.018,41.135,116286.4,67242.08
2026-04-23 22:00:00+00:00,41.135,41.313,41.13,41.217,124804.85,77312.74
2026-04-23 23:00:00+00:00,41.216,41.307,41.19,41.289,79998.13,48818.34
2026-04-24 00:00:00+00:00,41.289,41.386,41.158,41.336,147764.13,72241.1
2026-04-24 01:00:00+00:00,41.335,41.409,41.081,41.404,126100.61,61169.21
2026-04-24 02:00:00+00:00,41.404,41.495,41.157,41.206,140627.54,59596.44
2026-04-24 03:00:00+00:00,41.205,41.211,40.85,41.056,231658.37,93938.88
2026-04-24 04:00:00+00:00,41.054,41.108,40.849,41.02,120557.36,57204.03
2026-04-24 05:00:00+00:00,41.02,41.189,40.901,41.119,123687.21,61074.2
2026-04-24 06:00:00+00:00,41.119,41.18,41.0,41.159,103971.27,54813.71
2026-04-24 07:00:00+00:00,41.159,41.222,40.951,41.004,143577.76,62309.1
2026-04-24 08:00:00+00:00,41.004,41.11,40.942,41.016,150070.17,75482.25
2026-04-24 09:00:00+00:00,41.015,41.031,40.642,40.723,321630.87,126982.46
2026-04-24 10:00:00+00:00,40.723,40.871,40.673,40.803,140569.34,76362.53
2026-04-24 11:00:00+00:00,40.803,41.123,40.802,41.017,256322.42,132151.96
2026-04-24 12:00:00+00:00,41.017,41.096,40.794,41.031,201248.48,97634.78
2026-04-24 13:00:00+00:00,41.031,41.157,40.84,40.861,129715.08,58467.04
2026-04-24 14:00:00+00:00,40.862,40.989,40.688,40.955,378177.81,182608.46
2026-04-24 15:00:00+00:00,40.955,41.189,40.84,41.157,308419.91,163667.29
2026-04-24 16:00:00+00:00,41.157,41.217,40.973,41.056,120073.07,50304.61
2026-04-24 17:00:00+00:00,41.056,41.194,40.999,41.064,150022.75,92885.79
2026-04-24 18:00:00+00:00,41.063,41.349,40.846,41.247,225568.12,124590.62
2026-04-24 19:00:00+00:00,41.247,41.296,41.121,41.251,99715.75,40438.68
2026-04-24 20:00:00+00:00,41.251,41.496,41.222,41.436,171140.87,87596.78
2026-04-24 21:00:00+00:00,41.436,41.436,41.191,41.245,130732.96,38696.51
2026-04-24 22:00:00+00:00,41.244,41.275,41.111,41.207,191167.99,84960.29
2026-04-24 23:00:00+00:00,41.208,41.237,41.071,41.146,56170.79,26996.14
2026-04-25 00:00:00+00:00,41.146,41.196,40.993,41.165,122644.72,66076.35
2026-04-25 01:00:00+00:00,41.164,41.19,40.965,41.09,106442.03,48740.11
2026-04-25 02:00:00+00:00,41.089,41.233,41.04,41.152,78009.97,46873.52
2026-04-25 03:00:00+00:00,41.151,41.225,41.076,41.165,49662.63,22457.83
2026-04-25 04:00:00+00:00,41.166,41.212,41.053,41.064,37537.99,16268.59
2026-04-25 05:00:00+00:00,41.065,41.136,41.011,41.12,46179.38,19796.44
2026-04-25 06:00:00+00:00,41.12,41.244,41.109,41.219,56375.4,30911.77
2026-04-25 07:00:00+00:00,41.22,41.276,41.141,41.218,82249.26,37812.28
2026-04-25 08:00:00+00:00,41.216,41.29,41.128,41.265,72805.18,34424.14
2026-04-25 09:00:00+00:00,41.265,41.729,41.249,41.585,368531.91,233659.03
2026-04-25 10:00:00+00:00,41.584,41.85,41.552,41.833,271331.11,178907.76
2026-04-25 11:00:00+00:00,41.834,41.887,41.49,41.712,200203.52,86430.28
2026-04-25 12:00:00+00:00,41.715,41.742,41.303,41.338,245360.02,87393.96
2026-04-25 13:00:00+00:00,41.339,41.646,41.316,41.455,215976.25,112667.03
2026-04-25 14:00:00+00:00,41.455,41.613,41.33,41.496,138262.05,58094.23
2026-04-25 15:00:00+00:00,41.496,41.647,41.396,41.4,135236.19,52454.39
2026-04-25 16:00:00+00:00,41.4,41.471,40.825,40.985,415867.15,164184.4
2026-04-25 17:00:00+00:00,40.985,41.171,40.981,41.07,114558.37,58103.32
2026-04-25 18:00:00+00:00,41.07,41.311,41.054,41.252,113029.03,71002.26
2026-04-25 19:00:00+00:00,41.252,41.311,41.133,41.16,78825.77,27177.02
2026-04-25 20:00:00+00:00,41.161,41.447,41.072,41.407,150934.18,99654.48
2026-04-25 21:00:00+00:00,41.406,41.472,41.311,41.428,108611.64,53400.79
2026-04-25 22:00:00+00:00,41.427,41.457,41.371,41.395,74792.44,38455.85
2026-04-25 23:00:00+00:00,41.395,41.479,41.355,41.474,74556.78,42705.97
2026-04-26 00:00:00+00:00,41.476,41.492,41.208,41.269,156164.03,63645.7
2026-04-26 01:00:00+00:00,41.27,41.44,41.227,41.375,87427.03,50488.31
2026-04-26 02:00:00+00:00,41.375,41.536,41.374,41.488,64513.74,35205.47
2026-04-26 03:00:00+00:00,41.487,41.487,41.226,41.26,68136.0,26761.32
2026-04-26 04:00:00+00:00,41.26,41.444,41.218,41.365,71583.56,44190.14
2026-04-26 05:00:00+00:00,41.364,41.554,41.084,41.126,253632.02,112637.56
2026-04-26 06:00:00+00:00,41.127,41.48,41.126,41.291,202826.64,119776.48
2026-04-26 07:00:00+00:00,41.292,41.316,41.161,41.231,59744.96,27050.84
2026-04-26 08:00:00+00:00,41.232,41.321,41.115,41.116,104200.03,44593.37
2026-04-26 09:00:00+00:00,41.116,41.227,41.09,41.203,85164.41,51772.46
2026-04-26 10:00:00+00:00,41.202,41.252,41.104,41.14,52692.81,32997.32
2026-04-26 11:00:00+00:00,41.14,41.195,41.103,41.131,47411.63,24183.2
2026-04-26 12:00:00+00:00,41.13,41.132,40.95,40.97,121172.69,32816.17
2026-04-26 13:00:00+00:00,40.971,41.155,40.931,41.143,125946.04,58723.82
2026-04-26 14:00:00+00:00,41.143,41.297,41.022,41.265,152858.21,77055.53
2026-04-26 15:00:00+00:00,41.265,41.364,41.189,41.35,89491.09,41454.35
2026-04-26 16:00:00+00:00,41.35,41.4,41.209,41.285,75308.87,33636.5
2026-04-26 17:00:00+00:00,41.284,41.435,41.222,41.412,71602.48,36923.13
2026-04-26 18:00:00+00:00,41.412,41.725,41.403,41.634,206279.55,119320.89
2026-04-26 19:00:00+00:00,41.634,42.034,41.529,41.97,311724.43,184502.68
2026-04-26 20:00:00+00:00,41.97,42.07,41.793,41.888,137877.38,64789.22
2026-04-26 21:00:00+00:00,41.889,42.183,41.86,42.009,199496.78,100064.74
2026-04-26 22:00:00+00:00,42.004,42.411,41.899,42.281,533547.57,350439.75
2026-04-26 23:00:00+00:00,42.282,42.591,42.188,42.428,337972.69,176249.33
2026-04-27 00:00:00+00:00,42.429,42.834,42.279,42.817,287749.47,166712.89
2026-04-27 01:00:00+00:00,42.816,42.886,42.486,42.845,253086.85,136624.42
2026-04-27 02:00:00+00:00,42.846,43.108,42.73,42.997,307441.69,188975.31
2026-04-27 03:00:00+00:00,42.997,43.6,42.964,43.316,616823.74,332755.73
2026-04-27 04:00:00+00:00,43.316,43.36,43.037,43.156,229349.53,120736.68
2026-04-27 05:00:00+00:00,43.156,43.157,42.276,42.608,728961.4,348285.56
2026-04-27 06:00:00+00:00,42.608,42.696,42.2,42.621,456801.83,192446.11
2026-04-27 07:00:00+00:00,42.621,42.67,42.313,42.345,194526.81,84652.72
2026-04-27 08:00:00+00:00,42.345,42.64,42.2,42.413,386505.3,184345.87
2026-04-27 09:00:00+00:00,42.412,42.489,42.25,42.371,142826.77,79535.13
2026-04-27 10:00:00+00:00,42.37,42.404,42.2,42.228,117226.71,50324.42
2026-04-27 11:00:00+00:00,42.228,42.414,42.138,42.37,114200.06,56624.28
2026-04-27 12:00:00+00:00,42.37,42.398,42.113,42.294,167918.77,76694.84
2026-04-27 13:00:00+00:00,42.295,42.552,42.16,42.316,241264.59,126389.76
2026-04-27 14:00:00+00:00,42.315,42.923,42.287,42.549,479205.4,278374.88
2026-04-27 15:00:00+00:00,42.547,42.559,41.564,41.692,1050883.88,483997.36
2026-04-27 16:00:00+00:00,41.692,41.822,41.369,41.692,619531.24,305634.4
2026-04-27 17:00:00+00:00,41.693,41.806,41.536,41.724,187530.19,119669.64
2026-04-27 18:00:00+00:00,41.725,41.828,41.546,41.552,271932.46,152803.72
2026-04-27 19:00:00+00:00,41.552,41.599,41.243,41.584,256462.48,120014.77
2026-04-27 20:00:00+00:00,41.584,41.666,41.397,41.439,126404.96,56905.6
2026-04-27 21:00:00+00:00,41.439,41.483,41.222,41.33,154378.06,66307.19
2026-04-27 22:00:00+00:00,41.331,41.556,41.277,41.426,117991.28,62266.73
2026-04-27 23:00:00+00:00,41.424,41.648,41.358,41.63,112427.52,63528.37
2026-04-28 00:00:00+00:00,41.633,41.822,41.608,41.686,184603.53,99235.51
2026-04-28 01:00:00+00:00,41.685,41.696,41.364,41.374,156500.55,57769.78
2026-04-28 02:00:00+00:00,41.373,41.486,40.779,40.982,434742.54,150832.26
2026-04-28 03:00:00+00:00,40.981,41.117,40.797,41.027,204960.44,117421.39
2026-04-28 04:00:00+00:00,41.027,41.277,41.002,41.169,155281.91,87040.97
2026-04-28 05:00:00+00:00,41.169,41.332,41.124,41.158,151453.36,79946.41
2026-04-28 06:00:00+00:00,41.158,41.355,40.4,40.514,743086.86,288169.45
2026-04-28 07:00:00+00:00,40.513,40.66,40.148,40.583,533732.79,257726.02
2026-04-28 08:00:00+00:00,40.582,40.701,40.265,40.54,353622.03,179155.26
2026-04-28 09:00:00+00:00,40.54,40.576,40.169,40.326,289518.81,140740.01
2026-04-28 10:00:00+00:00,40.324,40.325,39.711,39.753,592876.74,216477.66
2026-04-28 11:00:00+00:00,39.754,40.218,39.673,40.119,663289.52,397231.5
2026-04-28 12:00:00+00:00,40.119,40.128,39.911,40.033,215563.49,105759.7
2026-04-28 13:00:00+00:00,40.034,40.2,39.607,39.972,833698.33,407869.78
2026-04-28 14:00:00+00:00,39.971,40.015,39.485,39.869,586629.85,284593.51
2026-04-28 15:00:00+00:00,39.87,40.0,39.534,39.732,530849.95,283632.85
2026-04-28 16:00:00+00:00,39.735,39.897,39.443,39.707,396903.75,184222.96
2026-04-28 17:00:00+00:00,39.708,39.9,39.468,39.69,331763.68,179731.15
2026-04-28 18:00:00+00:00,39.691,39.957,39.636,39.946,215217.96,114105.61
2026-04-28 19:00:00+00:00,39.946,40.133,39.812,40.098,301762.2,139481.81
2026-04-28 20:00:00+00:00,40.098,40.117,39.812,39.853,453117.41,230695.24
2026-04-28 21:00:00+00:00,39.852,40.024,39.819,39.935,273447.07,132175.81
2026-04-28 22:00:00+00:00,39.936,40.094,39.934,39.983,123424.92,67067.06
2026-04-28 23:00:00+00:00,39.982,40.196,39.943,40.164,147758.16,79407.08
2026-04-29 00:00:00+00:00,40.163,40.163,39.926,40.042,180499.53,94628.22
2026-04-29 01:00:00+00:00,40.043,40.281,39.917,40.215,203808.06,118317.12
2026-04-29 02:00:00+00:00,40.215,40.239,40.001,40.16,146192.7,66152.62
2026-04-29 03:00:00+00:00,40.159,40.59,40.106,40.301,471391.26,279381.41
2026-04-29 04:00:00+00:00,40.301,40.749,40.111,40.618,597604.18,300136.76
2026-04-29 05:00:00+00:00,40.617,40.8,40.385,40.754,354228.95,212195.37
2026-04-29 06:00:00+00:00,40.753,40.901,40.449,40.543,224627.62,98140.92
2026-04-29 07:00:00+00:00,40.543,40.74,40.508,40.533,206060.98,102879.12
2026-04-29 08:00:00+00:00,40.533,40.624,40.33,40.351,281146.55,129428.57
2026-04-29 09:00:00+00:00,40.35,40.647,40.272,40.579,415217.38,229371.28
2026-04-29 10:00:00+00:00,40.579,40.687,40.382,40.518,230673.69,108823.04
2026-04-29 11:00:00+00:00,40.518,40.65,40.2,40.349,339851.96,173693.61
2026-04-29 12:00:00+00:00,40.348,40.381,39.805,40.026,573877.13,255630.35
2026-04-29 13:00:00+00:00,40.027,40.076,39.58,39.732,434262.34,201540.52
2026-04-29 14:00:00+00:00,39.732,40.046,39.527,39.867,374427.11,196315.41
2026-04-29 15:00:00+00:00,39.868,39.937,39.3,39.557,770780.63,331130.64
2026-04-29 16:00:00+00:00,39.556,39.903,39.355,39.43,409583.96,237004.17
2026-04-29 17:00:00+00:00,39.431,39.75,39.279,39.75,375987.71,230902.58
2026-04-29 18:00:00+00:00,39.75,39.762,39.146,39.655,586427.21,299721.81
2026-04-29 19:00:00+00:00,39.655,39.961,39.59,39.925,416043.15,212632.5
2026-04-29 20:00:00+00:00,39.926,40.018,39.729,39.73,195351.88,103500.5
2026-04-29 21:00:00+00:00,39.73,40.114,39.689,40.09,249869.61,121906.74
2026-04-29 22:00:00+00:00,40.091,40.17,39.907,39.959,144364.91,55612.42
2026-04-29 23:00:00+00:00,39.959,40.042,39.845,39.933,89972.74,50561.27
2026-04-30 00:00:00+00:00,39.933,40.348,39.77,40.184,373992.55,216566.08
2026-04-30 01:00:00+00:00,40.183,40.296,40.051,40.166,211394.51,103451.58
2026-04-30 02:00:00+00:00,40.166,40.265,39.478,39.662,329194.12,126890.34
2026-04-30 03:00:00+00:00,39.661,39.786,39.499,39.678,195935.23,94413.94
2026-04-30 04:00:00+00:00,39.678,39.685,39.232,39.372,291307.57,120358.33
2026-04-30 05:00:00+00:00,39.372,39.553,39.293,39.444,162683.24,81418.45
2026-04-30 06:00:00+00:00,39.444,39.634,39.42,39.582,132119.5,66202.83
2026-04-30 07:00:00+00:00,39.582,39.664,39.413,39.514,135848.81,58925.88
2026-04-30 08:00:00+00:00,39.515,39.575,39.205,39.296,275348.47,113269.94
2026-04-30 09:00:00+00:00,39.296,39.331,38.958,39.053,465468.5,171038.65
2026-04-30 10:00:00+00:00,39.053,39.168,38.861,38.984,394227.93,183032.95
2026-04-30 11:00:00+00:00,38.985,39.184,38.706,38.874,450946.2,209632.12
2026-04-30 12:00:00+00:00,38.874,39.105,38.748,39.031,384040.09,213953.82
2026-04-30 13:00:00+00:00,39.031,39.405,38.964,39.135,582783.33,342541.3
2026-04-30 14:00:00+00:00,39.136,39.347,39.002,39.205,388992.5,192071.51
2026-04-30 15:00:00+00:00,39.202,39.424,38.933,39.224,453193.83,238208.23
2026-04-30 16:00:00+00:00,39.224,39.388,39.056,39.166,341772.91,173337.64
2026-04-30 17:00:00+00:00,39.166,39.304,39.028,39.197,209260.69,102981.67
2026-04-30 18:00:00+00:00,39.196,39.332,38.904,39.131,243000.47,112422.17
2026-04-30 19:00:00+00:00,39.13,39.249,39.018,39.237,163720.8,70833.91
2026-04-30 20:00:00+00:00,39.237,39.344,39.052,39.31,214546.16,101705.74
2026-04-30 21:00:00+00:00,39.311,39.524,39.306,39.494,168499.31,95269.81
2026-04-30 22:00:00+00:00,39.495,39.639,39.452,39.547,189911.26,107422.94
2026-04-30 23:00:00+00:00,39.547,39.719,39.526,39.699,127765.65,77960.94
2026-05-01 00:00:00+00:00,39.699,40.246,39.668,39.982,515651.01,283021.88
2026-05-01 01:00:00+00:00,39.983,40.426,39.979,40.295,245843.19,132682.95
2026-05-01 02:00:00+00:00,40.295,40.422,40.191,40.319,174626.67,74258.11
2026-05-01 03:00:00+00:00,40.32,40.494,40.214,40.309,252023.83,107040.72
2026-05-01 04:00:00+00:00,40.309,40.388,40.23,40.324,140517.31,62583.24
2026-05-01 05:00:00+00:00,40.324,40.343,40.061,40.143,231534.91,97195.32
2026-05-01 06:00:00+00:00,40.142,40.224,39.711,39.896,392568.91,163081.35
2026-05-01 07:00:00+00:00,39.897,39.964,39.792,39.902,299743.13,142430.1
2026-05-01 08:00:00+00:00,39.902,40.678,39.877,40.526,593747.45,347199.03
2026-05-01 09:00:00+00:00,40.525,40.867,40.415,40.866,398833.32,205574.61
2026-05-01 10:00:00+00:00,40.866,40.903,40.572,40.676,309232.57,149823.27
2026-05-01 11:00:00+00:00,40.676,40.741,40.5,40.682,168785.69,74965.58
2026-05-01 12:00:00+00:00,40.682,41.069,40.463,40.721,552306.93,262862.46
2026-05-01 13:00:00+00:00,40.721,41.021,40.693,40.885,397428.95,191846.91
2026-05-01 14:00:00+00:00,40.886,40.964,40.572,40.816,322362.25,163240.5
2026-05-01 15:00:00+00:00,40.816,41.152,40.726,40.974,390901.97,197526.7
2026-05-01 16:00:00+00:00,40.972,41.086,40.668,40.778,368782.26,179796.38
2026-05-01 17:00:00+00:00,40.778,41.149,40.716,41.033,300828.11,186293.4
2026-05-01 18:00:00+00:00,41.033,41.146,40.919,40.955,217773.02,89857.45
2026-05-01 19:00:00+00:00,40.955,41.008,40.842,40.947,106653.02,55206.66
2026-05-01 20:00:00+00:00,40.947,40.987,40.677,40.78,152438.6,72288.32
2026-05-01 21:00:00+00:00,40.781,41.053,40.767,41.009,149519.63,86613.53
2026-05-01 22:00:00+00:00,41.01,41.141,40.877,40.956,167684.5,87838.92
2026-05-01 23:00:00+00:00,40.957,41.179,40.893,41.15,184647.5,116008.93
2026-05-02 00:00:00+00:00,41.15,41.278,40.994,41.274,160724.41,91757.74
2026-05-02 01:00:00+00:00,41.274,41.292,41.062,41.269,207229.64,123841.52
2026-05-02 02:00:00+00:00,41.269,41.407,41.119,41.272,199683.97,120882.73
2026-05-02 03:00:00+00:00,41.271,41.453,41.165,41.395,158951.19,91575.01
2026-05-02 04:00:00+00:00,41.395,41.499,41.281,41.445,186853.28,90925.49
2026-05-02 05:00:00+00:00,41.446,41.455,41.179,41.335,203847.14,103106.25
2026-05-02 06:00:00+00:00,41.335,41.438,41.19,41.437,174774.78,102465.51
2026-05-02 07:00:00+00:00,41.436,41.72,41.415,41.713,220176.19,152184.4
2026-05-02 08:00:00+00:00,41.714,42.135,41.68,42.068,527750.9,301683.64
2026-05-02 09:00:00+00:00,42.069,42.456,41.925,41.932,558482.58,277787.71
2026-05-02 10:00:00+00:00,41.932,41.964,41.615,41.682,296691.09,133391.71
2026-05-02 11:00:00+00:00,41.682,41.779,41.455,41.52,210241.76,95280.85
2026-05-02 12:00:00+00:00,41.52,41.697,41.52,41.592,151006.07,87245.98
2026-05-02 13:00:00+00:00,41.592,41.75,41.551,41.585,152144.64,75527.29
2026-05-02 14:00:00+00:00,41.586,41.598,41.284,41.566,272213.84,130059.67
2026-05-02 15:00:00+00:00,41.565,41.697,41.395,41.58,137022.43,74977.42
2026-05-02 16:00:00+00:00,41.581,41.7,41.571,41.675,130809.46,72309.93
2026-05-02 17:00:00+00:00,41.676,41.726,41.446,41.527,106376.34,52076.27
2026-05-02 18:00:00+00:00,41.527,41.817,41.443,41.788,113673.59,70353.31
2026-05-02 19:00:00+00:00,41.788,41.861,41.553,41.596,102323.99,45251.43
2026-05-02 20:00:00+00:00,41.596,41.6,41.35,41.499,131687.11,50840.22
2026-05-02 21:00:00+00:00,41.498,41.641,41.339,41.377,140480.54,62755.68
2026-05-02 22:00:00+00:00,41.376,41.463,41.253,41.356,149795.49,77138.48
2026-05-02 23:00:00+00:00,41.356,41.366,41.251,41.254,71675.19,32673.18
2026-05-03 00:00:00+00:00,41.254,41.37,41.165,41.182,123069.58,57800.06
2026-05-03 01:00:00+00:00,41.183,41.244,40.953,41.102,240607.14,98642.07
2026-05-03 02:00:00+00:00,41.101,41.199,40.941,40.941,130663.14,49466.22
2026-05-03 03:00:00+00:00,40.943,41.076,40.853,41.024,120277.12,57242.35
2026-05-03 04:00:00+00:00,41.024,41.114,40.879,40.939,83647.63,45875.22
2026-05-03 05:00:00+00:00,40.939,41.123,40.925,40.96,139820.25,78399.56
2026-05-03 06:00:00+00:00,40.96,40.972,40.8,40.945,111697.18,41243.05
2026-05-03 07:00:00+00:00,40.945,41.068,40.864,41.02,127822.83,72772.25
2026-05-03 08:00:00+00:00,41.021,41.127,40.9,41.112,134032.72,69680.67
2026-05-03 09:00:00+00:00,41.112,41.296,40.993,41.136,314465.4,167562.08
2026-05-03 10:00:00+00:00,41.137,41.165,41.002,41.045,109745.97,53354.78
2026-05-03 11:00:00+00:00,41.044,41.206,40.936,40.984,163598.97,71521.84
2026-05-03 12:00:00+00:00,40.985,41.175,40.985,41.142,105575.15,56423.82
2026-05-03 13:00:00+00:00,41.143,41.152,40.92,41.006,106869.92,43259.34
2026-05-03 14:00:00+00:00,41.006,41.207,40.822,40.841,214372.94,79557.1
2026-05-03 15:00:00+00:00,40.84,41.018,40.74,40.756,182689.63,98981.22
2026-05-03 16:00:00+00:00,40.756,41.052,40.656,40.992,260265.13,128521.24
2026-05-03 17:00:00+00:00,40.99,41.189,40.941,41.113,133622.33,67246.33
2026-05-03 18:00:00+00:00,41.113,41.197,40.981,41.194,99410.73,48144.41
2026-05-03 19:00:00+00:00,41.191,41.265,41.115,41.22,61122.07,34947.72
2026-05-03 20:00:00+00:00,41.219,41.384,41.186,41.334,109495.4,63139.86
2026-05-03 21:00:00+00:00,41.333,41.339,41.036,41.182,190132.25,77476.39
2026-05-03 22:00:00+00:00,41.182,41.682,41.144,41.601,294914.79,182866.38
2026-05-03 23:00:00+00:00,41.601,41.716,41.334,41.54,237129.27,97298.36
2026-05-04 00:00:00+00:00,41.54,41.54,41.15,41.338,257207.24,114997.46
2026-05-04 01:00:00+00:00,41.338,41.558,40.955,41.545,365663.31,190568.55
2026-05-04 02:00:00+00:00,41.546,42.041,41.391,41.937,775791.6,467566.44
2026-05-04 03:00:00+00:00,41.937,42.222,41.886,42.195,287331.3,150153.35
2026-05-04 04:00:00+00:00,42.195,42.605,41.873,42.499,665956.55,380103.03
2026-05-04 05:00:00+00:00,42.5,42.576,42.08,42.09,227166.43,104059.84
2026-05-04 06:00:00+00:00,42.09,42.127,41.669,41.915,285758.06,120941.64
2026-05-04 07:00:00+00:00,41.916,42.052,41.781,41.827,164012.34,81694.72
2026-05-04 08:00:00+00:00,41.832,41.858,41.607,41.648,173690.5,79754.17
2026-05-04 09:00:00+00:00,41.648,41.937,41.59,41.911,179647.93,114819.36
2026-05-04 10:00:00+00:00,41.912,41.93,41.068,41.389,741612.25,340115.11
2026-05-04 11:00:00+00:00,41.389,41.466,41.2,41.344,185289.18,99190.2
2026-05-04 12:00:00+00:00,41.344,41.535,41.286,41.293,190206.01,84608.81
2026-05-04 13:00:00+00:00,41.29,41.29,40.877,40.947,600295.23,248421.83
2026-05-04 14:00:00+00:00,40.947,41.722,40.899,41.629,472508.24,258988.65
2026-05-04 15:00:00+00:00,41.63,41.636,41.038,41.367,594282.99,281806.27
2026-05-04 16:00:00+00:00,41.363,41.513,41.101,41.351,309735.76,137878.91
2026-05-04 17:00:00+00:00,41.349,41.777,41.339,41.57,231538.17,127623.74
2026-05-04 18:00:00+00:00,41.572,41.6,41.331,41.418,227575.46,114607.03
2026-05-04 19:00:00+00:00,41.418,41.602,41.315,41.594,141823.32,71894.04
2026-05-04 20:00:00+00:00,41.595,41.695,41.51,41.639,183228.2,91016.7
2026-05-04 21:00:00+00:00,41.638,42.494,41.634,42.332,590749.49,406681.36
2026-05-04 22:00:00+00:00,42.331,42.5,42.03,42.1,338690.19,148256.7
2026-05-04 23:00:00+00:00,42.101,42.101,41.785,41.805,187597.81,96123.43
2026-05-05 00:00:00+00:00,41.805,42.065,41.77,42.038,202432.9,100331.22
2026-05-05 01:00:00+00:00,42.038,42.207,41.984,42.152,242591.0,95030.08
2026-05-05 02:00:00+00:00,42.151,42.332,42.005,42.112,208844.14,98427.6
2026-05-05 03:00:00+00:00,42.112,42.467,41.965,42.455,235003.94,105140.48
2026-05-05 04:00:00+00:00,42.455,42.647,42.272,42.54,257482.78,141307.13
2026-05-05 05:00:00+00:00,42.54,42.976,42.396,42.837,452273.47,259032.39
2026-05-05 06:00:00+00:00,42.838,43.232,42.634,43.229,458257.03,279229.93
2026-05-05 07:00:00+00:00,43.231,43.287,43.09,43.231,352065.11,170797.36
2026-05-05 08:00:00+00:00,43.231,43.284,42.832,43.175,396993.92,210509.21
2026-05-05 09:00:00+00:00,43.175,43.249,42.74,43.01,433279.84,227345.75
2026-05-05 10:00:00+00:00,43.009,43.82,42.832,43.751,553081.4,353763.66
2026-05-05 11:00:00+00:00,43.751,43.884,43.571,43.831,412873.92,208034.95
2026-05-05 12:00:00+00:00,43.831,44.088,43.617,43.734,459809.2,243793.59
2026-05-05 13:00:00+00:00,43.733,43.958,43.564,43.652,357880.6,161420.89
2026-05-05 14:00:00+00:00,43.652,43.896,43.557,43.877,332552.51,155737.11
2026-05-05 15:00:00+00:00,43.876,44.222,43.821,44.032,417619.82,235453.28
2026-05-05 16:00:00+00:00,44.033,44.23,43.732,43.922,443374.88,224371.61
2026-05-05 17:00:00+00:00,43.923,44.435,43.895,44.288,451601.35,257506.73
2026-05-05 18:00:00+00:00,44.289,44.549,44.264,44.341,257437.38,150807.07
2026-05-05 19:00:00+00:00,44.342,44.381,43.936,44.021,344547.98,150735.49
2026-05-05 20:00:00+00:00,44.022,44.504,44.013,44.369,258244.36,147675.11
2026-05-05 21:00:00+00:00,44.368,44.62,44.101,44.225,333385.29,168111.94
2026-05-05 22:00:00+00:00,44.225,44.489,44.022,44.188,275697.19,133240.25
2026-05-05 23:00:00+00:00,44.188,44.237,43.579,43.69,392454.65,171495.38
2026-05-06 00:00:00+00:00,43.69,43.895,43.624,43.722,333671.73,169309.2
2026-05-06 01:00:00+00:00,43.722,44.002,43.676,43.979,267083.3,126102.02
2026-05-06 02:00:00+00:00,43.979,44.019,43.592,43.945,259982.45,128708.75
2026-05-06 03:00:00+00:00,43.945,44.196,43.892,44.141,214627.89,122764.57
2026-05-06 04:00:00+00:00,44.141,44.2,43.8,43.939,299322.7,157475.97
2026-05-06 05:00:00+00:00,43.94,44.119,43.894,44.006,164697.73,83857.21
2026-05-06 06:00:00+00:00,44.006,44.316,43.886,44.182,198823.2,105204.38
2026-05-06 07:00:00+00:00,44.183,44.43,44.147,44.394,294327.25,144002.75
2026-05-06 08:00:00+00:00,44.394,44.657,44.213,44.318,508038.09,248460.08
2026-05-06 09:00:00+00:00,44.318,44.321,43.663,44.033,603676.0,249253.25
2026-05-06 10:00:00+00:00,44.034,44.486,44.019,44.444,306705.23,149542.77
2026-05-06 11:00:00+00:00,44.442,44.662,44.389,44.655,311567.86,138385.27
2026-05-06 12:00:00+00:00,44.655,44.82,44.179,44.333,412582.75,186440.97
2026-05-06 13:00:00+00:00,44.333,44.388,43.801,43.855,556733.9,260337.08
2026-05-06 14:00:00+00:00,43.855,43.872,43.423,43.633,663128.5,302362.63
2026-05-06 15:00:00+00:00,43.633,43.646,43.144,43.518,642553.84,298998.37
2026-05-06 16:00:00+00:00,43.518,43.726,43.256,43.325,302453.23,150645.11
2026-05-06 17:00:00+00:00,43.326,43.417,42.951,42.962,624990.4,249106.21
2026-05-06 18:00:00+00:00,42.963,43.195,42.913,43.108,298621.72,142579.07
2026-05-06 19:00:00+00:00,43.108,43.348,43.102,43.245,212152.32,108381.17
2026-05-06 20:00:00+00:00,43.248,43.4,43.043,43.15,182847.01,89126.5
2026-05-06 21:00:00+00:00,43.15,43.38,43.005,43.217,133257.79,69946.38
2026-05-06 22:00:00+00:00,43.218,43.28,42.984,42.999,146494.09,70760.53
2026-05-06 23:00:00+00:00,42.999,43.138,42.941,43.103,163000.27,98577.24
2026-05-07 00:00:00+00:00,43.103,43.158,42.794,42.882,229202.33,102745.0
2026-05-07 01:00:00+00:00,42.881,42.983,42.588,42.648,386252.09,148471.51
2026-05-07 02:00:00+00:00,42.649,42.724,42.533,42.559,257234.83,124047.23
2026-05-07 03:00:00+00:00,42.559,42.561,42.287,42.301,220921.23,91090.49
2026-05-07 04:00:00+00:00,42.3,42.68,42.254,42.68,288873.1,153472.28
2026-05-07 05:00:00+00:00,42.679,42.934,42.66,42.93,270121.54,157575.22
2026-05-07 06:00:00+00:00,42.931,43.15,42.802,43.101,309748.92,188192.49
2026-05-07 07:00:00+00:00,43.101,43.335,42.847,43.32,370096.04,194471.16
2026-05-07 08:00:00+00:00,43.32,43.54,42.807,42.847,617375.59,271600.25
2026-05-07 09:00:00+00:00,42.847,42.93,42.726,42.803,187664.13,83944.05
2026-05-07 10:00:00+00:00,42.804,42.844,42.483,42.687,285910.35,140199.85
2026-05-07 11:00:00+00:00,42.687,42.921,42.687,42.757,155668.96,98292.6
2026-05-07 12:00:00+00:00,42.757,43.235,42.733,43.089,276725.02,169185.48
2026-05-07 13:00:00+00:00,43.088,43.097,42.396,42.522,450710.25,188722.54
2026-05-07 14:00:00+00:00,42.522,42.57,42.022,42.272,507561.98,208558.71
2026-05-07 15:00:00+00:00,42.272,42.434,42.042,42.089,356990.76,134178.78
2026-05-07 16:00:00+00:00,42.09,42.284,41.852,42.033,409746.42,208868.15
2026-05-07 17:00:00+00:00,42.033,42.467,42.024,42.375,230738.21,127930.44
2026-05-07 18:00:00+00:00,42.376,42.536,42.163,42.281,264479.87,127118.14
2026-05-07 19:00:00+00:00,42.281,42.319,42.102,42.319,149202.08,68027.52
2026-05-07 20:00:00+00:00,42.32,42.542,42.293,42.499,157957.8,96224.75
2026-05-07 21:00:00+00:00,42.499,42.615,42.255,42.518,154501.75,84322.83
2026-05-07 22:00:00+00:00,42.517,42.665,42.377,42.509,147330.03,74394.35
2026-05-07 23:00:00+00:00,42.511,42.586,42.428,42.52,88162.04,46277.14
2026-05-08 00:00:00+00:00,42.521,42.758,42.521,42.573,160715.54,87550.62
2026-05-08 01:00:00+00:00,42.574,42.674,42.393,42.441,290264.15,118644.16
2026-05-08 02:00:00+00:00,42.442,42.459,42.144,42.423,206180.69,82926.59
2026-05-08 03:00:00+00:00,42.423,42.442,42.192,42.249,150516.59,66062.01
2026-05-08 04:00:00+00:00,42.25,42.381,42.0,42.11,179385.63,89425.69
2026-05-08 05:00:00+00:00,42.111,42.415,42.086,42.29,108504.82,66131.48
2026-05-08 06:00:00+00:00,42.29,42.388,42.229,42.298,106157.66,32973.27
2026-05-08 07:00:00+00:00,42.298,42.739,42.181,42.731,237767.1,126215.54
2026-05-08 08:00:00+00:00,42.732,42.955,42.441,42.621,493130.06,275645.33
2026-05-08 09:00:00+00:00,42.622,42.816,42.53,42.638,168765.58,88086.21
2026-05-08 10:00:00+00:00,42.637,42.698,42.45,42.513,135316.46,71730.19
2026-05-08 11:00:00+00:00,42.514,42.563,42.321,42.516,153315.93,69515.32
2026-05-08 12:00:00+00:00,42.516,42.741,42.428,42.447,167969.22,78958.59
2026-05-08 13:00:00+00:00,42.446,42.569,42.112,42.399,397040.62,157208.12
2026-05-08 14:00:00+00:00,42.399,42.91,42.342,42.761,477597.26,237600.67
2026-05-08 15:00:00+00:00,42.76,43.146,42.373,43.1,567067.13,286315.76
2026-05-08 16:00:00+00:00,43.099,43.114,42.687,42.765,234724.38,107438.35
2026-05-08 17:00:00+00:00,42.764,43.082,42.719,42.882,202545.8,98687.63
2026-05-08 18:00:00+00:00,42.883,43.476,42.883,43.322,411789.59,235549.81
2026-05-08 19:00:00+00:00,43.322,43.397,43.0,43.086,233456.62,101653.02
2026-05-08 20:00:00+00:00,43.086,43.224,43.0,43.078,129037.28,66733.16
2026-05-08 21:00:00+00:00,43.079,43.306,43.068,43.18,126739.76,79221.1
2026-05-08 22:00:00+00:00,43.18,43.368,43.18,43.246,109467.67,54313.08
2026-05-08 23:00:00+00:00,43.246,43.274,43.011,43.235,166504.26,69040.74
2026-05-09 00:00:00+00:00,43.236,43.378,43.183,43.25,170739.42,79977.55
2026-05-09 01:00:00+00:00,43.25,44.016,43.25,43.896,469000.05,315028.74
2026-05-09 02:00:00+00:00,43.896,43.97,43.729,43.869,139015.12,59348.46
2026-05-09 03:00:00+00:00,43.869,44.062,43.748,44.029,131631.44,67515.87
2026-05-09 04:00:00+00:00,44.029,44.347,43.825,43.861,232579.59,115787.51
2026-05-09 05:00:00+00:00,43.861,44.206,43.829,44.164,153717.7,95863.69
2026-05-09 06:00:00+00:00,44.163,44.3,43.901,43.962,177992.42,85359.0
2026-05-09 07:00:00+00:00,43.963,43.99,43.761,43.779,110352.69,49060.35
2026-05-09 08:00:00+00:00,43.779,43.971,43.767,43.784,133918.1,69965.14
2026-05-09 09:00:00+00:00,43.783,44.267,43.46,43.597,627908.05,308314.58
2026-05-09 10:00:00+00:00,43.597,43.722,43.218,43.565,460589.28,218144.25
2026-05-09 11:00:00+00:00,43.565,43.788,43.551,43.743,180101.07,105613.09
2026-05-09 12:00:00+00:00,43.743,43.973,43.68,43.762,206350.66,125469.9
2026-05-09 13:00:00+00:00,43.763,43.856,43.511,43.582,224219.54,108428.42
2026-05-09 14:00:00+00:00,43.583,43.593,43.071,43.136,394097.67,155358.59
2026-05-09 15:00:00+00:00,43.136,43.279,42.941,43.089,277697.95,124108.87
2026-05-09 16:00:00+00:00,43.09,43.306,42.908,42.932,289692.29,130652.75
2026-05-09 17:00:00+00:00,42.932,43.203,42.911,42.96,271349.97,132929.99
2026-05-09 18:00:00+00:00,42.96,43.112,42.888,42.987,162896.71,68465.35
2026-05-09 19:00:00+00:00,42.988,43.15,42.86,43.1,152231.43,72381.54
2026-05-09 20:00:00+00:00,43.101,43.143,42.843,42.888,108280.8,45392.07
2026-05-09 21:00:00+00:00,42.888,43.061,42.867,43.005,100584.1,51772.42
2026-05-09 22:00:00+00:00,43.005,43.05,42.889,43.018,72599.27,40299.84
2026-05-09 23:00:00+00:00,43.019,43.067,42.82,42.91,134725.81,60715.18
2026-05-10 00:00:00+00:00,42.91,42.944,42.625,42.674,261138.69,107156.07
2026-05-10 01:00:00+00:00,42.675,42.711,42.399,42.595,267275.97,104804.34
2026-05-10 02:00:00+00:00,42.594,42.789,42.537,42.632,201114.31,102747.94
2026-05-10 03:00:00+00:00,42.634,42.928,42.586,42.841,174714.42,102818.39
2026-05-10 04:00:00+00:00,42.841,43.0,42.803,42.869,135542.28,63917.57
2026-05-10 05:00:00+00:00,42.868,42.987,42.783,42.953,92812.26,54210.07
2026-05-10 06:00:00+00:00,42.953,43.06,42.903,43.021,96119.82,45148.01
2026-05-10 07:00:00+00:00,43.02,43.173,42.922,43.042,113405.85,60198.41
2026-05-10 08:00:00+00:00,43.041,43.149,42.884,43.083,148279.25,81685.75
2026-05-10 09:00:00+00:00,43.084,43.152,42.847,42.898,157902.37,58323.65
2026-05-10 10:00:00+00:00,42.899,42.9,42.695,42.89,142789.76,60620.16
2026-05-10 11:00:00+00:00,42.89,42.903,42.67,42.813,107320.47,46225.85
2026-05-10 12:00:00+00:00,42.814,42.844,42.555,42.7,141965.05,65041.76
2026-05-10 13:00:00+00:00,42.7,43.028,42.66,42.925,206679.15,115453.09
2026-05-10 14:00:00+00:00,42.925,43.086,42.813,42.89,147692.42,74020.16
2026-05-10 15:00:00+00:00,42.889,43.301,42.878,43.238,288604.2,136308.09
2026-05-10 16:00:00+00:00,43.238,43.366,43.112,43.187,349630.15,183438.4
2026-05-10 17:00:00+00:00,43.188,43.696,43.121,43.661,406937.09,225663.65
2026-05-10 18:00:00+00:00,43.66,43.693,43.296,43.395,330294.31,116861.66
2026-05-10 19:00:00+00:00,43.395,43.626,43.253,43.45,192395.15,98315.86
2026-05-10 20:00:00+00:00,43.449,43.685,42.248,42.455,754211.85,300825.42
2026-05-10 21:00:00+00:00,42.455,42.582,42.141,42.173,532165.3,294478.64
2026-05-10 22:00:00+00:00,42.172,42.883,42.131,42.874,374073.5,215529.43
2026-05-10 23:00:00+00:00,42.874,43.152,42.708,42.996,328216.59,166282.1
2026-05-11 00:00:00+00:00,42.997,43.143,42.416,42.555,452538.9,158572.39
2026-05-11 01:00:00+00:00,42.555,42.862,42.446,42.564,252012.54,120791.46
2026-05-11 02:00:00+00:00,42.565,42.599,42.208,42.326,199866.3,83327.39
2026-05-11 03:00:00+00:00,42.326,42.381,41.967,42.222,506082.36,235980.05
2026-05-11 04:00:00+00:00,42.22,42.22,41.995,42.051,221594.36,87289.61
2026-05-11 05:00:00+00:00,42.051,42.316,42.013,42.046,188645.3,87017.72
2026-05-11 06:00:00+00:00,42.045,42.195,41.876,41.882,286575.31,130208.18
2026-05-11 07:00:00+00:00,41.882,41.913,41.716,41.86,237065.46,108044.42
2026-05-11 08:00:00+00:00,41.859,41.978,41.738,41.783,215281.41,74244.46
2026-05-11 09:00:00+00:00,41.782,41.98,41.758,41.871,199197.28,75997.06
2026-05-11 10:00:00+00:00,41.871,42.105,41.432,41.489,518840.85,204570.24
2026-05-11 11:00:00+00:00,41.49,41.618,41.301,41.44,292745.14,102077.44
2026-05-11 12:00:00+00:00,41.441,41.493,41.23,41.289,307064.14,119029.08
2026-05-11 13:00:00+00:00,41.289,41.494,41.106,41.131,461530.83,177324.79
2026-05-11 14:00:00+00:00,41.132,41.344,40.821,41.045,544817.3,226682.9
2026-05-11 15:00:00+00:00,41.047,41.677,40.993,41.664,467214.79,256275.11
2026-05-11 16:00:00+00:00,41.664,41.887,41.511,41.786,407092.68,212271.22
2026-05-11 17:00:00+00:00,41.785,42.017,41.616,41.774,275483.85,130431.44
2026-05-11 18:00:00+00:00,41.774,42.152,41.727,42.082,208726.69,106278.65
2026-05-11 19:00:00+00:00,42.081,42.231,41.93,42.171,226878.28,106594.74
2026-05-11 20:00:00+00:00,42.171,42.212,41.908,41.985,151144.88,69529.19
2026-05-11 21:00:00+00:00,41.981,42.08,41.792,41.813,94837.15,43416.35
2026-05-11 22:00:00+00:00,41.813,42.009,41.813,41.943,139099.27,70851.08
2026-05-11 23:00:00+00:00,41.943,42.034,41.8,41.995,109004.33,50754.81
2026-05-12 00:00:00+00:00,41.995,42.077,41.556,41.566,254401.58,109459.43
2026-05-12 01:00:00+00:00,41.567,41.674,41.102,41.351,372571.59,168379.91
2026-05-12 02:00:00+00:00,41.35,41.443,41.219,41.226,196893.26,89911.74
2026-05-12 03:00:00+00:00,41.23,41.245,40.867,40.983,256794.31,105834.54
2026-05-12 04:00:00+00:00,40.983,41.124,40.812,41.086,259363.32,141522.55
2026-05-12 05:00:00+00:00,41.086,41.319,41.086,41.266,195045.69,109372.38
2026-05-12 06:00:00+00:00,41.266,41.359,41.111,41.135,115573.91,54045.16
2026-05-12 07:00:00+00:00,41.135,41.348,41.06,41.281,129441.08,68966.85
2026-05-12 08:00:00+00:00,41.28,41.392,41.235,41.238,174813.49,82783.29
2026-05-12 09:00:00+00:00,41.239,41.267,41.046,41.149,192579.57,89822.65
2026-05-12 10:00:00+00:00,41.149,41.149,40.839,40.919,246812.82,119172.65
2026-05-12 11:00:00+00:00,40.92,41.04,40.573,41.04,405256.97,209397.81
2026-05-12 12:00:00+00:00,41.039,41.135,40.612,40.857,423295.19,208870.98
2026-05-12 13:00:00+00:00,40.858,40.944,40.62,40.672,223396.16,101420.18
2026-05-12 14:00:00+00:00,40.673,40.806,40.174,40.286,631606.02,239929.79
2026-05-12 15:00:00+00:00,40.286,40.487,40.059,40.284,383938.13,165855.94
2026-05-12 16:00:00+00:00,40.285,40.396,39.772,39.852,614704.33,235710.17
2026-05-12 17:00:00+00:00,39.853,40.321,39.81,40.121,391663.82,211434.65
2026-05-12 18:00:00+00:00,40.121,40.382,40.113,40.208,166834.53,84024.4
2026-05-12 19:00:00+00:00,40.208,40.474,40.208,40.417,160876.57,98012.28
2026-05-12 20:00:00+00:00,40.416,40.464,40.254,40.295,141600.21,67544.98
2026-05-12 21:00:00+00:00,40.295,40.36,40.239,40.357,72451.35,37681.9
2026-05-12 22:00:00+00:00,40.357,40.567,40.357,40.423,145548.5,83340.64
2026-05-12 23:00:00+00:00,40.424,40.557,40.061,40.243,183333.7,58315.91
2026-05-13 00:00:00+00:00,40.243,40.346,40.03,40.307,228710.52,120382.35
2026-05-13 01:00:00+00:00,40.307,40.699,40.235,40.442,327245.63,192241.63
2026-05-13 02:00:00+00:00,40.443,40.605,40.414,40.453,127745.57,47738.43
2026-05-13 03:00:00+00:00,40.454,40.536,40.384,40.429,116618.88,37615.23
2026-05-13 04:00:00+00:00,40.429,40.441,40.229,40.244,128231.27,46863.11
2026-05-13 05:00:00+00:00,40.245,40.264,39.866,39.913,353433.62,148517.08
2026-05-13 06:00:00+00:00,39.913,40.222,39.868,40.191,258090.91,140990.74
2026-05-13 07:00:00+00:00,40.192,40.43,40.001,40.164,271231.73,126349.28
2026-05-13 08:00:00+00:00,40.164,40.192,40.01,40.099,182688.05,76528.48
2026-05-13 09:00:00+00:00,40.099,40.2,39.909,39.924,253996.58,106347.11
2026-05-13 10:00:00+00:00,39.924,39.963,39.393,39.507,774035.57,301068.72
2026-05-13 11:00:00+00:00,39.507,39.621,39.224,39.231,452570.68,183975.17
2026-05-13 12:00:00+00:00,39.232,39.39,39.01,39.231,713412.29,338577.76
2026-05-13 13:00:00+00:00,39.23,39.592,39.012,39.342,627497.09,357927.58
2026-05-13 14:00:00+00:00,39.342,39.439,39.028,39.064,519088.15,244596.52
2026-05-13 15:00:00+00:00,39.064,39.13,38.847,38.861,495818.79,221456.43
2026-05-13 16:00:00+00:00,38.86,39.261,38.852,39.18,340279.4,173720.94
2026-05-13 17:00:00+00:00,39.18,39.26,39.097,39.177,166953.25,89276.55
2026-05-13 18:00:00+00:00,39.177,39.346,39.15,39.177,195879.8,101111.72
2026-05-13 19:00:00+00:00,39.178,39.216,39.029,39.095,125599.36,59589.49
2026-05-13 20:00:00+00:00,39.095,39.218,39.047,39.054,118068.7,72554.19
2026-05-13 21:00:00+00:00,39.053,39.054,38.714,38.753,219362.5,93146.76
2026-05-13 22:00:00+00:00,38.752,39.075,38.688,38.921,334538.53,180899.87
2026-05-13 23:00:00+00:00,38.92,39.031,38.816,38.821,257421.68,130546.58
2026-05-14 00:00:00+00:00,38.822,38.887,38.709,38.797,242503.41,118917.49
2026-05-14 01:00:00+00:00,38.797,39.055,38.787,38.919,197215.74,115709.11
2026-05-14 02:00:00+00:00,38.919,38.949,38.671,38.684,205570.22,60430.28
2026-05-14 03:00:00+00:00,38.683,38.708,38.155,38.322,743671.42,304060.09
2026-05-14 04:00:00+00:00,38.321,38.655,38.295,38.621,317927.74,169659.33
2026-05-14 05:00:00+00:00,38.619,39.264,38.45,39.164,652214.26,391844.15
2026-05-14 06:00:00+00:00,39.165,39.294,39.06,39.088,162445.29,82167.99
2026-05-14 07:00:00+00:00,39.087,39.205,38.88,38.996,236347.5,114252.24
2026-05-14 08:00:00+00:00,38.995,39.159,38.87,38.973,196687.66,94646.88
2026-05-14 09:00:00+00:00,38.972,39.14,38.881,39.109,212718.84,113726.55
2026-05-14 10:00:00+00:00,39.106,39.15,38.925,39.068,133321.15,61638.4
2026-05-14 11:00:00+00:00,39.067,39.088,38.896,38.899,104892.49,43066.53
2026-05-14 12:00:00+00:00,38.898,40.56,38.883,40.12,2572502.21,1267164.76
2026-05-14 13:00:00+00:00,40.117,41.356,39.911,41.013,1970259.02,947024.09
2026-05-14 14:00:00+00:00,41.011,42.085,40.873,41.902,1704925.25,783729.98
2026-05-14 15:00:00+00:00,41.903,42.782,41.902,42.606,1586458.43,821042.45
2026-05-14 16:00:00+00:00,42.607,43.55,42.319,43.507,1880108.02,947464.51
2026-05-14 17:00:00+00:00,43.507,44.095,43.263,43.779,1829231.4,873399.07
2026-05-14 18:00:00+00:00,43.777,44.54,43.624,44.527,1297399.11,707691.82
2026-05-14 19:00:00+00:00,44.526,44.768,44.211,44.663,1003267.23,559989.09
2026-05-14 20:00:00+00:00,44.662,44.693,43.628,44.168,1469444.91,708171.07
2026-05-14 21:00:00+00:00,44.168,44.337,43.601,43.827,631960.57,311165.4
2026-05-14 22:00:00+00:00,43.827,44.312,43.813,44.142,381786.48,215853.66
2026-05-14 23:00:00+00:00,44.141,44.612,43.948,44.125,736725.47,367507.66
2026-05-15 00:00:00+00:00,44.125,45.352,44.123,45.148,1072523.98,601598.62
2026-05-15 01:00:00+00:00,45.148,46.58,45.067,46.137,2499539.31,1271192.24
2026-05-15 02:00:00+00:00,46.137,46.564,45.387,46.423,1803669.9,876352.74
2026-05-15 03:00:00+00:00,46.425,46.993,46.172,46.663,1402091.99,691142.26
2026-05-15 04:00:00+00:00,46.658,46.925,46.159,46.193,1223677.03,601171.0
2026-05-15 05:00:00+00:00,46.194,46.439,45.111,45.418,1876360.19,943218.16
2026-05-15 06:00:00+00:00,45.418,45.974,45.304,45.863,1010654.43,543306.88
2026-05-15 07:00:00+00:00,45.864,46.8,45.806,46.662,1266461.78,637920.43
2026-05-15 08:00:00+00:00,46.663,46.68,45.408,45.599,1361637.33,605326.98
2026-05-15 09:00:00+00:00,45.6,45.704,45.2,45.586,1024716.72,501606.26
2026-05-15 10:00:00+00:00,45.585,45.668,45.168,45.579,713848.41,349855.05
2026-05-15 11:00:00+00:00,45.579,45.914,44.92,45.673,881678.62,427351.17
2026-05-15 12:00:00+00:00,45.674,45.767,42.902,43.444,5137621.05,2365729.87
2026-05-15 13:00:00+00:00,43.44,43.706,42.62,43.421,4001322.57,2061399.47
2026-05-15 14:00:00+00:00,43.414,44.252,43.313,43.685,2333832.9,1148515.72
2026-05-15 15:00:00+00:00,43.684,44.299,43.518,44.097,1545016.15,811247.37
2026-05-15 16:00:00+00:00,44.094,44.268,43.672,44.01,883695.32,478886.79
2026-05-15 17:00:00+00:00,44.01,45.098,43.993,44.465,1568437.56,836296.71
2026-05-15 18:00:00+00:00,44.465,44.622,44.125,44.567,650086.25,360404.17
2026-05-15 19:00:00+00:00,44.568,44.962,44.386,44.578,771034.83,393242.72
2026-05-15 20:00:00+00:00,44.578,44.942,44.107,44.179,682052.15,346588.35
2026-05-15 21:00:00+00:00,44.18,44.308,43.832,43.861,431844.76,204546.16
2026-05-15 22:00:00+00:00,43.861,44.194,43.811,44.077,287093.49,160367.64
2026-05-15 23:00:00+00:00,44.077,44.307,44.035,44.168,236652.83,105009.32
2026-05-16 00:00:00+00:00,44.168,44.5,43.897,43.929,418836.92,192349.82
2026-05-16 01:00:00+00:00,43.928,44.151,43.165,43.542,746792.97,359921.63
2026-05-16 02:00:00+00:00,43.541,43.67,43.023,43.336,504829.9,258271.84
2026-05-16 03:00:00+00:00,43.336,43.452,43.006,43.212,365284.37,192969.3
2026-05-16 04:00:00+00:00,43.21,43.217,42.553,42.657,669286.77,285291.57
2026-05-16 05:00:00+00:00,42.656,42.847,42.414,42.587,447364.03,208707.11
2026-05-16 06:00:00+00:00,42.588,42.68,41.363,41.55,1211038.39,511700.98
2026-05-16 07:00:00+00:00,41.55,42.127,41.322,41.984,1308714.02,629260.79
2026-05-16 08:00:00+00:00,41.983,42.103,41.555,41.669,520815.09,238709.28
2026-05-16 09:00:00+00:00,41.669,41.741,40.937,40.947,1330195.41,551924.98
2026-05-16 10:00:00+00:00,40.947,41.16,40.317,40.777,1754309.03,851280.41
2026-05-16 11:00:00+00:00,40.778,41.132,40.593,40.831,706239.91,365196.97
2026-05-16 12:00:00+00:00,40.83,41.304,40.763,41.225,639269.24,308160.77
2026-05-16 13:00:00+00:00,41.225,41.236,40.706,40.983,465008.07,213687.92
2026-05-16 14:00:00+00:00,40.984,41.28,40.81,41.042,420922.91,220394.21
2026-05-16 15:00:00+00:00,41.042,41.114,40.742,40.862,372736.46,190915.67
2026-05-16 16:00:00+00:00,40.861,41.077,40.565,40.837,500431.58,220633.81
2026-05-16 17:00:00+00:00,40.833,41.193,40.649,40.904,504868.76,282774.04
2026-05-16 18:00:00+00:00,40.905,41.481,40.856,41.472,537133.23,299552.58
2026-05-16 19:00:00+00:00,41.47,41.852,41.412,41.64,679167.09,348339.93
2026-05-16 20:00:00+00:00,41.641,41.986,41.631,41.875,406227.52,203498.63
2026-05-16 21:00:00+00:00,41.874,41.992,41.68,41.89,328209.42,161522.33
2026-05-16 22:00:00+00:00,41.889,42.066,41.746,41.837,253020.15,110074.52
2026-05-16 23:00:00+00:00,41.834,41.933,41.746,41.811,188671.54,85105.68
2026-05-17 00:00:00+00:00,41.811,42.244,41.672,41.791,541171.34,290487.46
2026-05-17 01:00:00+00:00,41.79,41.851,41.38,41.438,566636.65,252576.59
2026-05-17 02:00:00+00:00,41.437,41.636,41.336,41.445,332049.17,153907.65
2026-05-17 03:00:00+00:00,41.446,42.692,41.445,42.394,876723.47,498763.94
2026-05-17 04:00:00+00:00,42.394,42.87,41.916,42.379,1169268.46,612123.96
2026-05-17 05:00:00+00:00,42.38,42.857,42.326,42.699,619668.73,321996.62
2026-05-17 06:00:00+00:00,42.699,42.816,42.418,42.576,391827.52,166554.9
2026-05-17 07:00:00+00:00,42.577,42.95,42.456,42.777,414618.6,226949.78
2026-05-17 08:00:00+00:00,42.778,42.917,42.595,42.799,385141.5,190101.43
2026-05-17 09:00:00+00:00,42.799,42.972,42.761,42.959,291405.15,163358.98
2026-05-17 10:00:00+00:00,42.958,43.525,42.854,43.363,772552.25,432921.47
2026-05-17 11:00:00+00:00,43.366,43.464,42.9,42.901,531944.12,264027.88
2026-05-17 12:00:00+00:00,42.9,43.22,42.698,43.187,459315.81,232853.33
2026-05-17 13:00:00+00:00,43.187,43.274,42.507,42.818,859466.34,413973.22
2026-05-17 14:00:00+00:00,42.818,43.499,42.697,43.41,976154.77,528584.74
2026-05-17 15:00:00+00:00,43.41,44.025,43.262,43.589,1286923.93,672232.18
2026-05-17 16:00:00+00:00,43.589,43.94,43.401,43.542,609117.77,293690.41
2026-05-17 17:00:00+00:00,43.541,44.012,43.368,43.906,522205.88,276383.6
2026-05-17 18:00:00+00:00,43.907,45.582,43.84,45.492,1559150.25,923478.99
2026-05-17 19:00:00+00:00,45.493,47.1,45.268,46.708,2421456.39,1246847.76
2026-05-17 20:00:00+00:00,46.709,47.132,46.089,46.416,2044127.48,986373.98
2026-05-17 21:00:00+00:00,46.417,47.275,46.349,47.004,983640.45,509127.56
2026-05-17 22:00:00+00:00,47.005,47.031,45.876,46.128,1401900.54,652684.98
2026-05-17 23:00:00+00:00,46.128,46.151,44.589,45.7,2321411.34,1084471.06
2026-05-18 00:00:00+00:00,45.701,47.0,45.333,46.936,2190898.65,1109214.18
2026-05-18 01:00:00+00:00,46.935,46.979,45.697,46.039,1286310.8,639207.63
2026-05-18 02:00:00+00:00,46.044,46.158,45.408,45.563,835027.19,456197.37
2026-05-18 03:00:00+00:00,45.563,45.929,45.066,45.488,772277.94,339688.92
2026-05-18 04:00:00+00:00,45.49,46.074,45.13,45.837,687919.16,371600.62
2026-05-18 05:00:00+00:00,45.837,45.965,45.389,45.408,619326.94,288231.53
2026-05-18 06:00:00+00:00,45.407,45.533,45.008,45.381,645548.5,315022.22
2026-05-18 07:00:00+00:00,45.38,45.548,44.813,45.272,852950.46,425799.05
2026-05-18 08:00:00+00:00,45.275,45.868,45.235,45.807,555939.27,300636.92
2026-05-18 09:00:00+00:00,45.808,45.89,44.8,45.263,808061.46,390369.15
2026-05-18 10:00:00+00:00,45.263,45.57,45.17,45.309,445636.17,236452.77
2026-05-18 11:00:00+00:00,45.309,45.787,44.977,45.491,790945.05,400482.58
2026-05-18 12:00:00+00:00,45.491,46.056,45.385,45.883,1005046.01,518311.09
2026-05-18 13:00:00+00:00,45.882,46.261,45.363,45.994,1594519.15,805211.72
2026-05-18 14:00:00+00:00,45.995,46.04,44.473,44.687,1746011.85,803510.44
2026-05-18 15:00:00+00:00,44.687,45.297,44.18,44.747,2162622.09,1100587.59
2026-05-18 16:00:00+00:00,44.746,45.158,44.686,45.097,694388.61,361694.41
2026-05-18 17:00:00+00:00,45.097,45.573,45.078,45.524,545247.09,285524.81
2026-05-18 18:00:00+00:00,45.525,45.672,44.824,44.928,790197.46,357199.37
2026-05-18 19:00:00+00:00,44.929,46.46,44.918,46.385,1310904.54,785179.54
2026-05-18 20:00:00+00:00,46.385,46.552,45.686,45.869,781928.89,350286.07
2026-05-18 21:00:00+00:00,45.869,47.948,45.807,47.201,2617597.14,1414897.3
2026-05-18 22:00:00+00:00,47.201,47.6,46.709,47.156,1107966.2,574266.41
2026-05-18 23:00:00+00:00,47.155,47.804,47.117,47.74,791694.73,412892.65
2026-05-19 00:00:00+00:00,47.739,48.582,47.615,48.166,1585294.06,866769.85
2026-05-19 01:00:00+00:00,48.165,48.165,47.133,47.212,893390.97,411775.48
2026-05-19 02:00:00+00:00,47.212,47.517,46.823,47.4,859515.87,416188.34
2026-05-19 03:00:00+00:00,47.4,47.989,47.217,47.757,525493.41,279366.72
2026-05-19 04:00:00+00:00,47.759,48.355,47.429,47.446,771283.1,390419.4
2026-05-19 05:00:00+00:00,47.447,47.62,47.198,47.543,484631.6,242297.56
2026-05-19 06:00:00+00:00,47.543,47.814,47.463,47.598,297612.93,167716.5
2026-05-19 07:00:00+00:00,47.598,48.417,47.524,47.81,738864.78,370668.11
2026-05-19 08:00:00+00:00,47.809,48.076,47.517,48.022,459766.52,236728.14
2026-05-19 09:00:00+00:00,48.024,48.327,47.563,47.886,721385.3,351270.89
2026-05-19 10:00:00+00:00,47.886,48.425,47.733,48.35,669977.08,343720.77
2026-05-19 11:00:00+00:00,48.35,48.693,47.544,47.754,893235.09,434154.46
2026-05-19 12:00:00+00:00,47.753,47.97,47.268,47.81,783749.08,372341.34
2026-05-19 13:00:00+00:00,47.812,48.497,47.491,48.442,984788.77,508915.71
2026-05-19 14:00:00+00:00,48.44,48.483,47.41,47.537,1223546.09,581443.04
2026-05-19 15:00:00+00:00,47.537,48.0,47.349,47.807,705114.39,361347.18
2026-05-19 16:00:00+00:00,47.808,48.379,47.676,48.256,765876.77,375516.1
2026-05-19 17:00:00+00:00,48.257,48.924,48.244,48.651,1080417.55,588430.65
2026-05-19 18:00:00+00:00,48.652,48.73,48.15,48.192,562352.55,277027.68
2026-05-19 19:00:00+00:00,48.191,48.782,48.139,48.743,513163.0,290205.59
2026-05-19 20:00:00+00:00,48.741,48.761,47.984,48.17,473547.04,204495.53
2026-05-19 21:00:00+00:00,48.169,48.392,47.813,47.963,326130.59,163058.24
2026-05-19 22:00:00+00:00,47.962,48.099,47.636,47.965,327140.07,180641.64
2026-05-19 23:00:00+00:00,47.964,48.373,47.913,48.036,303449.74,175829.13
2026-05-20 00:00:00+00:00,48.036,48.069,47.063,47.614,886696.61,407146.92
2026-05-20 01:00:00+00:00,47.61,47.798,47.213,47.63,487155.89,257923.39
2026-05-20 02:00:00+00:00,47.631,47.818,47.373,47.706,420844.17,249055.04
2026-05-20 03:00:00+00:00,47.705,47.933,47.402,47.458,298669.64,156443.87
2026-05-20 04:00:00+00:00,47.458,48.329,47.332,48.306,662645.33,411415.24
2026-05-20 05:00:00+00:00,48.306,48.673,47.924,48.35,980888.06,528576.98
2026-05-20 06:00:00+00:00,48.35,48.665,48.277,48.494,419109.21,230116.9
2026-05-20 07:00:00+00:00,48.493,48.66,48.194,48.465,495905.46,240166.11
2026-05-20 08:00:00+00:00,48.464,48.863,48.431,48.566,512877.56,267405.55
2026-05-20 09:00:00+00:00,48.566,49.099,48.47,48.957,643753.75,374582.34
2026-05-20 10:00:00+00:00,48.957,49.8,48.93,49.623,1417953.26,784196.87
2026-05-20 11:00:00+00:00,49.623,50.131,49.269,49.735,1386710.16,677498.71
2026-05-20 12:00:00+00:00,49.73,50.33,49.505,49.961,1421117.21,709326.17
2026-05-20 13:00:00+00:00,49.961,51.59,49.676,51.26,3246091.23,1708285.45
2026-05-20 14:00:00+00:00,51.26,51.761,50.66,51.337,2107641.31,1070481.01
2026-05-20 15:00:00+00:00,51.336,52.186,51.17,51.436,1629437.33,874409.94
2026-05-20 16:00:00+00:00,51.435,51.85,51.199,51.483,751949.98,381933.79
2026-05-20 17:00:00+00:00,51.485,52.429,51.363,51.949,1335169.69,678125.61
2026-05-20 18:00:00+00:00,51.949,52.23,51.38,51.512,800252.67,435201.79
2026-05-20 19:00:00+00:00,51.512,52.984,51.408,52.947,1404320.08,760494.88
2026-05-20 20:00:00+00:00,52.946,53.172,51.666,51.92,1093249.47,462817.1
2026-05-20 21:00:00+00:00,51.918,53.028,51.701,52.88,762242.91,399695.05
2026-05-20 22:00:00+00:00,52.88,54.5,52.557,54.168,2209399.68,1154742.72
2026-05-20 23:00:00+00:00,54.167,54.862,53.678,54.802,1178063.73,620671.27
2026-05-21 00:00:00+00:00,54.803,56.686,54.701,56.381,2639740.87,1454444.52
2026-05-21 01:00:00+00:00,56.381,57.168,56.0,56.419,2109063.86,1124753.83
2026-05-21 02:00:00+00:00,56.419,56.534,55.382,55.861,1472940.0,700564.04
2026-05-21 03:00:00+00:00,55.861,56.877,55.575,56.751,831348.05,414549.91
2026-05-21 04:00:00+00:00,56.751,56.832,55.879,55.965,737125.91,331471.62
2026-05-21 05:00:00+00:00,55.965,56.464,55.736,56.255,663452.95,362723.09
2026-05-21 06:00:00+00:00,56.255,56.963,56.052,56.494,941504.53,451691.05
2026-05-21 07:00:00+00:00,56.495,58.563,56.457,58.375,2288601.53,1243981.31
2026-05-21 08:00:00+00:00,58.375,58.961,58.123,58.546,2070482.73,1024851.03
2026-05-21 09:00:00+00:00,58.545,59.25,57.416,57.877,2284262.49,1104067.77
2026-05-21 10:00:00+00:00,57.877,58.64,57.134,57.441,2268046.44,1045267.8
2026-05-21 11:00:00+00:00,57.447,57.713,56.669,57.2,1574034.26,765126.1
2026-05-21 12:00:00+00:00,57.2,57.958,56.753,57.725,1244578.12,626408.06
2026-05-21 13:00:00+00:00,57.724,59.799,57.575,59.385,3492085.71,1894240.14
2026-05-21 14:00:00+00:00,59.389,62.22,58.858,60.915,6444220.97,3393636.66
2026-05-21 15:00:00+00:00,60.915,62.651,60.521,61.113,4667213.85,2409398.4
2026-05-21 16:00:00+00:00,61.113,61.177,58.624,58.712,3362576.02,1606701.7
2026-05-21 17:00:00+00:00,58.713,60.348,58.65,58.738,2646733.84,1409688.02
2026-05-21 18:00:00+00:00,58.737,59.495,58.329,58.521,1510389.14,672368.18
2026-05-21 19:00:00+00:00,58.525,58.852,57.273,57.826,1922453.59,875414.1
2026-05-21 20:00:00+00:00,57.825,58.783,56.287,57.89,2300907.24,1059395.2
2026-05-21 21:00:00+00:00,57.89,58.296,57.205,57.944,1166052.66,572257.81
2026-05-21 22:00:00+00:00,57.945,58.543,57.823,58.507,581114.96,299194.71
2026-05-21 23:00:00+00:00,58.509,59.209,58.294,58.605,933447.74,480562.53
2026-05-22 00:00:00+00:00,58.606,58.667,56.885,57.474,1490655.83,673396.74
2026-05-22 01:00:00+00:00,57.474,57.8,56.647,57.48,1009935.73,512606.85
2026-05-22 02:00:00+00:00,57.481,58.457,57.256,57.694,777073.88,373990.84
2026-05-22 03:00:00+00:00,57.693,57.887,57.146,57.524,532757.4,249335.33
2026-05-22 04:00:00+00:00,57.525,58.182,57.384,58.133,420750.18,241775.03
2026-05-22 05:00:00+00:00,58.133,58.363,57.756,57.989,535408.95,275225.1
2026-05-22 06:00:00+00:00,57.989,58.209,57.105,57.173,813078.35,376346.42
2026-05-22 07:00:00+00:00,57.174,57.987,57.031,57.951,774023.14,394082.32
2026-05-22 08:00:00+00:00,57.951,60.158,57.637,59.235,2297246.18,1246513.39
2026-05-22 09:00:00+00:00,59.234,60.1,58.748,59.144,1727888.08,834113.87
2026-05-22 10:00:00+00:00,59.144,59.71,58.938,59.22,797408.88,396382.91
2026-05-22 11:00:00+00:00,59.218,60.945,58.83,60.896,1791034.23,891222.61
2026-05-22 12:00:00+00:00,60.895,61.664,60.385,61.025,2174218.6,1074882.4
2026-05-22 13:00:00+00:00,61.025,61.958,60.587,61.556,2000218.88,983974.23
2026-05-22 14:00:00+00:00,61.55,61.716,59.13,59.2,2819515.59,1247817.79
2026-05-22 15:00:00+00:00,59.201,59.656,57.719,57.911,2543944.46,1167186.24
2026-05-22 16:00:00+00:00,57.911,58.298,57.039,57.829,1812819.58,858524.9
2026-05-22 17:00:00+00:00,57.829,58.094,57.461,57.905,853516.64,455333.56
2026-05-22 18:00:00+00:00,57.905,58.557,56.221,56.883,3190863.07,1414699.02
2026-05-22 19:00:00+00:00,56.883,56.968,55.055,55.678,3257740.42,1516201.54
2026-05-22 20:00:00+00:00,55.677,56.071,54.35,55.087,1958235.89,871042.75
2026-05-22 21:00:00+00:00,55.087,56.457,55.069,56.153,1037515.73,537671.62
2026-05-22 22:00:00+00:00,56.153,56.239,55.172,55.468,685804.52,310428.5
2026-05-22 23:00:00+00:00,55.467,55.767,54.613,54.629,904100.75,431744.67
2026-05-23 00:00:00+00:00,54.628,55.276,54.04,55.055,1408281.78,693311.37
2026-05-23 01:00:00+00:00,55.055,55.38,54.342,54.899,846370.78,423070.62
2026-05-23 02:00:00+00:00,54.901,55.424,54.56,55.404,653970.35,378127.92
2026-05-23 03:00:00+00:00,55.404,55.98,55.256,55.974,782273.2,481345.12
2026-05-23 04:00:00+00:00,55.972,55.974,54.96,55.186,588182.14,261215.11
2026-05-23 05:00:00+00:00,55.187,55.905,55.012,55.323,658744.4,341823.01
2026-05-23 06:00:00+00:00,55.319,55.579,54.881,55.126,402643.5,195859.68
2026-05-23 07:00:00+00:00,55.126,55.7,54.686,55.617,1054015.37,535635.57
2026-05-23 08:00:00+00:00,55.617,56.317,55.359,56.233,1218107.47,638151.45
2026-05-23 09:00:00+00:00,56.234,56.282,55.227,55.31,728452.45,334497.01
2026-05-23 10:00:00+00:00,55.309,55.883,55.302,55.465,499184.62,251820.91
2026-05-23 11:00:00+00:00,55.466,55.56,54.917,55.037,656486.07,288229.79
2026-05-23 12:00:00+00:00,55.037,55.296,54.476,55.089,743858.56,365079.65
2026-05-23 13:00:00+00:00,55.089,55.988,54.984,55.207,980005.87,537820.53
2026-05-23 14:00:00+00:00,55.207,56.934,55.005,56.581,1399470.09,773758.74
2026-05-23 15:00:00+00:00,56.584,57.752,56.529,57.209,2134422.02,1107119.07
2026-05-23 16:00:00+00:00,57.21,58.13,57.026,57.726,1120889.55,561474.35
2026-05-23 17:00:00+00:00,57.726,58.1,57.227,57.535,766672.13,364653.57
2026-05-23 18:00:00+00:00,57.536,58.842,57.423,58.663,1348746.35,780454.94
2026-05-23 19:00:00+00:00,58.663,58.71,58.13,58.311,702501.92,323980.57
2026-05-23 20:00:00+00:00,58.312,59.963,58.133,59.507,1516127.67,838060.77
2026-05-23 21:00:00+00:00,59.506,59.646,57.503,58.172,1423585.05,683814.27
2026-05-23 22:00:00+00:00,58.171,58.331,57.445,57.973,865243.12,402169.51
2026-05-23 23:00:00+00:00,57.973,58.826,57.848,58.727,605859.88,365087.9
2026-05-24 00:00:00+00:00,58.727,59.993,58.647,59.887,976244.33,518394.22
2026-05-24 01:00:00+00:00,59.888,61.541,59.773,60.297,2532464.26,1270858.97
2026-05-24 02:00:00+00:00,60.296,60.74,59.488,60.053,1367842.38,621619.93
2026-05-24 03:00:00+00:00,60.053,60.542,59.881,60.161,669000.98,312914.38
2026-05-24 04:00:00+00:00,60.165,60.576,59.682,60.35,798969.87,373544.17
2026-05-24 05:00:00+00:00,60.35,61.589,60.183,61.305,1242790.72,646166.53
2026-05-24 06:00:00+00:00,61.304,61.996,60.231,61.827,1827053.17,943613.01
2026-05-24 07:00:00+00:00,61.827,62.18,61.111,61.994,1219756.15,629711.8
2026-05-24 08:00:00+00:00,61.993,63.289,61.568,62.777,1916316.76,1007610.35
2026-05-24 09:00:00+00:00,62.778,64.479,62.669,63.769,2759659.5,1406504.51
2026-05-24 10:00:00+00:00,63.769,63.842,62.478,63.158,1644700.61,782030.41
2026-05-24 11:00:00+00:00,63.158,63.54,62.451,62.879,1097360.05,539130.42
2026-05-24 12:00:00+00:00,62.879,64.163,62.642,64.065,1128536.99,594765.74
2026-05-24 13:00:00+00:00,64.072,64.4,62.757,63.157,1656389.41,764756.38
2026-05-24 14:00:00+00:00,63.158,63.612,61.579,62.86,2333521.06,1161600.92
2026-05-24 15:00:00+00:00,62.86,63.87,62.602,63.727,1277858.63,652090.21
2026-05-24 16:00:00+00:00,63.728,64.149,63.071,63.532,1118727.25,547294.92
2026-05-24 17:00:00+00:00,63.533,63.669,62.9,63.144,648200.39,302212.31
2026-05-24 18:00:00+00:00,63.145,64.039,62.601,64.014,831856.69,410240.33
2026-05-24 19:00:00+00:00,64.012,64.795,62.901,63.019,1608009.48,747105.0
2026-05-24 20:00:00+00:00,63.02,63.172,62.1,62.206,841923.16,408040.14
2026-05-24 21:00:00+00:00,62.206,62.773,61.39,61.635,815387.68,361449.64
2026-05-24 22:00:00+00:00,61.635,62.942,61.63,62.454,876720.43,431026.5
2026-05-24 23:00:00+00:00,62.453,63.81,62.453,62.792,900260.08,458515.18
2026-05-25 00:00:00+00:00,62.792,62.976,61.885,61.935,819135.72,390958.23
2026-05-25 01:00:00+00:00,61.936,62.224,60.756,60.96,893318.43,380202.86
2026-05-25 02:00:00+00:00,60.958,61.705,60.792,61.37,981795.91,543062.24
2026-05-25 03:00:00+00:00,61.37,61.692,61.214,61.494,528771.33,264088.71
2026-05-25 04:00:00+00:00,61.495,62.863,61.0,62.742,1186959.34,568675.45
2026-05-25 05:00:00+00:00,62.742,63.282,61.807,62.476,1060154.79,548413.14
2026-05-25 06:00:00+00:00,62.475,63.024,61.706,62.131,1156579.98,576264.69
2026-05-25 07:00:00+00:00,62.131,63.6,61.833,63.472,1018032.63,559029.93
2026-05-25 08:00:00+00:00,63.472,63.801,63.07,63.589,1027587.86,505006.96
2026-05-25 09:00:00+00:00,63.588,64.1,63.097,63.332,754764.68,361564.7
2026-05-25 10:00:00+00:00,63.332,63.724,63.027,63.423,569929.21,293759.77
2026-05-25 11:00:00+00:00,63.423,63.616,62.7,63.412,878949.13,441329.68
2026-05-25 12:00:00+00:00,63.413,63.854,62.56,62.631,738760.67,325807.8
2026-05-25 13:00:00+00:00,62.631,63.483,62.319,63.354,874330.59,468354.98
2026-05-25 14:00:00+00:00,63.355,63.386,62.58,62.89,655869.8,340553.18
2026-05-25 15:00:00+00:00,62.891,63.168,62.478,62.574,597079.02,302964.3
2026-05-25 16:00:00+00:00,62.575,62.673,61.8,62.11,868701.73,413013.75
2026-05-25 17:00:00+00:00,62.111,62.17,61.524,61.929,650584.33,304595.53
2026-05-25 18:00:00+00:00,61.928,62.333,61.522,61.703,362730.07,154678.57
2026-05-25 19:00:00+00:00,61.703,62.142,61.41,62.043,329044.01,167194.0
2026-05-25 20:00:00+00:00,62.042,62.043,61.002,61.32,734435.18,311478.98
2026-05-25 21:00:00+00:00,61.32,61.701,61.272,61.494,289051.53,156054.84
2026-05-25 22:00:00+00:00,61.494,62.047,61.236,61.246,380192.95,182995.78
2026-05-25 23:00:00+00:00,61.251,61.79,61.09,61.146,363598.95,166717.92
2026-05-26 00:00:00+00:00,61.147,61.305,59.6,60.088,1643261.37,721113.68
2026-05-26 01:00:00+00:00,60.088,60.394,59.215,59.323,1087305.05,448983.25
2026-05-26 02:00:00+00:00,59.323,59.833,58.822,59.072,1089915.98,515728.77
2026-05-26 03:00:00+00:00,59.073,59.568,58.581,59.355,891460.93,444624.82
2026-05-26 04:00:00+00:00,59.355,60.049,59.0,59.996,747682.98,445191.49
2026-05-26 05:00:00+00:00,59.997,60.754,59.64,60.309,909547.11,525017.43
2026-05-26 06:00:00+00:00,60.302,60.808,60.117,60.525,616680.5,323409.16
2026-05-26 07:00:00+00:00,60.526,60.623,59.53,59.771,1112469.08,522496.54
2026-05-26 08:00:00+00:00,59.772,60.285,59.257,59.546,735178.38,339628.43
2026-05-26 09:00:00+00:00,59.547,59.85,59.179,59.689,512676.82,257189.46
2026-05-26 10:00:00+00:00,59.688,61.845,59.617,61.439,1841533.4,972701.62
2026-05-26 11:00:00+00:00,61.438,61.735,60.876,61.178,920668.62,452551.55
2026-05-26 12:00:00+00:00,61.175,62.222,60.434,62.153,1329361.05,702151.69
2026-05-26 13:00:00+00:00,62.153,63.999,61.766,63.627,2221855.63,1146726.91
2026-05-26 14:00:00+00:00,63.629,64.787,63.3,63.509,3386801.23,1723742.78
2026-05-26 15:00:00+00:00,63.509,63.625,61.823,62.523,2264272.98,1118892.83
2026-05-26 16:00:00+00:00,62.523,63.66,62.078,62.798,1581632.49,830384.56
2026-05-26 17:00:00+00:00,62.798,62.997,60.764,61.515,1879264.94,864428.22
2026-05-26 18:00:00+00:00,61.514,62.097,61.077,61.733,917402.62,517541.38
2026-05-26 19:00:00+00:00,61.723,61.771,60.157,60.807,1178210.56,526344.7
2026-05-26 20:00:00+00:00,60.808,60.869,59.33,59.721,1318322.57,560837.4
2026-05-26 21:00:00+00:00,59.722,59.846,58.706,59.072,789602.92,378200.48
2026-05-26 22:00:00+00:00,59.073,59.844,58.89,59.748,686426.02,392385.16
2026-05-26 23:00:00+00:00,59.748,60.024,59.342,59.577,562604.35,308658.97
2026-05-27 00:00:00+00:00,59.578,60.847,59.401,60.775,856935.04,501498.14
2026-05-27 01:00:00+00:00,60.775,60.828,59.868,60.095,584490.43,261548.04
2026-05-27 02:00:00+00:00,60.095,60.734,59.721,60.706,598830.36,308993.76
2026-05-27 03:00:00+00:00,60.706,61.182,59.904,60.112,1071231.28,495183.8
2026-05-27 04:00:00+00:00,60.112,60.9,59.566,60.781,833490.55,468696.9
2026-05-27 05:00:00+00:00,60.781,62.111,60.685,61.881,1065677.49,613214.27
2026-05-27 06:00:00+00:00,61.88,62.436,61.485,62.419,767165.44,409687.66
2026-05-27 07:00:00+00:00,62.42,62.781,61.898,62.188,802091.33,368744.31
2026-05-27 08:00:00+00:00,62.187,62.472,61.825,62.288,553181.05,260895.55
2026-05-27 09:00:00+00:00,62.289,63.359,62.057,62.9,1140500.16,597573.04
2026-05-27 10:00:00+00:00,62.9,63.294,62.547,62.552,974699.53,517179.89
2026-05-27 11:00:00+00:00,62.553,63.208,62.277,62.337,840875.7,382029.6
2026-05-27 12:00:00+00:00,62.339,63.131,61.709,61.917,1277728.31,605465.77
2026-05-27 13:00:00+00:00,61.916,62.165,60.305,60.839,1798031.32,853769.08
2026-05-27 14:00:00+00:00,60.839,60.98,59.636,60.028,1651733.45,805638.15
2026-05-27 15:00:00+00:00,60.029,60.856,59.934,60.548,1039894.53,543078.68
2026-05-27 16:00:00+00:00,60.548,60.701,59.657,60.471,754963.23,386166.45
2026-05-27 17:00:00+00:00,60.471,60.545,58.91,59.463,1162590.4,560822.79
2026-05-27 18:00:00+00:00,59.462,59.858,59.034,59.464,776962.99,369898.02
2026-05-27 19:00:00+00:00,59.464,60.221,59.404,60.148,536518.36,309577.64
2026-05-27 20:00:00+00:00,60.149,60.592,59.943,60.429,627026.98,385009.82
2026-05-27 21:00:00+00:00,60.426,60.47,59.3,59.829,526519.15,228442.38
2026-05-27 22:00:00+00:00,59.829,59.993,58.122,58.155,1181880.98,481142.04
2026-05-27 23:00:00+00:00,58.155,58.652,57.411,57.745,1083317.17,508036.12
2026-05-28 00:00:00+00:00,57.747,58.272,57.542,57.963,588888.41,296386.26
2026-05-28 01:00:00+00:00,57.964,58.499,57.791,58.056,564296.73,250003.04
2026-05-28 02:00:00+00:00,58.056,58.634,57.693,58.429,713660.11,397037.26
2026-05-28 03:00:00+00:00,58.428,58.469,56.8,57.145,1491499.38,616983.54
2026-05-28 04:00:00+00:00,57.144,57.664,56.693,57.521,1323634.85,706739.69
2026-05-28 05:00:00+00:00,57.521,57.894,56.852,57.045,766260.54,383290.62
2026-05-28 06:00:00+00:00,57.046,57.373,56.629,57.17,786658.2,399353.34
2026-05-28 07:00:00+00:00,57.171,58.346,57.171,58.105,1050662.23,589696.51
2026-05-28 08:00:00+00:00,58.106,58.126,56.351,56.792,1451211.02,708205.72
2026-05-28 09:00:00+00:00,56.792,57.553,56.675,57.491,619351.88,316206.55
2026-05-28 10:00:00+00:00,57.492,57.505,56.619,56.68,568591.88,258674.06
2026-05-28 11:00:00+00:00,56.68,57.12,56.61,57.098,434646.14,244242.96
2026-05-28 12:00:00+00:00,57.098,57.618,56.307,57.306,844985.42,453210.77
2026-05-28 13:00:00+00:00,57.305,57.5,56.364,57.379,1165816.68,612509.35
2026-05-28 14:00:00+00:00,57.381,58.866,56.736,57.376,2731424.81,1397291.58
2026-05-28 15:00:00+00:00,57.377,57.962,57.2,57.688,983015.98,527068.77
2026-05-28 16:00:00+00:00,57.688,59.454,57.403,59.441,1455530.57,779631.57
2026-05-28 17:00:00+00:00,59.436,59.883,58.714,59.441,962207.47,456307.55
2026-05-28 18:00:00+00:00,59.441,60.966,59.33,60.742,1302159.8,708818.26
2026-05-28 19:00:00+00:00,60.742,61.577,59.932,60.95,1290324.49,626983.99
2026-05-28 20:00:00+00:00,60.95,61.357,60.148,60.696,1110626.25,508737.94
2026-05-28 21:00:00+00:00,60.7,62.11,60.462,61.846,990656.0,509417.22
2026-05-28 22:00:00+00:00,61.847,62.14,61.083,61.634,690377.05,302445.43
2026-05-28 23:00:00+00:00,61.633,62.143,61.481,61.552,543334.35,250852.17
2026-05-29 00:00:00+00:00,61.552,62.6,61.209,62.01,1043114.33,515575.4
2026-05-29 01:00:00+00:00,62.01,62.494,61.23,61.935,818334.35,390065.66
2026-05-29 02:00:00+00:00,61.936,62.041,60.367,60.462,1174876.29,494679.1
2026-05-29 03:00:00+00:00,60.466,62.173,60.466,61.329,1508855.84,772547.07
2026-05-29 04:00:00+00:00,61.328,61.753,60.802,61.666,681981.62,380451.67
2026-05-29 05:00:00+00:00,61.665,62.074,61.273,61.392,650894.07,335137.09
2026-05-29 06:00:00+00:00,61.393,62.262,61.205,62.018,579730.12,325307.67
2026-05-29 07:00:00+00:00,62.02,62.887,61.903,62.85,1202336.27,663138.56
2026-05-29 08:00:00+00:00,62.85,63.341,62.417,62.989,1412256.57,761004.93
2026-05-29 09:00:00+00:00,62.989,63.599,62.655,62.799,1138355.87,610436.06
2026-05-29 10:00:00+00:00,62.799,62.88,62.178,62.223,691835.12,326026.24
2026-05-29 11:00:00+00:00,62.222,62.75,61.912,62.215,763857.3,355101.74
2026-05-29 12:00:00+00:00,62.212,62.363,61.436,61.988,957920.28,454941.56
2026-05-29 13:00:00+00:00,61.988,62.973,61.516,62.843,1678396.79,857038.97
2026-05-29 14:00:00+00:00,62.844,63.96,61.503,63.555,5466287.05,2781730.03
2026-05-29 15:00:00+00:00,63.556,66.81,63.342,65.66,5649133.36,3110753.21
2026-05-29 16:00:00+00:00,65.661,67.624,65.362,66.897,2908340.12,1527824.02
2026-05-29 17:00:00+00:00,66.896,67.493,66.129,66.375,1941168.47,906437.53
2026-05-29 18:00:00+00:00,66.375,66.631,64.821,65.026,1523989.3,669325.63
2026-05-29 19:00:00+00:00,65.026,66.293,64.8,66.267,1299144.82,739360.68
2026-05-29 20:00:00+00:00,66.265,66.498,65.228,65.503,604550.62,268654.14
2026-05-29 21:00:00+00:00,65.503,65.841,64.211,64.666,1261825.26,586574.01
2026-05-29 22:00:00+00:00,64.666,65.2,64.297,64.426,567391.04,289722.01
2026-05-29 23:00:00+00:00,64.427,64.715,63.861,64.442,723785.52,347301.6
2026-05-30 00:00:00+00:00,64.441,65.136,64.116,65.081,677049.11,353251.07
2026-05-30 01:00:00+00:00,65.081,65.837,64.756,65.623,718632.83,399583.66
2026-05-30 02:00:00+00:00,65.623,66.042,65.026,65.491,724056.78,338488.32
2026-05-30 03:00:00+00:00,65.492,65.503,65.001,65.15,470800.07,265562.06
2026-05-30 04:00:00+00:00,65.151,65.3,64.004,64.622,1246892.51,605379.96
2026-05-30 05:00:00+00:00,64.622,66.2,64.414,65.796,1015175.29,557981.84
2026-05-30 06:00:00+00:00,65.796,65.95,65.35,65.717,574742.23,290062.76
2026-05-30 07:00:00+00:00,65.716,66.339,65.508,66.075,558096.61,270496.33
2026-05-30 08:00:00+00:00,66.076,66.238,65.82,66.237,368083.1,178797.76
2026-05-30 09:00:00+00:00,66.237,66.623,65.947,66.21,750989.79,356718.36
2026-05-30 10:00:00+00:00,66.207,66.99,66.004,66.928,790339.85,408332.55
2026-05-30 11:00:00+00:00,66.927,68.085,66.555,67.854,1497956.26,785548.15
2026-05-30 12:00:00+00:00,67.853,68.68,67.311,68.372,1458595.88,754803.16
2026-05-30 13:00:00+00:00,68.372,68.677,67.427,68.033,1085096.13,530339.88
2026-05-30 14:00:00+00:00,68.034,68.327,67.341,68.188,921818.12,451460.47
2026-05-30 15:00:00+00:00,68.188,68.587,66.62,67.171,1719946.77,821461.65
2026-05-30 16:00:00+00:00,67.171,67.194,66.193,66.625,1248629.1,641659.04
2026-05-30 17:00:00+00:00,66.624,67.545,66.469,67.509,885757.75,469262.33
2026-05-30 18:00:00+00:00,67.51,68.356,67.379,68.225,885284.75,472665.86
2026-05-30 19:00:00+00:00,68.229,68.29,67.558,67.836,634773.2,291280.6
2026-05-30 20:00:00+00:00,67.836,68.151,67.15,67.284,421304.67,170794.68
2026-05-30 21:00:00+00:00,67.285,67.871,67.149,67.424,281391.85,143932.68
2026-05-30 22:00:00+00:00,67.424,67.848,67.034,67.67,429995.56,210570.67
2026-05-30 23:00:00+00:00,67.669,68.328,67.048,68.303,605830.08,307985.46
2026-05-31 00:00:00+00:00,68.304,69.666,67.98,69.426,1456818.96,826292.23
2026-05-31 01:00:00+00:00,69.426,69.594,68.929,69.195,708846.48,339008.45
2026-05-31 02:00:00+00:00,69.195,69.343,68.027,68.59,834004.22,399190.97
2026-05-31 03:00:00+00:00,68.591,68.936,68.294,68.798,433028.77,234708.58
2026-05-31 04:00:00+00:00,68.797,69.928,68.4,69.827,997914.01,518475.97
2026-05-31 05:00:00+00:00,69.827,70.473,69.3,69.531,1260748.27,606968.98
2026-05-31 06:00:00+00:00,69.531,70.098,69.0,69.196,719575.01,328162.81
2026-05-31 07:00:00+00:00,69.197,69.726,68.813,69.224,778138.54,380283.58
2026-05-31 08:00:00+00:00,69.223,69.7,68.9,68.905,617862.57,303463.0
2026-05-31 09:00:00+00:00,68.907,69.096,68.312,68.57,935871.75,462409.11
2026-05-31 10:00:00+00:00,68.57,68.843,68.035,68.386,815177.06,372828.77
2026-05-31 11:00:00+00:00,68.386,68.505,67.427,67.794,973117.19,460133.24
2026-05-31 12:00:00+00:00,67.793,68.48,67.515,68.014,710439.91,415224.89
2026-05-31 13:00:00+00:00,68.014,68.434,67.662,68.022,616893.6,310465.84
2026-05-31 14:00:00+00:00,68.022,68.538,67.821,68.163,799425.54,411259.58
2026-05-31 15:00:00+00:00,68.163,69.338,67.953,68.621,1288342.15,717472.61
2026-05-31 16:00:00+00:00,68.622,68.75,67.697,67.956,754953.13,319634.32
2026-05-31 17:00:00+00:00,67.956,69.289,67.889,68.92,716214.95,385995.04
2026-05-31 18:00:00+00:00,68.919,69.342,68.635,68.951,557190.98,265053.42
2026-05-31 19:00:00+00:00,68.951,69.348,68.7,69.292,332846.96,186993.9
2026-05-31 20:00:00+00:00,69.293,70.298,69.0,70.154,1009161.19,572886.88
2026-05-31 21:00:00+00:00,70.154,71.658,69.867,71.387,1837392.91,1039998.62
2026-05-31 22:00:00+00:00,71.386,73.214,71.001,72.608,2300329.59,1258493.28
2026-05-31 23:00:00+00:00,72.609,73.017,71.561,72.093,1295975.08,600236.41
2026-06-01 00:00:00+00:00,72.093,74.4,71.9,73.504,1634711.4,904037.99
2026-06-01 01:00:00+00:00,73.507,73.8,71.8,71.893,1223637.98,580246.43
2026-06-01 02:00:00+00:00,71.894,72.827,71.689,72.154,752501.91,388424.89
2026-06-01 03:00:00+00:00,72.149,73.571,72.148,73.532,1012219.74,590321.66
2026-06-01 04:00:00+00:00,73.533,73.8,72.754,73.315,892998.86,447164.86
2026-06-01 05:00:00+00:00,73.314,74.112,73.204,73.454,910262.02,500487.6
2026-06-01 06:00:00+00:00,73.455,73.98,72.553,73.272,1215852.96,589724.45
2026-06-01 07:00:00+00:00,73.273,73.927,72.104,72.382,1385535.75,667994.31
2026-06-01 08:00:00+00:00,72.381,72.949,71.98,72.143,876686.81,446291.68
2026-06-01 09:00:00+00:00,72.143,73.53,71.427,72.473,1832288.23,935717.66
2026-06-01 10:00:00+00:00,72.474,73.257,72.219,72.723,803279.31,392291.83
2026-06-01 11:00:00+00:00,72.723,74.076,72.332,73.174,1349613.14,735341.55
2026-06-01 12:00:00+00:00,73.17,74.733,72.452,74.087,1910062.71,998055.55
2026-06-01 13:00:00+00:00,74.088,74.138,71.612,72.134,1966971.39,976095.14
2026-06-01 14:00:00+00:00,72.134,72.484,70.253,71.238,3061535.66,1545363.45
2026-06-01 15:00:00+00:00,71.237,72.742,70.806,70.98,1743897.51,941315.29
2026-06-01 16:00:00+00:00,70.98,72.278,70.504,72.241,1761083.14,927462.66
2026-06-01 17:00:00+00:00,72.241,73.568,72.006,72.942,1652285.48,833509.2
2026-06-01 18:00:00+00:00,72.941,73.567,72.368,73.548,945914.24,485613.96
2026-06-01 19:00:00+00:00,73.548,73.989,73.116,73.826,725848.72,346567.93
2026-06-01 20:00:00+00:00,73.827,73.857,72.077,72.571,877740.61,434073.1
2026-06-01 21:00:00+00:00,72.57,73.334,71.781,73.233,643545.5,309560.76
2026-06-01 22:00:00+00:00,73.233,74.298,72.748,74.24,916889.38,500713.34
2026-06-01 23:00:00+00:00,74.24,75.874,73.155,73.665,2230610.11,1127891.14
2026-06-02 00:00:00+00:00,73.664,74.929,73.275,74.139,1105006.74,569987.59
2026-06-02 01:00:00+00:00,74.14,74.409,72.7,72.878,1346705.45,642195.65
2026-06-02 02:00:00+00:00,72.873,74.885,72.67,74.881,1185711.9,599220.68
2026-06-02 03:00:00+00:00,74.879,75.717,74.525,74.641,1533089.68,765298.93
2026-06-02 04:00:00+00:00,74.642,74.994,73.626,73.743,848034.04,398965.82
2026-06-02 05:00:00+00:00,73.742,74.256,72.776,72.976,1281212.04,583424.68
2026-06-02 06:00:00+00:00,72.975,73.347,71.909,72.021,997525.02,444573.35
2026-06-02 07:00:00+00:00,72.021,72.568,71.286,72.103,1270960.65,620616.48
2026-06-02 08:00:00+00:00,72.1,72.168,71.149,71.436,849102.41,422848.8
2026-06-02 09:00:00+00:00,71.435,72.035,70.62,70.846,1483046.43,652459.1
2026-06-02 10:00:00+00:00,70.847,72.476,70.838,72.405,1164817.26,620810.52
2026-06-02 11:00:00+00:00,72.404,73.074,72.029,72.599,843715.49,426426.59
2026-06-02 12:00:00+00:00,72.6,73.882,72.424,73.687,986952.5,504682.52
2026-06-02 13:00:00+00:00,73.688,73.807,72.623,73.072,1095093.16,496260.49
2026-06-02 14:00:00+00:00,73.073,74.061,72.05,72.435,1878999.96,895678.65
2026-06-02 15:00:00+00:00,72.434,72.479,70.6,71.979,2577335.19,1230241.03
2026-06-02 16:00:00+00:00,71.978,72.66,71.419,72.001,1389972.56,740043.45
2026-06-02 17:00:00+00:00,72.001,72.902,71.5,72.388,843545.48,415335.15
2026-06-02 18:00:00+00:00,72.391,72.752,70.794,70.917,1020418.9,463817.32
2026-06-02 19:00:00+00:00,70.916,71.265,69.04,70.89,2532665.06,1211961.97
2026-06-02 20:00:00+00:00,70.89,71.71,69.333,69.933,1437405.7,666638.2
2026-06-02 21:00:00+00:00,69.933,70.21,68.858,68.91,950150.35,388833.6
2026-06-02 22:00:00+00:00,68.916,69.299,67.802,68.487,1687463.95,708293.05
2026-06-02 23:00:00+00:00,68.488,69.889,68.252,69.849,1105551.77,586793.43
2026-06-03 00:00:00+00:00,69.849,70.974,69.503,69.751,1159478.01,557852.35
2026-06-03 01:00:00+00:00,69.752,70.069,68.407,69.204,999629.0,489850.58
2026-06-03 02:00:00+00:00,69.205,70.278,69.027,70.142,591611.71,308908.75
2026-06-03 03:00:00+00:00,70.141,70.988,69.254,70.629,2064565.07,933597.9
2026-06-03 04:00:00+00:00,70.629,72.996,70.6,72.756,1889481.79,1031620.3
2026-06-03 05:00:00+00:00,72.757,73.7,72.37,72.727,1596606.54,828495.86
2026-06-03 06:00:00+00:00,72.726,73.063,72.045,72.48,821694.79,419064.95
2026-06-03 07:00:00+00:00,72.482,73.475,72.171,73.071,620123.33,313698.56
2026-06-03 08:00:00+00:00,73.07,73.252,72.095,72.261,751880.72,353175.89
2026-06-03 09:00:00+00:00,72.26,72.901,71.504,71.804,835314.08,406512.15
2026-06-03 10:00:00+00:00,71.805,73.186,71.717,73.143,679585.9,372479.75
2026-06-03 11:00:00+00:00,73.143,73.52,72.057,72.341,761357.91,332758.43
2026-06-03 12:00:00+00:00,72.341,73.45,72.138,73.337,794901.21,386798.95
2026-06-03 13:00:00+00:00,73.337,74.115,72.23,72.797,1439413.08,707332.15
2026-06-03 14:00:00+00:00,72.802,72.9,71.709,72.795,943239.1,480605.59
2026-06-03 15:00:00+00:00,72.795,73.627,71.915,72.1,1102856.55,517980.72
2026-06-03 16:00:00+00:00,72.099,72.761,71.41,72.758,1062528.63,549103.52
2026-06-03 17:00:00+00:00,72.761,73.998,71.805,73.754,1510144.06,755581.97
2026-06-03 18:00:00+00:00,73.754,74.6,72.735,74.126,1212168.0,647112.96
2026-06-03 19:00:00+00:00,74.126,74.524,73.101,73.427,800832.95,390183.12
2026-06-03 20:00:00+00:00,73.426,73.925,72.063,72.408,796044.34,392230.96
2026-06-03 21:00:00+00:00,72.408,75.392,72.408,75.0,1410298.35,747807.67
2026-06-03 22:00:00+00:00,75.0,75.634,74.6,74.815,927869.64,506744.6
2026-06-03 23:00:00+00:00,74.815,75.446,74.117,74.575,699533.19,374377.57
2026-06-04 00:00:00+00:00,74.575,75.535,73.381,74.185,1315793.6,625914.76
2026-06-04 01:00:00+00:00,74.187,74.425,72.16,72.238,1400632.15,672459.34
2026-06-04 02:00:00+00:00,72.238,73.716,70.334,72.637,2702917.18,1376195.38
2026-06-04 03:00:00+00:00,72.638,74.188,72.6,74.011,1042320.82,583320.99
2026-06-04 04:00:00+00:00,74.011,75.069,73.0,73.3,1323295.78,581874.31
2026-06-04 05:00:00+00:00,73.301,73.369,72.41,72.56,1061515.81,507762.62
2026-06-04 06:00:00+00:00,72.56,73.127,69.6,69.723,2493809.99,1144758.11
2026-06-04 07:00:00+00:00,69.723,70.04,67.823,67.859,2908628.59,1299104.28
2026-06-04 08:00:00+00:00,67.859,69.123,66.7,68.558,3219982.1,1537671.03
2026-06-04 09:00:00+00:00,68.557,68.673,66.22,67.175,2290541.18,1053253.72
2026-06-04 10:00:00+00:00,67.177,67.187,64.872,65.53,2820678.32,1345130.28
2026-06-04 11:00:00+00:00,65.529,67.096,64.924,66.607,1926696.87,1055428.06
2026-06-04 12:00:00+00:00,66.608,68.121,65.363,67.772,2424554.02,1282300.34
2026-06-04 13:00:00+00:00,67.775,67.918,65.548,67.144,2264397.21,1116717.11
2026-06-04 14:00:00+00:00,67.144,67.693,66.87,67.206,1354385.04,674187.63
2026-06-04 15:00:00+00:00,67.207,68.662,66.596,67.466,1657101.87,899712.24
2026-06-04 16:00:00+00:00,67.466,68.949,67.326,68.912,1253906.98,666425.29
2026-06-04 17:00:00+00:00,68.911,68.942,66.0,66.82,1574142.63,693116.21
2026-06-04 18:00:00+00:00,66.822,67.634,66.015,66.76,956756.0,477925.93
2026-06-04 19:00:00+00:00,66.76,67.184,65.778,66.506,995643.37,519991.58
2026-06-04 20:00:00+00:00,66.507,67.775,66.102,67.173,868646.83,434710.01
2026-06-04 21:00:00+00:00,67.174,67.544,64.349,64.716,1497423.57,602724.0
2026-06-04 22:00:00+00:00,64.717,65.576,63.066,64.296,1896999.31,909350.82
2026-06-04 23:00:00+00:00,64.297,65.128,63.252,64.439,1192307.82,590794.83
2026-06-05 00:00:00+00:00,64.439,64.916,62.928,64.098,1500809.02,677894.55
2026-06-05 01:00:00+00:00,64.099,65.983,63.409,65.747,1638244.82,882380.97
2026-06-05 02:00:00+00:00,65.748,65.874,63.624,63.689,1247737.93,514944.14
2026-06-05 03:00:00+00:00,63.69,64.033,61.556,61.744,2193075.56,1044326.5
2026-06-05 04:00:00+00:00,61.743,63.499,61.252,63.323,2300719.25,1243154.16
2026-06-05 05:00:00+00:00,63.322,63.831,60.944,61.583,2005470.55,932966.86
2026-06-05 06:00:00+00:00,61.588,62.063,59.152,60.806,3776560.44,1786154.48
2026-06-05 07:00:00+00:00,60.805,62.931,58.935,62.707,3340645.73,1735971.27
2026-06-05 08:00:00+00:00,62.707,62.721,60.862,61.335,1281001.53,586742.85
2026-06-05 09:00:00+00:00,61.337,62.474,61.08,61.652,1306225.22,648648.15
2026-06-05 10:00:00+00:00,61.652,61.909,60.819,61.85,813132.8,433920.57
2026-06-05 11:00:00+00:00,61.849,62.645,61.252,61.688,723190.46,374980.72
2026-06-05 12:00:00+00:00,61.687,62.655,61.168,62.469,1074446.8,573886.34
2026-06-05 13:00:00+00:00,62.468,62.943,60.604,60.781,1540616.15,677092.84
2026-06-05 14:00:00+00:00,60.782,63.482,60.756,61.344,1919445.67,1011128.11
2026-06-05 15:00:00+00:00,61.345,61.499,57.2,57.786,3688974.12,1704240.76
2026-06-05 16:00:00+00:00,57.786,60.386,57.06,59.642,3540375.51,1798942.28
2026-06-05 17:00:00+00:00,59.643,59.972,57.702,57.958,1546495.2,765207.04
2026-06-05 18:00:00+00:00,57.958,58.349,56.661,57.222,1607646.43,758193.09
2026-06-05 19:00:00+00:00,57.221,58.979,56.701,58.546,1410672.44,697527.91
2026-06-05 20:00:00+00:00,58.545,59.764,58.091,59.476,1279115.37,633851.04
2026-06-05 21:00:00+00:00,59.476,60.687,59.091,59.757,863019.76,445218.65
2026-06-05 22:00:00+00:00,59.759,60.301,59.0,59.498,732922.55,374914.94
2026-06-05 23:00:00+00:00,59.503,60.013,58.803,59.776,662793.27,334080.97
2026-06-06 00:00:00+00:00,59.772,60.968,59.634,60.77,762648.18,405412.92
2026-06-06 01:00:00+00:00,60.77,61.172,59.6,59.609,680984.95,323580.45
2026-06-06 02:00:00+00:00,59.61,59.946,59.054,59.608,616755.9,319749.69
2026-06-06 03:00:00+00:00,59.607,59.655,58.666,58.854,626193.83,273157.51
2026-06-06 04:00:00+00:00,58.854,59.262,57.343,58.213,1274477.03,631784.68
2026-06-06 05:00:00+00:00,58.214,59.643,57.517,59.42,1091107.73,551974.06
2026-06-06 06:00:00+00:00,59.418,59.931,59.076,59.498,643156.51,333618.0
2026-06-06 07:00:00+00:00,59.498,60.469,59.23,59.892,691149.74,352115.04
2026-06-06 08:00:00+00:00,59.89,61.029,59.454,59.977,803191.93,411204.35
2026-06-06 09:00:00+00:00,59.977,60.3,59.113,59.399,611771.01,269388.32
2026-06-06 10:00:00+00:00,59.399,59.428,58.163,58.547,973125.11,449313.19
2026-06-06 11:00:00+00:00,58.545,59.824,58.503,59.64,684557.89,354621.56
2026-06-06 12:00:00+00:00,59.64,59.936,58.837,59.284,522757.29,252849.1
2026-06-06 13:00:00+00:00,59.286,59.328,58.5,58.638,539540.12,247786.59
2026-06-06 14:00:00+00:00,58.639,58.987,58.256,58.388,494898.86,249295.02
2026-06-06 15:00:00+00:00,58.389,58.623,57.611,58.297,890937.79,455077.34
2026-06-06 16:00:00+00:00,58.299,58.711,57.714,57.848,559991.23,262909.85
2026-06-06 17:00:00+00:00,57.849,58.14,56.957,57.194,741948.32,344911.67
2026-06-06 18:00:00+00:00,57.193,57.666,56.423,56.891,861118.66,419027.19
2026-06-06 19:00:00+00:00,56.891,57.096,55.534,55.564,1227267.62,527026.39
2026-06-06 20:00:00+00:00,55.561,56.645,55.458,56.457,750974.8,385014.86
2026-06-06 21:00:00+00:00,56.458,57.0,56.458,56.609,430836.77,182782.33
2026-06-06 22:00:00+00:00,56.61,56.792,56.015,56.447,343994.37,166869.58
2026-06-06 23:00:00+00:00,56.447,56.969,56.135,56.502,395898.49,199876.25
2026-06-07 00:00:00+00:00,56.506,57.42,56.103,57.112,663478.97,342779.53
2026-06-07 01:00:00+00:00,57.116,58.442,57.0,58.046,1200167.69,643967.25
2026-06-07 02:00:00+00:00,58.047,58.287,57.503,57.867,654641.83,306200.46
2026-06-07 03:00:00+00:00,57.867,58.28,57.393,57.804,535612.36,255739.79
2026-06-07 04:00:00+00:00,57.802,59.148,57.52,59.113,880261.26,480190.21
2026-06-07 05:00:00+00:00,59.121,59.799,58.942,59.448,981003.44,504392.87
2026-06-07 06:00:00+00:00,59.448,59.89,59.282,59.721,606385.03,347823.03
2026-06-07 07:00:00+00:00,59.72,59.992,59.369,59.848,533149.14,283576.46
2026-06-07 08:00:00+00:00,59.848,60.421,59.654,59.883,901045.95,500145.32
2026-06-07 09:00:00+00:00,59.884,60.451,58.917,58.978,869825.24,373962.69
2026-06-07 10:00:00+00:00,58.979,59.249,58.524,58.829,554483.6,265102.68
2026-06-07 11:00:00+00:00,58.828,59.365,58.535,58.854,464084.79,230792.41
2026-06-07 12:00:00+00:00,58.853,58.908,56.419,57.808,1709921.15,743565.23
2026-06-07 13:00:00+00:00,57.807,57.992,57.301,57.901,454178.58,226924.89
2026-06-07 14:00:00+00:00,57.9,59.194,57.889,58.938,1033630.6,572926.16
2026-06-07 15:00:00+00:00,58.937,59.142,57.774,58.441,778964.47,348756.11
2026-06-07 16:00:00+00:00,58.44,58.83,58.069,58.49,485096.6,265952.36
2026-06-07 17:00:00+00:00,58.49,59.22,58.453,58.987,305408.21,170706.08
2026-06-07 18:00:00+00:00,58.987,59.476,58.668,58.708,375402.52,173745.68
2026-06-07 19:00:00+00:00,58.709,58.751,56.814,57.576,893023.23,432887.61
2026-06-07 20:00:00+00:00,57.576,58.656,57.455,58.399,456662.9,228315.23
2026-06-07 21:00:00+00:00,58.399,58.68,57.995,58.371,210221.06,91145.16
2026-06-07 22:00:00+00:00,58.372,59.896,58.222,58.866,1166126.51,556993.01
2026-06-07 23:00:00+00:00,58.865,59.762,58.667,59.713,474031.02,265972.96
2026-06-08 00:00:00+00:00,59.714,61.948,59.536,61.197,1753550.69,952362.69
2026-06-08 01:00:00+00:00,61.195,61.205,59.28,59.996,1242880.51,596477.53
2026-06-08 02:00:00+00:00,59.995,61.681,59.822,61.539,981693.84,518915.7
2026-06-08 03:00:00+00:00,61.54,62.077,60.758,61.3,1020918.35,508695.97
2026-06-08 04:00:00+00:00,61.299,61.392,60.186,60.592,719021.77,320269.06
2026-06-08 05:00:00+00:00,60.592,61.496,60.591,61.496,680705.44,362834.83
2026-06-08 06:00:00+00:00,61.496,63.199,61.471,63.098,1115094.68,625394.08
2026-06-08 07:00:00+00:00,63.099,63.435,62.65,63.031,855203.66,405610.96
2026-06-08 08:00:00+00:00,63.03,63.142,61.085,61.499,1393303.09,580815.38
2026-06-08 09:00:00+00:00,61.505,61.685,61.037,61.448,642301.79,344167.36
2026-06-08 10:00:00+00:00,61.443,61.874,61.173,61.437,479161.74,277231.88
2026-06-08 11:00:00+00:00,61.436,62.456,61.124,62.14,703609.47,363398.38
2026-06-08 12:00:00+00:00,62.14,62.999,61.261,62.924,1011080.65,492971.26
2026-06-08 13:00:00+00:00,62.926,64.891,62.4,64.542,3351224.79,1741170.7
2026-06-08 14:00:00+00:00,64.545,65.136,64.112,64.703,1573839.41,794776.19
2026-06-08 15:00:00+00:00,64.705,65.799,64.365,64.819,1509521.39,853492.74
2026-06-08 16:00:00+00:00,64.82,65.026,63.52,63.723,1284434.08,595306.53
2026-06-08 17:00:00+00:00,63.723,64.475,63.315,64.162,756889.13,373659.01
2026-06-08 18:00:00+00:00,64.162,64.746,63.918,64.429,445625.87,242248.36
2026-06-08 19:00:00+00:00,64.429,64.761,63.396,63.696,541570.63,226798.99
2026-06-08 20:00:00+00:00,63.697,63.948,63.222,63.944,386449.58,191280.04
2026-06-08 21:00:00+00:00,63.949,64.535,63.75,64.084,384447.61,178946.19
2026-06-08 22:00:00+00:00,64.083,64.149,62.765,63.257,676481.11,295683.63
2026-06-08 23:00:00+00:00,63.257,63.828,63.075,63.817,409057.81,221421.97
2026-06-09 00:00:00+00:00,63.817,64.042,62.054,62.18,970561.55,450979.41
2026-06-09 01:00:00+00:00,62.181,62.973,61.888,62.759,625859.98,309605.81
2026-06-09 02:00:00+00:00,62.761,62.916,61.47,62.325,649854.35,250020.29
2026-06-09 03:00:00+00:00,62.325,62.773,61.301,61.639,781343.74,386196.66
2026-06-09 04:00:00+00:00,61.639,62.196,60.868,61.901,1164365.98,564514.08
2026-06-09 05:00:00+00:00,61.901,62.584,61.178,61.977,778972.83,383801.39
2026-06-09 06:00:00+00:00,61.978,62.488,61.433,61.829,617716.77,301331.86
2026-06-09 07:00:00+00:00,61.829,62.356,61.681,62.228,500037.08,240431.89
2026-06-09 08:00:00+00:00,62.227,62.9,61.484,62.586,727958.25,375569.21
2026-06-09 09:00:00+00:00,62.582,62.8,61.875,62.291,656477.82,303705.82
2026-06-09 10:00:00+00:00,62.29,62.486,61.769,62.135,354859.85,181624.37
2026-06-09 11:00:00+00:00,62.134,62.189,61.575,61.785,399718.17,190892.7
2026-06-09 12:00:00+00:00,61.784,62.332,61.767,62.089,477673.24,250554.7
2026-06-09 13:00:00+00:00,62.09,62.3,60.561,60.595,1339523.34,600245.25
2026-06-09 14:00:00+00:00,60.594,60.869,59.342,59.958,1964453.33,889692.83
2026-06-09 15:00:00+00:00,59.958,60.495,58.655,58.899,1559429.71,716959.73
2026-06-09 16:00:00+00:00,58.899,59.47,58.454,58.812,1218241.4,617820.1
2026-06-09 17:00:00+00:00,58.811,59.4,58.694,59.076,817755.56,442285.02
2026-06-09 18:00:00+00:00,59.075,59.322,58.597,58.928,579271.02,258587.95
2026-06-09 19:00:00+00:00,58.927,59.314,57.874,58.6,990275.45,446657.34
2026-06-09 20:00:00+00:00,58.598,59.457,58.3,59.415,461079.89,261380.88
2026-06-09 21:00:00+00:00,59.415,59.48,57.657,57.961,537386.92,222435.38
2026-06-09 22:00:00+00:00,57.962,58.341,57.509,57.607,439007.71,196700.66
2026-06-09 23:00:00+00:00,57.607,57.898,57.303,57.786,355235.02,169647.99
2026-06-10 00:00:00+00:00,57.787,58.165,56.0,57.108,1061977.49,496515.99
2026-06-10 01:00:00+00:00,57.107,57.356,56.615,57.309,604019.34,315481.66
2026-06-10 02:00:00+00:00,57.309,57.493,55.579,55.775,912036.55,381146.45
2026-06-10 03:00:00+00:00,55.773,57.048,55.742,56.603,621120.26,343653.56
2026-06-10 04:00:00+00:00,56.604,56.648,55.273,55.565,759508.74,333179.79
2026-06-10 05:00:00+00:00,55.566,55.741,55.064,55.375,692201.54,337565.21
2026-06-10 06:00:00+00:00,55.376,55.703,55.053,55.216,550983.5,243396.46
2026-06-10 07:00:00+00:00,55.216,56.241,55.111,55.716,791529.21,392656.04
2026-06-10 08:00:00+00:00,55.718,55.851,55.23,55.777,552309.54,282904.01
2026-06-10 09:00:00+00:00,55.778,56.137,55.326,55.971,632524.16,312689.77
2026-06-10 10:00:00+00:00,55.97,56.658,55.385,56.417,576947.5,347685.88
2026-06-10 11:00:00+00:00,56.419,56.606,55.552,55.645,756061.58,352256.36
2026-06-10 12:00:00+00:00,55.642,56.727,54.828,56.215,1889566.42,902555.54
2026-06-10 13:00:00+00:00,56.216,58.064,55.97,57.424,1883181.97,997375.48
2026-06-10 14:00:00+00:00,57.422,58.362,57.24,58.035,1338500.26,660135.84
2026-06-10 15:00:00+00:00,58.034,58.26,56.645,57.474,1492370.93,688174.58
2026-06-10 16:00:00+00:00,57.474,57.532,55.571,55.735,1218916.34,560816.03
2026-06-10 17:00:00+00:00,55.736,56.304,54.812,55.566,999386.48,458412.47
2026-06-10 18:00:00+00:00,55.566,55.769,54.101,54.705,1146310.67,489323.21
2026-06-10 19:00:00+00:00,54.701,54.811,53.547,53.917,1409670.05,631906.26
2026-06-10 20:00:00+00:00,53.916,54.271,53.515,53.733,636717.61,304128.86
2026-06-10 21:00:00+00:00,53.733,54.141,53.15,53.315,913901.03,345349.83
2026-06-10 22:00:00+00:00,53.316,53.604,52.636,53.271,926680.47,438396.59
2026-06-10 23:00:00+00:00,53.272,53.653,52.671,53.308,557632.94,286734.44
2026-06-11 00:00:00+00:00,53.309,53.741,52.853,53.262,595555.39,287171.46
2026-06-11 01:00:00+00:00,53.262,54.636,53.262,54.544,1037358.62,587804.91
2026-06-11 02:00:00+00:00,54.544,54.581,53.557,54.146,549842.62,238987.77
2026-06-11 03:00:00+00:00,54.145,55.338,54.011,55.169,775460.54,437644.58
2026-06-11 04:00:00+00:00,55.17,55.202,54.437,54.744,503934.59,197025.01
2026-06-11 05:00:00+00:00,54.745,55.69,54.356,55.551,865586.57,510009.24
2026-06-11 06:00:00+00:00,55.551,56.38,55.512,55.541,873020.75,433773.62
2026-06-11 07:00:00+00:00,55.541,56.049,55.412,55.563,404302.36,209053.17
2026-06-11 08:00:00+00:00,55.568,56.338,55.511,56.012,457972.06,263048.38
2026-06-11 09:00:00+00:00,56.012,56.22,55.561,56.079,497488.56,248961.45
2026-06-11 10:00:00+00:00,56.079,56.233,55.635,55.913,449706.26,209570.19
2026-06-11 11:00:00+00:00,55.911,57.157,55.866,56.835,946555.84,525459.57
2026-06-11 12:00:00+00:00,56.835,57.015,55.692,56.258,1046996.98,494869.21
2026-06-11 13:00:00+00:00,56.258,57.57,56.082,57.027,996646.0,531199.43
2026-06-11 14:00:00+00:00,57.028,57.167,56.26,56.463,690087.52,307523.71
2026-06-11 15:00:00+00:00,56.464,57.319,56.181,56.726,605145.38,288384.61
2026-06-11 16:00:00+00:00,56.726,56.86,56.122,56.242,504986.96,231180.04
2026-06-11 17:00:00+00:00,56.242,58.869,55.821,58.399,1873341.96,1025263.08
2026-06-11 18:00:00+00:00,58.399,58.695,57.476,58.323,1234226.2,634833.17
2026-06-11 19:00:00+00:00,58.322,59.611,58.0,58.665,1148496.92,586421.93
2026-06-11 20:00:00+00:00,58.664,59.102,58.127,58.335,625376.63,278308.41
2026-06-11 21:00:00+00:00,58.335,59.136,58.331,58.85,481758.18,229732.07
2026-06-11 22:00:00+00:00,58.85,59.235,58.517,58.551,456868.28,222014.1
2026-06-11 23:00:00+00:00,58.552,59.597,58.295,58.958,634879.26,305976.54
2026-06-12 00:00:00+00:00,58.958,59.75,58.851,59.198,462820.33,255582.6
2026-06-12 01:00:00+00:00,59.198,59.199,58.259,58.418,599648.29,251893.84
2026-06-12 02:00:00+00:00,58.418,59.462,58.206,59.322,571225.16,327143.37
2026-06-12 03:00:00+00:00,59.322,59.473,58.92,59.229,332619.98,156387.74
2026-06-12 04:00:00+00:00,59.23,59.46,58.56,58.671,490695.0,211908.42
2026-06-12 05:00:00+00:00,58.673,58.736,58.011,58.054,537673.73,236175.06
2026-06-12 06:00:00+00:00,58.059,58.242,56.817,57.153,1169688.76,493200.22
2026-06-12 07:00:00+00:00,57.156,57.487,56.76,56.976,606111.02,269283.94
2026-06-12 08:00:00+00:00,56.977,58.664,56.941,58.633,937969.81,511527.09
2026-06-12 09:00:00+00:00,58.634,59.378,58.3,59.187,713062.84,396324.57
2026-06-12 10:00:00+00:00,59.188,59.497,58.648,59.093,732380.73,310613.83
2026-06-12 11:00:00+00:00,59.093,59.592,59.016,59.229,434832.98,222096.39
2026-06-12 12:00:00+00:00,59.229,60.75,59.009,60.392,1235666.24,659235.47
2026-06-12 13:00:00+00:00,60.391,60.74,59.326,59.686,1214442.65,552954.13
2026-06-12 14:00:00+00:00,59.683,60.476,59.304,60.446,1211035.03,649294.11
2026-06-12 15:00:00+00:00,60.447,61.236,59.726,59.772,1530279.28,734532.17
2026-06-12 16:00:00+00:00,59.772,61.527,59.409,61.02,1666961.01,880361.62
2026-06-12 17:00:00+00:00,61.021,62.47,60.957,61.926,1269358.28,659363.63
2026-06-12 18:00:00+00:00,61.928,62.177,61.032,61.158,796898.14,351638.71
2026-06-12 19:00:00+00:00,61.158,61.217,60.464,60.79,594701.59,233787.13
2026-06-12 20:00:00+00:00,60.791,61.35,60.5,60.815,514178.77,262693.12
2026-06-12 21:00:00+00:00,60.816,61.163,60.151,60.508,383478.99,181783.64
2026-06-12 22:00:00+00:00,60.506,60.883,60.28,60.647,317141.2,161579.46
2026-06-12 23:00:00+00:00,60.648,60.698,59.219,59.298,742966.34,328586.59
2026-06-13 00:00:00+00:00,59.297,59.364,58.862,59.292,517504.5,274448.68
2026-06-13 01:00:00+00:00,59.293,59.477,58.901,59.396,388980.62,232496.3
2026-06-13 02:00:00+00:00,59.396,59.704,59.115,59.213,343812.44,174256.11
2026-06-13 03:00:00+00:00,59.214,59.326,58.306,58.578,590121.23,235330.55
2026-06-13 04:00:00+00:00,58.579,58.65,57.811,57.953,444148.46,174243.6
2026-06-13 05:00:00+00:00,57.954,58.018,57.241,57.851,754957.7,354630.39
2026-06-13 06:00:00+00:00,57.851,58.86,57.82,58.732,747908.37,462865.71
2026-06-13 07:00:00+00:00,58.732,58.995,58.346,58.758,482175.09,248827.96
2026-06-13 08:00:00+00:00,58.758,59.206,58.561,58.877,487338.78,236742.73
2026-06-13 09:00:00+00:00,58.878,58.95,58.252,58.394,345024.22,127203.3
2026-06-13 10:00:00+00:00,58.401,58.509,57.829,58.055,483768.38,227906.28
2026-06-13 11:00:00+00:00,58.055,58.811,57.948,58.639,451662.32,248933.5
2026-06-13 12:00:00+00:00,58.639,59.579,58.499,59.44,628240.3,367602.79
2026-06-13 13:00:00+00:00,59.44,59.663,58.904,59.016,523586.32,234624.1
2026-06-13 14:00:00+00:00,59.015,60.244,58.914,60.243,758033.16,426033.89
2026-06-13 15:00:00+00:00,60.244,60.46,59.75,59.898,637742.43,295334.69
2026-06-13 16:00:00+00:00,59.899,60.297,59.45,60.136,641053.5,311427.36
2026-06-13 17:00:00+00:00,60.137,60.191,58.98,59.009,626226.57,235981.23
2026-06-13 18:00:00+00:00,59.01,59.879,58.9,59.858,332351.71,182269.82
2026-06-13 19:00:00+00:00,59.857,59.991,59.626,59.864,158491.06,81240.64
2026-06-13 20:00:00+00:00,59.862,59.99,59.625,59.913,132953.83,60481.19
2026-06-13 21:00:00+00:00,59.917,60.773,59.789,60.511,285528.11,173401.87
2026-06-13 22:00:00+00:00,60.511,60.538,60.221,60.239,185515.04,80411.3
2026-06-13 23:00:00+00:00,60.235,60.917,60.128,60.684,357406.85,210294.0
2026-06-14 00:00:00+00:00,60.682,60.934,60.399,60.871,226230.27,118277.72
2026-06-14 01:00:00+00:00,60.872,61.108,60.5,60.576,263606.58,131816.2
2026-06-14 02:00:00+00:00,60.575,61.199,60.502,60.795,368735.05,182357.83
2026-06-14 03:00:00+00:00,60.804,60.923,60.308,60.577,335629.84,146915.93
2026-06-14 04:00:00+00:00,60.578,60.635,59.94,60.105,335809.41,135766.7
2026-06-14 05:00:00+00:00,60.105,60.236,59.835,59.937,318025.89,122431.07
2026-06-14 06:00:00+00:00,59.937,60.329,59.652,59.882,327012.01,153581.33
2026-06-14 07:00:00+00:00,59.883,60.534,59.784,60.074,382586.55,196099.31
2026-06-14 08:00:00+00:00,60.075,60.33,59.689,60.257,320185.3,174623.86
2026-06-14 09:00:00+00:00,60.256,60.859,59.904,60.828,480410.16,269555.36
2026-06-14 10:00:00+00:00,60.828,61.59,60.481,61.0,720726.66,348557.13
2026-06-14 11:00:00+00:00,61.001,61.254,60.554,60.998,357482.13,167825.2
2026-06-14 12:00:00+00:00,60.999,61.323,60.645,60.853,389296.09,197190.53
2026-06-14 13:00:00+00:00,60.854,61.288,60.573,61.05,408861.87,215824.4
2026-06-14 14:00:00+00:00,61.048,61.069,59.613,60.295,913975.34,419725.57
2026-06-14 15:00:00+00:00,60.298,60.708,60.207,60.226,387628.13,175334.08
2026-06-14 16:00:00+00:00,60.227,60.496,59.906,59.937,300530.33,127474.79
2026-06-14 17:00:00+00:00,59.937,60.345,59.737,59.765,238657.85,96618.71
2026-06-14 18:00:00+00:00,59.77,60.428,59.589,60.34,317429.09,169265.87
2026-06-14 19:00:00+00:00,60.338,60.769,60.163,60.493,252791.27,133353.08
2026-06-14 20:00:00+00:00,60.494,60.741,60.224,60.475,182351.66,98343.64
2026-06-14 21:00:00+00:00,60.475,63.808,60.347,63.01,1626562.51,947405.55
2026-06-14 22:00:00+00:00,63.01,63.626,62.224,63.004,1276226.03,571261.32
2026-06-14 23:00:00+00:00,63.003,64.079,62.93,63.863,719309.07,404058.65
2026-06-15 00:00:00+00:00,63.864,64.252,63.452,63.919,595304.1,277762.11
2026-06-15 01:00:00+00:00,63.92,63.977,63.111,63.558,576226.71,236901.23
2026-06-15 02:00:00+00:00,63.558,65.056,63.414,64.785,1377899.58,725591.9
2026-06-15 03:00:00+00:00,64.787,65.399,64.527,65.291,647618.37,381163.53
2026-06-15 04:00:00+00:00,65.291,65.788,64.749,64.809,1119566.33,552105.38
2026-06-15 05:00:00+00:00,64.81,65.129,64.502,64.752,531970.67,253803.52
2026-06-15 06:00:00+00:00,64.752,65.2,64.389,65.165,735938.92,371756.4
2026-06-15 07:00:00+00:00,65.165,65.83,64.76,65.199,746144.55,358641.6
2026-06-15 08:00:00+00:00,65.2,65.994,65.109,65.978,594242.32,307882.07
2026-06-15 09:00:00+00:00,65.978,66.627,65.587,66.51,871222.17,460272.18
2026-06-15 10:00:00+00:00,66.509,68.116,66.389,67.815,1238111.89,750625.17
2026-06-15 11:00:00+00:00,67.815,68.486,67.607,67.939,1006173.81,499396.48
2026-06-15 12:00:00+00:00,67.939,68.321,67.347,68.03,745424.41,392167.9
2026-06-15 13:00:00+00:00,68.031,68.253,66.873,66.974,1137279.62,473005.8
2026-06-15 14:00:00+00:00,66.973,68.149,66.666,67.985,984048.83,503953.02
2026-06-15 15:00:00+00:00,67.984,68.45,67.442,68.006,766888.47,402015.09
2026-06-15 16:00:00+00:00,68.005,68.466,67.501,68.37,710063.81,395151.73
2026-06-15 17:00:00+00:00,68.37,68.757,67.873,68.096,609081.27,290242.01
2026-06-15 18:00:00+00:00,68.097,68.413,67.701,67.976,455014.54,223713.39
2026-06-15 19:00:00+00:00,67.975,68.25,67.004,67.186,574372.84,271741.42
2026-06-15 20:00:00+00:00,67.186,67.64,67.001,67.415,323651.76,152357.88
2026-06-15 21:00:00+00:00,67.414,68.186,67.315,68.087,260012.35,132488.0
2026-06-15 22:00:00+00:00,68.087,68.37,66.432,66.466,716768.39,277480.42
2026-06-15 23:00:00+00:00,66.466,66.942,66.069,66.868,473805.62,230962.42
2026-06-16 00:00:00+00:00,66.87,67.548,66.344,67.299,518383.01,277155.16
2026-06-16 01:00:00+00:00,67.299,67.703,67.063,67.313,456641.62,221770.62
2026-06-16 02:00:00+00:00,67.313,67.623,66.8,67.487,564214.64,265184.93
2026-06-16 03:00:00+00:00,67.484,69.88,67.35,69.754,1345876.55,783143.1
2026-06-16 04:00:00+00:00,69.753,70.491,69.041,70.386,913465.69,508968.01
2026-06-16 05:00:00+00:00,70.386,72.309,70.336,71.816,1578025.94,907376.42
2026-06-16 06:00:00+00:00,71.815,72.78,71.518,72.705,1023209.49,527897.48
2026-06-16 07:00:00+00:00,72.704,73.09,71.878,72.963,914165.12,454214.61
2026-06-16 08:00:00+00:00,72.962,74.086,72.54,73.739,1062454.77,565137.95
2026-06-16 09:00:00+00:00,73.741,73.988,72.986,73.442,885210.79,338136.46
2026-06-16 10:00:00+00:00,73.442,76.66,73.23,75.354,1948222.65,1149779.79
2026-06-16 11:00:00+00:00,75.359,76.105,74.452,75.596,1437004.55,694503.85
2026-06-16 12:00:00+00:00,75.597,76.991,74.86,76.946,1468777.79,774412.19
2026-06-16 13:00:00+00:00,76.945,76.949,75.3,75.801,1390932.8,666919.35
2026-06-16 14:00:00+00:00,75.8,76.528,73.314,73.462,2754961.49,1314857.31
2026-06-16 15:00:00+00:00,73.459,75.098,73.37,74.931,1539485.94,881901.32
2026-06-16 16:00:00+00:00,74.931,75.399,73.424,73.705,1325696.56,616265.71
2026-06-16 17:00:00+00:00,73.702,74.319,72.8,74.035,969950.19,502266.13
2026-06-16 18:00:00+00:00,74.035,75.2,72.455,72.862,1183901.34,554611.76
2026-06-16 19:00:00+00:00,72.864,73.499,72.15,72.521,976911.42,485643.02
2026-06-16 20:00:00+00:00,72.521,73.492,72.168,73.44,502760.73,285694.82
2026-06-16 21:00:00+00:00,73.437,73.753,72.867,73.506,265855.09,134825.43
2026-06-16 22:00:00+00:00,73.505,74.065,73.009,73.485,377656.16,194740.35
2026-06-16 23:00:00+00:00,73.486,73.878,72.973,73.651,390872.28,185311.85
2026-06-17 00:00:00+00:00,73.651,73.947,72.606,72.828,496967.51,232175.99
2026-06-17 01:00:00+00:00,72.828,74.846,72.81,74.422,846048.59,469008.96
2026-06-17 02:00:00+00:00,74.419,74.957,74.078,74.851,632598.05,318792.58
2026-06-17 03:00:00+00:00,74.851,75.114,74.3,74.509,503306.73,237921.04
2026-06-17 04:00:00+00:00,74.507,75.348,74.332,74.515,680601.27,318987.58
2026-06-17 05:00:00+00:00,74.516,74.747,73.402,74.353,751631.82,334584.16
2026-06-17 06:00:00+00:00,74.354,74.396,72.828,73.416,785287.88,375167.67
2026-06-17 07:00:00+00:00,73.417,73.789,72.952,73.44,584267.18,288244.67
2026-06-17 08:00:00+00:00,73.441,73.518,72.2,72.405,880609.01,348762.27
2026-06-17 09:00:00+00:00,72.403,73.222,72.291,73.076,524263.31,274819.28
2026-06-17 10:00:00+00:00,73.076,73.096,72.044,72.256,444621.63,198417.25
2026-06-17 11:00:00+00:00,72.256,72.433,70.632,71.025,1338772.78,628262.56
2026-06-17 12:00:00+00:00,71.026,71.679,69.954,71.417,1348640.03,672859.62
2026-06-17 13:00:00+00:00,71.417,72.392,70.959,71.724,1015698.87,556201.02
2026-06-17 14:00:00+00:00,71.723,72.688,71.255,72.155,1040365.18,498081.9
2026-06-17 15:00:00+00:00,72.152,74.631,71.842,74.404,1403183.77,782988.07
2026-06-17 16:00:00+00:00,74.402,76.72,74.401,75.294,2693732.52,1394993.48
2026-06-17 17:00:00+00:00,75.288,75.474,73.8,74.346,1573764.68,745107.35
2026-06-17 18:00:00+00:00,74.346,75.371,72.703,73.658,2508133.91,1227908.32
2026-06-17 19:00:00+00:00,73.658,74.031,71.023,72.258,2678272.75,1301633.77
2026-06-17 20:00:00+00:00,72.26,72.828,71.536,72.4,1131292.2,609267.63
2026-06-17 21:00:00+00:00,72.4,72.632,70.483,71.08,786501.47,361003.34
2026-06-17 22:00:00+00:00,71.079,71.615,70.219,70.965,928779.44,483891.6
2026-06-17 23:00:00+00:00,70.97,71.766,70.949,71.158,372651.96,211425.2
2026-06-18 00:00:00+00:00,71.159,72.529,71.066,72.3,659434.02,404912.69
2026-06-18 01:00:00+00:00,72.3,73.736,72.047,72.387,894097.13,421729.2
2026-06-18 02:00:00+00:00,72.388,72.777,71.939,72.495,465801.9,233824.98
2026-06-18 03:00:00+00:00,72.495,72.539,70.68,70.985,965135.29,369954.59
2026-06-18 04:00:00+00:00,70.984,71.146,68.68,69.282,1589022.74,679893.46
2026-06-18 05:00:00+00:00,69.283,69.799,68.602,69.738,983181.77,527232.85
2026-06-18 06:00:00+00:00,69.733,71.279,69.554,71.229,1107392.41,639998.25
2026-06-18 07:00:00+00:00,71.23,71.679,70.632,71.522,980496.67,484828.68
2026-06-18 08:00:00+00:00,71.524,72.773,71.132,71.858,1236550.2,621125.17
2026-06-18 09:00:00+00:00,71.861,72.8,71.661,71.833,750296.84,339680.06
2026-06-18 10:00:00+00:00,71.833,72.631,71.26,72.186,920087.06,478653.62
2026-06-18 11:00:00+00:00,72.186,72.598,70.589,70.939,903483.05,396721.39
2026-06-18 12:00:00+00:00,70.94,72.048,70.692,71.704,804120.78,441145.35
2026-06-18 13:00:00+00:00,71.703,72.338,70.176,70.632,1443848.79,691604.7
2026-06-18 14:00:00+00:00,70.632,70.944,68.958,69.334,1658446.58,759265.67
2026-06-18 15:00:00+00:00,69.335,69.363,67.329,67.525,2426202.58,1110147.42
2026-06-18 16:00:00+00:00,67.526,68.263,66.839,67.494,1649175.98,801442.99
2026-06-18 17:00:00+00:00,67.496,67.606,66.526,66.611,1087456.7,540199.25
2026-06-18 18:00:00+00:00,66.612,68.247,66.583,67.856,914141.78,526149.61
2026-06-18 19:00:00+00:00,67.856,68.782,67.67,68.18,728979.7,404161.04
2026-06-18 20:00:00+00:00,68.177,69.336,68.177,68.908,674038.73,345568.59
2026-06-18 21:00:00+00:00,68.908,69.0,67.333,68.0,786151.21,301739.09
2026-06-18 22:00:00+00:00,68.0,68.095,67.65,67.795,284385.26,153558.43
2026-06-18 23:00:00+00:00,67.794,68.549,67.314,68.349,484849.04,246474.65
2026-06-19 00:00:00+00:00,68.349,68.366,67.643,67.686,309607.72,133615.93
2026-06-19 01:00:00+00:00,67.686,67.8,66.767,67.678,622940.62,292445.6
2026-06-19 02:00:00+00:00,67.678,68.218,67.01,68.179,482092.36,257546.15
2026-06-19 03:00:00+00:00,68.179,68.293,66.672,66.81,738528.48,326996.4
2026-06-19 04:00:00+00:00,66.809,67.699,65.613,65.769,1209858.34,520654.07
2026-06-19 05:00:00+00:00,65.772,66.86,65.772,66.812,465579.8,248416.02
2026-06-19 06:00:00+00:00,66.812,67.776,66.499,67.666,665119.29,333508.18
2026-06-19 07:00:00+00:00,67.666,67.763,66.23,66.537,678683.19,297769.84
2026-06-19 08:00:00+00:00,66.536,67.693,66.536,67.432,535062.6,296495.82
2026-06-19 09:00:00+00:00,67.432,67.718,66.626,66.712,627796.66,287346.13
2026-06-19 10:00:00+00:00,66.712,67.24,66.4,67.06,441346.67,206440.38
2026-06-19 11:00:00+00:00,67.06,67.625,66.722,67.384,362283.33,194938.71
2026-06-19 12:00:00+00:00,67.384,68.39,66.5,68.335,761110.25,393385.44
2026-06-19 13:00:00+00:00,68.335,69.424,67.393,68.806,1278250.42,675779.76
2026-06-19 14:00:00+00:00,68.803,69.168,67.801,68.816,999793.04,504790.62
2026-06-19 15:00:00+00:00,68.817,69.597,68.775,69.355,909074.94,463556.75
2026-06-19 16:00:00+00:00,69.355,70.818,69.219,69.732,1549987.56,835812.47
2026-06-19 17:00:00+00:00,69.73,70.759,69.2,70.555,966736.87,518069.02
2026-06-19 18:00:00+00:00,70.555,71.355,70.223,70.662,858603.99,440738.4
2026-06-19 19:00:00+00:00,70.661,71.374,70.334,70.559,710258.44,373833.79
2026-06-19 20:00:00+00:00,70.552,70.98,69.7,70.302,614072.49,273602.9
2026-06-19 21:00:00+00:00,70.304,70.56,69.191,69.356,531576.4,209855.55
2026-06-19 22:00:00+00:00,69.356,70.218,68.902,69.936,414626.44,213442.66
2026-06-19 23:00:00+00:00,69.937,70.5,69.503,70.288,410650.28,235014.42
2026-06-20 00:00:00+00:00,70.287,70.424,69.08,69.234,573536.35,265892.53
2026-06-20 01:00:00+00:00,69.236,69.621,68.722,69.355,441817.77,242469.53
2026-06-20 02:00:00+00:00,69.352,69.414,68.399,68.511,500012.49,184301.82
2026-06-20 03:00:00+00:00,68.511,69.233,68.499,68.938,284235.55,154803.19
2026-06-20 04:00:00+00:00,68.938,70.084,68.67,70.04,586575.56,323485.44
2026-06-20 05:00:00+00:00,70.041,70.56,69.891,70.319,523899.69,283608.27
2026-06-20 06:00:00+00:00,70.319,70.955,70.308,70.454,468444.53,238226.32
2026-06-20 07:00:00+00:00,70.455,70.55,69.868,69.991,588344.24,272904.65
2026-06-20 08:00:00+00:00,69.985,70.996,69.941,70.703,610801.67,305461.09
2026-06-20 09:00:00+00:00,70.703,70.88,70.194,70.772,356304.09,191517.29
2026-06-20 10:00:00+00:00,70.772,71.199,70.55,70.764,544951.63,284014.84
2026-06-20 11:00:00+00:00,70.764,71.3,70.45,71.07,432016.96,210925.43
2026-06-20 12:00:00+00:00,71.07,71.429,70.625,70.806,451892.81,237905.0
2026-06-20 13:00:00+00:00,70.806,70.831,69.25,69.558,898375.77,391910.25
2026-06-20 14:00:00+00:00,69.559,71.162,68.683,70.763,1391844.51,737907.83
2026-06-20 15:00:00+00:00,70.762,71.25,70.464,71.1,678702.5,326825.72
2026-06-20 16:00:00+00:00,71.1,71.116,69.669,69.823,453030.4,172437.51
2026-06-20 17:00:00+00:00,69.823,69.889,68.978,69.542,566355.24,278524.08
2026-06-20 18:00:00+00:00,69.539,69.805,69.424,69.74,228053.28,123214.97
2026-06-20 19:00:00+00:00,69.741,70.018,69.615,69.861,228397.17,120331.46
2026-06-20 20:00:00+00:00,69.862,69.98,69.356,69.786,269478.54,130701.66
2026-06-20 21:00:00+00:00,69.785,70.236,69.747,70.002,219458.01,108593.32
2026-06-20 22:00:00+00:00,70.001,70.824,69.955,70.601,301198.99,147545.06
2026-06-20 23:00:00+00:00,70.602,71.0,70.543,70.739,269104.11,138269.93
2026-06-21 00:00:00+00:00,70.739,70.794,70.26,70.461,249105.87,129090.48
2026-06-21 01:00:00+00:00,70.461,70.898,70.331,70.473,307339.52,163714.84
2026-06-21 02:00:00+00:00,70.472,70.652,69.818,69.835,221510.47,89645.13
2026-06-21 03:00:00+00:00,69.834,70.388,69.673,69.719,357601.55,202318.0
2026-06-21 04:00:00+00:00,69.72,70.123,69.225,69.469,358211.1,177150.58
2026-06-21 05:00:00+00:00,69.469,69.555,69.035,69.433,309869.24,160076.58
2026-06-21 06:00:00+00:00,69.433,69.524,69.0,69.207,271975.16,104968.29
2026-06-21 07:00:00+00:00,69.207,69.534,68.063,68.533,655424.21,259341.42
2026-06-21 08:00:00+00:00,68.532,68.589,67.25,67.723,864863.64,376232.76
2026-06-21 09:00:00+00:00,67.724,68.367,67.611,68.271,532830.36,341604.1
2026-06-21 10:00:00+00:00,68.271,68.629,68.128,68.415,319857.53,178855.63
2026-06-21 11:00:00+00:00,68.42,68.451,67.583,67.798,559005.59,259200.43
2026-06-21 12:00:00+00:00,67.799,68.101,67.265,67.997,599412.89,338297.06
2026-06-21 13:00:00+00:00,67.999,68.001,67.612,67.92,268848.67,118594.18
2026-06-21 14:00:00+00:00,67.92,68.214,67.415,68.124,366298.65,181840.52
2026-06-21 15:00:00+00:00,68.124,68.787,68.034,68.69,523252.28,317961.36
2026-06-21 16:00:00+00:00,68.689,68.772,67.694,68.0,568577.84,225388.66
2026-06-21 17:00:00+00:00,67.999,68.358,67.773,67.878,301622.22,153195.51
2026-06-21 18:00:00+00:00,67.874,68.52,67.564,68.318,323282.84,152604.38
2026-06-21 19:00:00+00:00,68.317,68.676,68.077,68.546,194499.47,120635.05
2026-06-21 20:00:00+00:00,68.547,68.877,67.751,67.923,381900.69,191679.61
2026-06-21 21:00:00+00:00,67.923,68.045,67.333,67.457,534359.31,265939.2
2026-06-21 22:00:00+00:00,67.457,67.838,66.801,67.364,556349.53,235382.55
2026-06-21 23:00:00+00:00,67.364,67.365,66.58,66.936,520692.45,241526.19
2026-06-22 00:00:00+00:00,66.936,67.718,66.852,67.619,483549.41,272715.39
2026-06-22 01:00:00+00:00,67.62,68.919,67.62,68.421,825923.83,430926.8
2026-06-22 02:00:00+00:00,68.422,68.629,67.331,67.383,495037.52,178308.6
2026-06-22 03:00:00+00:00,67.383,67.473,65.202,65.481,1419789.4,586732.04
2026-06-22 04:00:00+00:00,65.481,66.089,65.246,65.97,629216.58,340672.03
2026-06-22 05:00:00+00:00,65.969,66.498,65.732,66.321,410415.11,218851.53
2026-06-22 06:00:00+00:00,66.321,66.528,66.01,66.211,364647.68,182915.41
2026-06-22 07:00:00+00:00,66.212,67.568,66.21,67.288,557589.26,322588.56
2026-06-22 08:00:00+00:00,67.288,67.949,67.069,67.436,675279.92,331233.37
2026-06-22 09:00:00+00:00,67.436,67.669,67.146,67.466,211257.6,97135.29
2026-06-22 10:00:00+00:00,67.466,67.897,67.38,67.568,240114.43,119800.37
2026-06-22 11:00:00+00:00,67.569,68.543,67.419,68.043,659293.96,349671.18
2026-06-22 12:00:00+00:00,68.043,68.83,67.82,68.474,809609.72,415126.72
2026-06-22 13:00:00+00:00,68.474,69.545,68.076,69.295,1166901.89,601105.73
2026-06-22 14:00:00+00:00,69.295,69.34,67.87,67.986,919637.4,358847.97
2026-06-22 15:00:00+00:00,67.987,68.5,66.838,66.961,863614.5,402278.48
2026-06-22 16:00:00+00:00,66.962,67.793,66.535,67.614,657894.52,356471.9
2026-06-22 17:00:00+00:00,67.614,68.067,67.202,68.002,348689.16,171782.12
2026-06-22 18:00:00+00:00,68.003,69.412,67.914,67.929,998206.09,521157.41
2026-06-22 19:00:00+00:00,67.927,68.383,66.881,67.412,930805.05,437738.45
2026-06-22 20:00:00+00:00,67.41,67.727,66.857,67.266,348193.84,195720.55
2026-06-22 21:00:00+00:00,67.266,67.421,66.278,66.736,348795.37,163736.21
2026-06-22 22:00:00+00:00,66.74,66.997,65.868,66.24,463012.39,227498.99
2026-06-22 23:00:00+00:00,66.238,66.387,65.822,66.293,276946.21,153786.25
2026-06-23 00:00:00+00:00,66.293,66.62,65.898,66.322,343698.1,176959.82
2026-06-23 01:00:00+00:00,66.323,66.561,65.753,66.358,394632.42,182170.11
2026-06-23 02:00:00+00:00,66.358,67.377,66.05,67.092,579634.48,315098.34
2026-06-23 03:00:00+00:00,67.095,67.133,66.52,67.078,320120.74,146750.69
2026-06-23 04:00:00+00:00,67.078,67.215,65.836,66.248,458310.65,206164.58
2026-06-23 05:00:00+00:00,66.248,66.719,65.007,65.324,706244.05,330089.1
2026-06-23 06:00:00+00:00,65.324,65.324,63.466,64.321,1815794.07,831822.61
2026-06-23 07:00:00+00:00,64.32,64.659,63.516,63.605,620966.08,310505.87
2026-06-23 08:00:00+00:00,63.606,63.838,62.75,62.92,1305972.22,602920.97
2026-06-23 09:00:00+00:00,62.921,63.21,62.544,63.107,541912.47,270759.09
2026-06-23 10:00:00+00:00,63.107,63.331,62.296,62.618,582479.68,256089.02
2026-06-23 11:00:00+00:00,62.617,63.297,62.604,63.255,502450.72,287437.84
2026-06-23 12:00:00+00:00,63.256,63.517,62.641,62.936,578371.39,282968.95
2026-06-23 13:00:00+00:00,62.937,63.34,62.668,63.34,717043.21,354490.28
2026-06-23 14:00:00+00:00,63.341,63.688,62.871,62.951,692304.22,353654.31
2026-06-23 15:00:00+00:00,62.952,63.084,61.668,62.402,1122962.72,511713.73
2026-06-23 16:00:00+00:00,62.4,63.047,62.04,62.444,698162.5,349755.34
2026-06-23 17:00:00+00:00,62.444,62.949,61.881,62.2,510133.42,299500.64
2026-06-23 18:00:00+00:00,62.201,62.375,61.755,61.796,474801.37,230022.32
2026-06-23 19:00:00+00:00,61.796,62.421,61.752,62.279,296753.67,167037.2
2026-06-23 20:00:00+00:00,62.279,62.788,61.857,62.066,355739.38,176463.23
2026-06-23 21:00:00+00:00,62.067,62.485,62.011,62.083,226415.13,125864.88
2026-06-23 22:00:00+00:00,62.082,62.943,62.042,62.32,373264.81,203350.99
2026-06-23 23:00:00+00:00,62.319,62.334,61.731,62.205,328501.26,177918.41
2026-06-24 00:00:00+00:00,62.204,62.998,62.12,62.9,399823.86,207012.39
2026-06-24 01:00:00+00:00,62.9,63.254,62.344,62.795,367729.58,193136.69
2026-06-24 02:00:00+00:00,62.795,62.841,61.539,61.568,401856.24,171982.15
2026-06-24 03:00:00+00:00,61.568,61.592,60.602,61.327,930198.58,383133.85
2026-06-24 04:00:00+00:00,61.328,61.775,60.438,61.46,417988.59,189675.83
2026-06-24 05:00:00+00:00,61.458,62.453,61.448,62.264,502982.92,273985.87
2026-06-24 06:00:00+00:00,62.263,62.673,61.93,62.222,399992.75,219783.78
2026-06-24 07:00:00+00:00,62.223,62.421,61.741,62.006,318632.58,150887.6
2026-06-24 08:00:00+00:00,62.006,62.758,61.917,62.683,316837.64,203281.33
2026-06-24 09:00:00+00:00,62.684,62.684,62.105,62.444,270086.81,118705.95
2026-06-24 10:00:00+00:00,62.444,62.568,62.0,62.062,280417.29,130149.64
2026-06-24 11:00:00+00:00,62.062,63.352,61.571,62.545,600004.55,308060.44
2026-06-24 12:00:00+00:00,62.544,62.634,61.821,61.994,459014.99,236770.22
2026-06-24 13:00:00+00:00,61.995,62.053,60.253,60.877,1513122.95,683786.98
2026-06-24 14:00:00+00:00,60.876,61.15,60.12,60.874,848100.82,434546.11
2026-06-24 15:00:00+00:00,60.875,60.915,59.766,59.978,771797.79,347894.68
2026-06-24 16:00:00+00:00,59.977,60.662,59.103,59.635,1213422.77,564424.69
2026-06-24 17:00:00+00:00,59.634,59.926,59.118,59.235,891782.34,446997.2
2026-06-24 18:00:00+00:00,59.238,60.947,59.192,60.384,836741.63,430634.15
2026-06-24 19:00:00+00:00,60.384,60.887,60.031,60.863,398142.59,217910.56
2026-06-24 20:00:00+00:00,60.864,62.999,60.629,62.545,1667561.93,901945.37
2026-06-24 21:00:00+00:00,62.545,63.38,62.288,63.324,537604.02,267114.95
2026-06-24 22:00:00+00:00,63.325,63.677,63.078,63.287,507727.0,248641.01
2026-06-24 23:00:00+00:00,63.286,64.3,63.203,63.943,846432.67,385587.19
2026-06-25 00:00:00+00:00,63.945,64.164,62.821,63.033,523927.7,232946.17
2026-06-25 01:00:00+00:00,63.033,63.474,62.771,63.334,326958.74,161854.48
2026-06-25 02:00:00+00:00,63.334,63.735,63.047,63.335,309596.84,148995.63
2026-06-25 03:00:00+00:00,63.334,63.487,62.853,63.066,249918.64,99382.84
2026-06-25 04:00:00+00:00,63.062,63.906,62.577,63.702,440453.89,236507.26
2026-06-25 05:00:00+00:00,63.702,63.986,63.269,63.58,550138.12,281983.55
2026-06-25 06:00:00+00:00,63.581,64.531,63.497,64.466,644755.47,346869.68
2026-06-25 07:00:00+00:00,64.466,64.627,63.684,63.769,516509.98,222794.82
2026-06-25 08:00:00+00:00,63.77,63.971,63.364,63.458,359253.01,149531.2
2026-06-25 09:00:00+00:00,63.458,63.764,63.232,63.685,243191.98,125337.84
2026-06-25 10:00:00+00:00,63.684,63.9,62.808,62.837,426899.35,172178.84
2026-06-25 11:00:00+00:00,62.836,62.982,62.435,62.904,513627.26,277404.66
2026-06-25 12:00:00+00:00,62.903,63.908,62.431,63.217,622182.34,328554.86
2026-06-25 13:00:00+00:00,63.218,63.382,58.501,58.871,2076434.0,923036.5
2026-06-25 14:00:00+00:00,58.875,61.528,58.864,60.81,2077715.03,1128224.62
2026-06-25 15:00:00+00:00,60.811,62.038,60.05,61.846,1134447.99,583279.45
2026-06-25 16:00:00+00:00,61.846,62.664,61.065,61.316,1068491.66,516576.17
2026-06-25 17:00:00+00:00,61.315,63.549,61.223,63.425,903767.76,516344.2
2026-06-25 18:00:00+00:00,63.424,63.663,62.774,63.663,856059.9,418465.59
2026-06-25 19:00:00+00:00,63.663,63.663,62.328,63.566,519799.19,244907.02
2026-06-25 20:00:00+00:00,63.566,64.215,62.963,63.127,643489.18,302559.97
2026-06-25 21:00:00+00:00,63.127,64.87,62.871,64.459,678531.66,390108.35
2026-06-25 22:00:00+00:00,64.458,64.721,63.413,63.763,537881.21,248718.95
2026-06-25 23:00:00+00:00,63.763,65.474,63.427,64.112,822373.99,433255.97
2026-06-26 00:00:00+00:00,64.114,64.502,63.48,63.535,615234.29,297473.38
2026-06-26 01:00:00+00:00,63.531,63.676,62.702,63.263,513036.37,241652.36
2026-06-26 02:00:00+00:00,63.261,63.278,61.405,61.626,1077876.13,435750.53
2026-06-26 03:00:00+00:00,61.625,63.917,61.436,63.851,995551.08,534350.5
2026-06-26 04:00:00+00:00,63.85,63.975,62.614,62.789,585241.05,273906.86
2026-06-26 05:00:00+00:00,62.789,63.05,62.015,62.551,515711.53,252844.49
2026-06-26 06:00:00+00:00,62.552,63.888,62.183,63.734,534299.88,304699.61
2026-06-26 07:00:00+00:00,63.733,65.089,63.375,65.03,899004.24,488967.46
2026-06-26 08:00:00+00:00,65.027,65.474,63.974,64.058,889623.57,395140.73
2026-06-26 09:00:00+00:00,64.058,64.084,62.591,62.653,870204.83,404664.69
2026-06-26 10:00:00+00:00,62.652,62.652,61.851,61.981,611671.01,276502.32
2026-06-26 11:00:00+00:00,61.981,62.42,61.722,62.092,567988.65,298184.76
2026-06-26 12:00:00+00:00,62.092,62.65,61.114,61.527,787826.23,385838.88
2026-06-26 13:00:00+00:00,61.528,63.928,60.993,63.788,1250996.42,641816.78
2026-06-26 14:00:00+00:00,63.788,64.742,63.577,63.959,1529442.6,759245.73
2026-06-26 15:00:00+00:00,63.957,65.079,63.861,64.87,976040.21,478939.09
2026-06-26 16:00:00+00:00,64.871,65.395,64.227,64.981,927418.48,487789.52
2026-06-26 17:00:00+00:00,64.981,65.495,64.35,64.547,605353.9,257418.66
2026-06-26 18:00:00+00:00,64.547,65.272,63.984,64.055,570881.02,284782.83
2026-06-26 19:00:00+00:00,64.056,65.431,63.888,64.692,636305.76,332761.65
2026-06-26 20:00:00+00:00,64.703,65.175,63.651,63.751,752262.73,373230.05
2026-06-26 21:00:00+00:00,63.75,64.528,63.289,63.978,579345.68,311745.88
2026-06-26 22:00:00+00:00,63.978,64.221,63.608,64.207,249641.6,144314.04
2026-06-26 23:00:00+00:00,64.207,64.71,64.172,64.388,312759.29,172880.55
2026-06-27 00:00:00+00:00,64.388,64.415,63.263,63.685,390053.83,182974.1
2026-06-27 01:00:00+00:00,63.686,63.788,63.333,63.443,213912.29,101353.01
2026-06-27 02:00:00+00:00,63.442,64.5,63.233,64.243,392340.61,205415.58
2026-06-27 03:00:00+00:00,64.244,64.396,63.873,64.027,211443.32,91560.11
2026-06-27 04:00:00+00:00,64.023,64.779,63.932,64.018,288042.25,144349.75
2026-06-27 05:00:00+00:00,64.022,64.081,63.683,63.773,200625.65,98985.63
2026-06-27 06:00:00+00:00,63.773,63.99,63.208,63.526,386218.7,167465.85
2026-06-27 07:00:00+00:00,63.527,63.829,63.316,63.627,227750.66,121387.67
2026-06-27 08:00:00+00:00,63.627,63.992,63.345,63.484,223462.16,109943.86
2026-06-27 09:00:00+00:00,63.485,63.554,62.636,62.93,582097.75,260838.02
2026-06-27 10:00:00+00:00,62.93,63.318,62.904,63.3,160682.01,88291.84
2026-06-27 11:00:00+00:00,63.299,63.753,62.81,63.447,295704.5,164074.89
2026-06-27 12:00:00+00:00,63.446,63.459,62.942,63.314,214599.14,116461.83
2026-06-27 13:00:00+00:00,63.314,63.913,63.209,63.713,299648.07,165047.43
2026-06-27 14:00:00+00:00,63.713,64.232,63.493,63.836,310977.68,155724.54
2026-06-27 15:00:00+00:00,63.836,64.749,63.82,64.437,424768.88,227301.46
2026-06-27 16:00:00+00:00,64.436,64.436,63.937,64.247,258270.2,120079.26
2026-06-27 17:00:00+00:00,64.247,64.257,63.061,63.069,543527.69,243001.02
2026-06-27 18:00:00+00:00,63.069,63.281,62.869,63.062,231355.13,113955.09
2026-06-27 19:00:00+00:00,63.063,63.198,62.173,62.214,442992.75,202054.7
2026-06-27 20:00:00+00:00,62.214,62.581,61.916,62.431,339299.83,211325.29
2026-06-27 21:00:00+00:00,62.431,62.807,62.245,62.501,256115.93,151934.75
2026-06-27 22:00:00+00:00,62.5,62.649,61.704,62.612,473830.07,233865.02
2026-06-27 23:00:00+00:00,62.613,62.68,61.507,61.682,448439.97,180798.97
2026-06-28 00:00:00+00:00,61.681,62.176,61.578,61.81,278216.2,143850.14
2026-06-28 01:00:00+00:00,61.811,62.149,61.43,61.988,287498.77,141259.93
2026-06-28 02:00:00+00:00,61.988,62.149,61.656,61.934,163637.59,85997.22
2026-06-28 03:00:00+00:00,61.934,62.284,61.871,62.231,203315.17,114768.85
2026-06-28 04:00:00+00:00,62.231,62.298,61.821,61.945,236115.02,97705.51
2026-06-28 05:00:00+00:00,61.945,62.109,61.668,61.966,254133.48,97099.15
2026-06-28 06:00:00+00:00,61.966,62.215,61.56,61.984,237448.81,134501.29
2026-06-28 07:00:00+00:00,61.985,62.654,61.968,62.63,316445.12,176106.68
2026-06-28 08:00:00+00:00,62.631,63.466,62.306,63.09,443134.45,213077.81
2026-06-28 09:00:00+00:00,63.091,63.186,62.782,62.843,257024.57,128281.24
2026-06-28 10:00:00+00:00,62.843,63.111,62.463,62.847,314155.91,137862.97
2026-06-28 11:00:00+00:00,62.847,63.546,62.818,63.22,398335.64,209519.88
2026-06-28 12:00:00+00:00,63.22,63.591,62.86,63.097,290524.47,155654.03
2026-06-28 13:00:00+00:00,63.099,63.289,62.533,62.809,346192.84,157368.19
2026-06-28 14:00:00+00:00,62.809,63.257,62.69,62.702,285338.63,139592.6
2026-06-28 15:00:00+00:00,62.702,63.219,62.606,63.114,290892.01,156420.69
2026-06-28 16:00:00+00:00,63.115,63.278,62.329,62.657,402305.18,181131.45
2026-06-28 17:00:00+00:00,62.658,63.046,62.424,62.82,269243.75,138422.58
2026-06-28 18:00:00+00:00,62.82,62.866,61.884,62.163,350470.28,161111.93
2026-06-28 19:00:00+00:00,62.17,62.328,61.612,62.015,289555.1,141482.45
2026-06-28 20:00:00+00:00,62.011,62.455,61.872,61.912,259469.41,132405.26
2026-06-28 21:00:00+00:00,61.913,61.918,60.5,60.777,606528.89,233042.59
2026-06-28 22:00:00+00:00,60.78,61.524,60.577,60.868,701142.06,356781.15
2026-06-28 23:00:00+00:00,60.868,61.749,60.803,61.46,384981.41,199898.32
2026-06-29 00:00:00+00:00,61.461,61.751,60.64,61.71,501675.43,255685.42
2026-06-29 01:00:00+00:00,61.71,62.073,61.175,61.962,377512.53,197602.31
2026-06-29 02:00:00+00:00,61.963,62.658,61.373,62.496,514336.31,246891.69
2026-06-29 03:00:00+00:00,62.498,62.945,62.24,62.726,472660.0,252486.65
2026-06-29 04:00:00+00:00,62.724,62.835,62.015,62.055,269620.63,114512.18
2026-06-29 05:00:00+00:00,62.06,62.997,61.543,62.96,459729.99,233547.13
2026-06-29 06:00:00+00:00,62.962,63.235,62.656,62.658,417165.78,186637.81
2026-06-29 07:00:00+00:00,62.658,62.93,62.457,62.594,236336.0,121290.9
2026-06-29 08:00:00+00:00,62.595,62.79,62.331,62.376,251872.87,115309.29
2026-06-29 09:00:00+00:00,62.378,62.775,62.271,62.589,222741.17,113430.25
2026-06-29 10:00:00+00:00,62.592,63.854,62.592,63.642,592475.34,301319.59
2026-06-29 11:00:00+00:00,63.645,63.696,62.881,63.377,461397.64,228033.5
2026-06-29 12:00:00+00:00,63.381,64.64,63.119,63.797,1211880.32,595276.69
2026-06-29 13:00:00+00:00,63.798,64.978,63.16,63.915,1485543.56,760706.32
2026-06-29 14:00:00+00:00,63.916,64.5,63.25,64.422,940753.06,461813.5
2026-06-29 15:00:00+00:00,64.424,64.977,63.712,64.879,758126.68,388157.01
2026-06-29 16:00:00+00:00,64.879,65.275,64.224,64.713,781311.81,373069.28
2026-06-29 17:00:00+00:00,64.712,66.999,64.712,66.385,1380427.58,816191.41
2026-06-29 18:00:00+00:00,66.389,66.458,65.677,65.805,500756.89,243342.16
2026-06-29 19:00:00+00:00,65.806,67.198,65.404,66.959,700201.76,371580.4
2026-06-29 20:00:00+00:00,66.962,67.015,66.323,66.353,373820.71,182708.2
2026-06-29 21:00:00+00:00,66.353,67.8,66.273,67.55,553671.78,334971.48
2026-06-29 22:00:00+00:00,67.542,67.848,66.716,67.0,489542.6,231090.13
2026-06-29 23:00:00+00:00,66.999,67.286,66.629,66.922,303446.27,144656.43
2026-06-30 00:00:00+00:00,66.922,67.004,65.8,66.052,573921.53,221834.61
2026-06-30 01:00:00+00:00,66.053,66.58,65.598,66.416,565857.58,274109.8
2026-06-30 02:00:00+00:00,66.415,66.523,65.601,65.762,327451.58,154877.78
2026-06-30 03:00:00+00:00,65.762,66.18,65.719,65.771,196599.16,108102.74
2026-06-30 04:00:00+00:00,65.771,66.516,65.532,66.226,391690.75,205820.53
2026-06-30 05:00:00+00:00,66.225,66.333,65.697,66.068,305781.93,163388.77
2026-06-30 06:00:00+00:00,66.068,66.088,65.405,65.521,355227.86,163421.19
2026-06-30 07:00:00+00:00,65.521,65.759,65.231,65.663,360628.8,191925.52
2026-06-30 08:00:00+00:00,65.663,65.759,65.0,65.171,482038.68,180921.26
2026-06-30 09:00:00+00:00,65.172,65.45,64.881,65.322,282758.69,139350.57
2026-06-30 10:00:00+00:00,65.323,66.232,65.158,66.072,353982.34,195502.26
2026-06-30 11:00:00+00:00,66.074,66.341,65.475,65.696,537410.56,229404.1
2026-06-30 12:00:00+00:00,65.697,65.697,64.432,64.548,786004.06,334799.8
2026-06-30 13:00:00+00:00,64.552,65.586,64.404,65.249,815554.99,428069.94
2026-06-30 14:00:00+00:00,65.248,66.042,64.686,64.818,754022.48,357551.7
2026-06-30 15:00:00+00:00,64.822,65.463,64.508,65.034,548132.66,272892.0
2026-06-30 16:00:00+00:00,65.029,65.324,64.142,64.689,453654.25,198207.82
2026-06-30 17:00:00+00:00,64.689,65.223,64.524,64.589,311764.25,163831.72
2026-06-30 18:00:00+00:00,64.589,65.263,64.496,64.995,287310.23,149643.41
2026-06-30 19:00:00+00:00,64.997,65.556,64.766,65.505,285705.3,140187.16
2026-06-30 20:00:00+00:00,65.499,65.749,64.639,64.686,374243.21,191107.9
2026-06-30 21:00:00+00:00,64.684,64.914,64.167,64.709,282641.89,138941.85
2026-06-30 22:00:00+00:00,64.71,64.918,64.326,64.638,200650.73,95542.52
2026-06-30 23:00:00+00:00,64.638,65.107,64.519,65.061,153015.25,86633.64
2026-07-01 00:00:00+00:00,65.061,65.184,64.193,64.234,423149.69,223578.57
2026-07-01 01:00:00+00:00,64.235,64.734,62.944,64.563,918910.28,416774.33
2026-07-01 02:00:00+00:00,64.563,65.595,64.495,65.445,588698.29,310972.33
2026-07-01 03:00:00+00:00,65.446,65.815,65.079,65.6,386838.39,200910.37
2026-07-01 04:00:00+00:00,65.6,66.03,65.369,65.882,251574.55,125092.9
2026-07-01 05:00:00+00:00,65.883,66.026,65.118,65.208,313626.11,128805.63
2026-07-01 06:00:00+00:00,65.207,65.247,64.534,64.906,452141.15,201796.04
2026-07-01 07:00:00+00:00,64.907,64.953,64.06,64.476,357926.29,192216.59
2026-07-01 08:00:00+00:00,64.477,64.477,63.233,64.002,750106.34,400009.94
2026-07-01 09:00:00+00:00,64.002,64.276,63.777,64.036,348399.96,187492.31
2026-07-01 10:00:00+00:00,64.036,64.069,62.434,62.748,778207.05,310008.67
2026-07-01 11:00:00+00:00,62.751,63.05,62.381,62.678,447833.27,202752.55
2026-07-01 12:00:00+00:00,62.679,62.874,62.412,62.52,348754.59,176185.78
2026-07-01 13:00:00+00:00,62.518,64.118,62.496,64.067,825651.35,435900.61
2026-07-01 14:00:00+00:00,64.066,64.798,63.208,63.671,1143282.11,515540.8
2026-07-01 15:00:00+00:00,63.671,64.866,63.581,64.612,736644.23,370070.02
2026-07-01 16:00:00+00:00,64.612,65.099,64.247,64.433,486104.22,221669.66
2026-07-01 17:00:00+00:00,64.433,64.622,64.002,64.384,476188.46,227278.97
2026-07-01 18:00:00+00:00,64.385,64.781,63.64,63.841,494698.43,215462.51
2026-07-01 19:00:00+00:00,63.841,64.143,62.866,62.986,462683.33,205181.58
2026-07-01 20:00:00+00:00,62.987,63.303,61.962,62.272,966567.95,411565.79
2026-07-01 21:00:00+00:00,62.273,63.816,61.969,63.423,724323.09,399282.99
2026-07-01 22:00:00+00:00,63.423,64.2,62.51,63.308,800699.11,368530.36
2026-07-01 23:00:00+00:00,63.307,63.307,62.318,62.371,421553.15,189762.78
2026-07-02 00:00:00+00:00,62.371,62.591,61.693,62.295,536456.96,229016.53
2026-07-02 01:00:00+00:00,62.295,63.194,62.17,62.82,473940.22,226584.85
2026-07-02 02:00:00+00:00,62.82,63.141,62.436,63.064,299021.49,130642.83
2026-07-02 03:00:00+00:00,63.065,63.68,62.775,63.628,383826.47,204057.8
2026-07-02 04:00:00+00:00,63.62,63.855,63.261,63.724,333569.72,159022.03
2026-07-02 05:00:00+00:00,63.724,63.843,63.331,63.399,215704.82,88073.72
2026-07-02 06:00:00+00:00,63.399,63.814,62.929,63.23,325761.99,149380.99
2026-07-02 07:00:00+00:00,63.234,63.444,62.899,63.149,256934.87,123643.53
2026-07-02 08:00:00+00:00,63.148,63.589,63.0,63.567,291382.77,158270.25
2026-07-02 09:00:00+00:00,63.567,64.174,63.4,63.947,443342.9,244359.38
2026-07-02 10:00:00+00:00,63.947,64.448,63.769,64.204,408184.65,202456.39
2026-07-02 11:00:00+00:00,64.204,65.315,64.132,65.089,732209.24,419343.66
2026-07-02 12:00:00+00:00,65.089,65.576,64.66,65.143,795353.77,357967.83
2026-07-02 13:00:00+00:00,65.144,66.275,65.04,65.969,999461.56,572518.03
2026-07-02 14:00:00+00:00,65.969,66.508,65.043,65.599,970024.34,513529.05
2026-07-02 15:00:00+00:00,65.6,65.708,64.922,65.403,467251.96,233044.35
2026-07-02 16:00:00+00:00,65.399,65.843,65.069,65.661,362708.56,184923.17
2026-07-02 17:00:00+00:00,65.662,66.246,65.493,65.941,371066.4,188069.94
2026-07-02 18:00:00+00:00,65.942,67.192,65.926,66.824,716111.85,393401.82
2026-07-02 19:00:00+00:00,66.824,66.969,66.2,66.274,324175.35,142396.82
2026-07-02 20:00:00+00:00,66.275,66.508,66.175,66.318,217337.31,127115.72
2026-07-02 21:00:00+00:00,66.319,66.363,65.7,65.953,267454.62,107532.4
2026-07-02 22:00:00+00:00,65.952,66.22,65.5,65.87,300400.05,175748.94
2026-07-02 23:00:00+00:00,65.87,67.0,65.707,66.929,363617.42,188697.47
2026-07-03 00:00:00+00:00,66.926,67.059,65.921,66.061,356041.7,158725.61
2026-07-03 01:00:00+00:00,66.061,67.068,66.031,66.873,358622.59,198660.1
2026-07-03 02:00:00+00:00,66.872,67.093,66.418,66.74,222472.59,118358.07
2026-07-03 03:00:00+00:00,66.739,66.847,66.329,66.699,194607.87,101837.61
2026-07-03 04:00:00+00:00,66.7,66.759,66.244,66.578,192529.0,91360.84
2026-07-03 05:00:00+00:00,66.578,67.82,66.537,67.311,526247.05,336408.92
2026-07-03 06:00:00+00:00,67.312,67.577,66.944,67.223,315269.37,151185.46
2026-07-03 07:00:00+00:00,67.223,67.462,66.968,67.286,256120.57,127811.28
2026-07-03 08:00:00+00:00,67.287,67.84,67.284,67.657,439694.17,219642.04
2026-07-03 09:00:00+00:00,67.657,68.499,67.451,67.655,735295.88,376861.98
2026-07-03 10:00:00+00:00,67.655,69.177,67.539,68.962,646738.89,354812.3
2026-07-03 11:00:00+00:00,68.962,69.547,68.844,69.28,507900.32,256531.31
2026-07-03 12:00:00+00:00,69.279,69.453,68.751,69.078,446310.65,196222.9
2026-07-03 13:00:00+00:00,69.079,69.948,69.028,69.71,537499.07,316849.14
2026-07-03 14:00:00+00:00,69.704,70.5,69.014,70.356,1038020.58,605031.18
2026-07-03 15:00:00+00:00,70.356,70.829,69.815,69.961,831341.13,389064.77
2026-07-03 16:00:00+00:00,69.96,70.566,69.496,69.855,698734.67,328568.25
2026-07-03 17:00:00+00:00,69.856,70.741,69.623,70.736,544318.84,292422.36
2026-07-03 18:00:00+00:00,70.736,70.805,70.336,70.507,309530.82,157397.2
2026-07-03 19:00:00+00:00,70.508,70.591,70.211,70.282,222006.52,110912.2
2026-07-03 20:00:00+00:00,70.282,71.128,70.229,70.647,479860.65,274689.05
2026-07-03 21:00:00+00:00,70.648,71.274,70.4,70.892,304350.52,145813.94
2026-07-03 22:00:00+00:00,70.893,70.985,70.602,70.77,273705.41,127715.7
2026-07-03 23:00:00+00:00,70.769,71.06,70.361,70.677,258287.25,122826.2
2026-07-04 00:00:00+00:00,70.677,71.429,70.551,71.207,325990.51,190731.52
2026-07-04 01:00:00+00:00,71.208,71.208,70.174,70.29,371531.2,157457.16
2026-07-04 02:00:00+00:00,70.289,71.1,69.959,70.765,345376.2,188081.5
2026-07-04 03:00:00+00:00,70.764,71.724,70.571,71.356,412899.93,214872.98
2026-07-04 04:00:00+00:00,71.357,72.086,71.205,71.565,390818.54,208087.79
2026-07-04 05:00:00+00:00,71.565,71.726,71.018,71.418,286748.22,152676.91
2026-07-04 06:00:00+00:00,71.42,71.728,70.801,71.283,281029.45,127544.86
2026-07-04 07:00:00+00:00,71.283,71.773,71.132,71.489,268841.32,140698.89
2026-07-04 08:00:00+00:00,71.493,71.592,71.051,71.09,267128.55,131369.49
2026-07-04 09:00:00+00:00,71.091,71.269,70.677,70.948,358021.54,174695.43
2026-07-04 10:00:00+00:00,70.948,71.239,70.54,70.686,204503.59,90376.83
2026-07-04 11:00:00+00:00,70.686,70.787,70.384,70.643,227119.02,103037.15
2026-07-04 12:00:00+00:00,70.644,71.187,70.643,70.859,191705.16,99548.17
2026-07-04 13:00:00+00:00,70.86,71.344,70.343,70.52,308775.93,140440.85
2026-07-04 14:00:00+00:00,70.519,70.873,70.415,70.559,281403.51,137987.99
2026-07-04 15:00:00+00:00,70.558,71.224,70.481,70.646,354885.8,169771.4
2026-07-04 16:00:00+00:00,70.645,70.887,70.213,70.266,215411.08,93968.87
2026-07-04 17:00:00+00:00,70.267,70.85,70.037,70.645,435466.26,218950.0
2026-07-04 18:00:00+00:00,70.646,70.685,69.554,69.764,515289.09,220219.02
2026-07-04 19:00:00+00:00,69.764,70.076,69.418,69.924,269984.98,130944.38
2026-07-04 20:00:00+00:00,69.922,70.094,69.523,69.789,214615.83,111141.68
2026-07-04 21:00:00+00:00,69.79,70.256,69.702,70.147,173195.87,109657.9
2026-07-04 22:00:00+00:00,70.147,70.245,69.848,70.071,138879.9,63154.54
2026-07-04 23:00:00+00:00,70.066,70.095,69.64,69.871,182991.19,84721.07
2026-07-05 00:00:00+00:00,69.872,69.9,69.106,69.35,322609.03,113072.71
2026-07-05 01:00:00+00:00,69.35,69.375,68.67,69.011,434731.26,169784.1
2026-07-05 02:00:00+00:00,69.01,69.017,68.3,68.634,385329.51,159493.92
2026-07-05 03:00:00+00:00,68.634,68.76,68.374,68.673,157254.76,78717.0
2026-07-05 04:00:00+00:00,68.673,69.358,68.671,68.785,292046.27,158681.94
2026-07-05 05:00:00+00:00,68.784,68.8,68.222,68.519,268170.23,108850.96
2026-07-05 06:00:00+00:00,68.519,68.739,68.358,68.611,168267.33,85887.9
2026-07-05 07:00:00+00:00,68.612,68.718,68.356,68.682,145885.48,83982.75
2026-07-05 08:00:00+00:00,68.681,68.943,68.47,68.886,204062.32,119290.14
2026-07-05 09:00:00+00:00,68.887,68.95,68.302,68.463,236957.61,99156.91
2026-07-05 10:00:00+00:00,68.462,69.111,68.38,68.973,205810.03,124404.82
2026-07-05 11:00:00+00:00,68.973,69.048,68.521,68.893,215604.14,112670.99
2026-07-05 12:00:00+00:00,68.894,69.486,68.692,69.189,277917.14,171163.91
2026-07-05 13:00:00+00:00,69.189,69.575,69.078,69.281,188951.1,90015.2
2026-07-05 14:00:00+00:00,69.28,69.485,69.006,69.438,153583.09,76556.6
2026-07-05 15:00:00+00:00,69.438,69.866,69.346,69.537,250103.59,154443.98
2026-07-05 16:00:00+00:00,69.537,69.554,69.17,69.391,123239.01,52202.43
2026-07-05 17:00:00+00:00,69.391,69.518,69.16,69.262,113617.26,54457.49
2026-07-05 18:00:00+00:00,69.262,69.435,69.124,69.274,71217.06,35595.48
2026-07-05 19:00:00+00:00,69.274,69.969,69.227,69.805,173448.86,103907.74
2026-07-05 20:00:00+00:00,69.806,70.92,69.759,70.918,397788.3,229096.28
2026-07-05 21:00:00+00:00,70.917,71.339,70.468,71.02,347378.19,164622.92
2026-07-05 22:00:00+00:00,71.019,71.719,70.857,71.545,439339.79,231865.01
2026-07-05 23:00:00+00:00,71.545,71.6,71.036,71.364,256160.46,128487.64
2026-07-06 00:00:00+00:00,71.364,72.599,71.142,72.491,951317.41,510429.08
2026-07-06 01:00:00+00:00,72.49,72.71,71.727,71.851,381374.06,186997.23
2026-07-06 02:00:00+00:00,71.852,72.388,71.55,72.256,346317.32,166771.65
2026-07-06 03:00:00+00:00,72.256,72.439,71.339,71.634,348180.92,135224.24
2026-07-06 04:00:00+00:00,71.632,71.793,71.182,71.611,225753.13,116784.49
2026-07-06 05:00:00+00:00,71.611,71.766,70.69,70.77,351021.95,170941.58
2026-07-06 06:00:00+00:00,70.771,71.271,70.675,71.176,229226.64,130425.54
2026-07-06 07:00:00+00:00,71.176,71.257,70.782,70.851,243431.24,130150.19
2026-07-06 08:00:00+00:00,70.85,71.108,69.939,70.33,524747.48,227050.06
2026-07-06 09:00:00+00:00,70.33,70.384,69.704,69.991,283827.2,118494.11
2026-07-06 10:00:00+00:00,69.992,70.628,69.988,70.438,282703.67,148225.48
2026-07-06 11:00:00+00:00,70.439,71.016,69.946,70.025,306289.99,144623.62
2026-07-06 12:00:00+00:00,70.025,70.092,69.03,69.118,958908.68,416910.78
2026-07-06 13:00:00+00:00,69.118,70.0,68.562,69.672,879140.57,435466.93
2026-07-06 14:00:00+00:00,69.667,70.343,69.471,69.835,400854.48,201608.7
2026-07-06 15:00:00+00:00,69.835,70.853,69.825,70.725,502215.72,252457.64
2026-07-06 16:00:00+00:00,70.726,71.323,70.681,71.293,532406.89,285898.94
2026-07-06 17:00:00+00:00,71.292,71.568,70.973,71.085,336119.44,186013.53
2026-07-06 18:00:00+00:00,71.087,71.625,71.052,71.227,213702.55,112327.25
2026-07-06 19:00:00+00:00,71.227,71.734,71.124,71.595,241142.8,128062.05
2026-07-06 20:00:00+00:00,71.593,71.617,70.807,70.922,291924.07,146388.44
2026-07-06 21:00:00+00:00,70.922,71.771,70.827,71.597,298465.16,151606.24
2026-07-06 22:00:00+00:00,71.597,71.625,70.941,71.106,198581.63,76794.34
2026-07-06 23:00:00+00:00,71.105,71.133,70.516,70.608,231678.72,100811.96
2026-07-07 00:00:00+00:00,70.609,72.056,70.404,71.972,477861.62,274140.44
2026-07-07 01:00:00+00:00,71.971,71.971,71.146,71.169,340806.86,150994.87
2026-07-07 02:00:00+00:00,71.171,71.284,70.477,70.669,266051.04,116460.5
2026-07-07 03:00:00+00:00,70.667,70.752,70.1,70.214,277756.23,120508.18
2026-07-07 04:00:00+00:00,70.213,70.264,69.706,70.206,319426.49,148775.28
2026-07-07 05:00:00+00:00,70.207,70.453,69.48,70.192,388675.83,191775.47
2026-07-07 06:00:00+00:00,70.192,70.996,70.035,70.905,300726.49,167776.34
2026-07-07 07:00:00+00:00,70.904,71.3,70.533,70.581,260009.16,108298.07
2026-07-07 08:00:00+00:00,70.581,71.084,70.514,71.039,254605.31,126928.2
2026-07-07 09:00:00+00:00,71.039,71.618,70.888,71.309,290937.32,149428.17
2026-07-07 10:00:00+00:00,71.31,71.877,71.265,71.407,335750.86,150104.77
2026-07-07 11:00:00+00:00,71.407,71.963,71.158,71.951,273335.66,147607.8
2026-07-07 12:00:00+00:00,71.951,72.558,71.836,72.051,562971.03,311097.91
2026-07-07 13:00:00+00:00,72.051,72.145,71.108,71.26,659866.42,313905.15
2026-07-07 14:00:00+00:00,71.259,72.392,70.82,72.346,679078.32,347263.54
2026-07-07 15:00:00+00:00,72.345,72.985,71.917,71.982,738634.42,398183.51
2026-07-07 16:00:00+00:00,71.982,72.319,71.573,71.658,417935.2,237030.98
2026-07-07 17:00:00+00:00,71.657,72.055,71.4,71.638,317637.14,185513.93
2026-07-07 18:00:00+00:00,71.64,71.868,70.127,70.216,533221.06,208265.37
2026-07-07 19:00:00+00:00,70.212,70.419,69.336,70.154,739011.01,357464.7
2026-07-07 20:00:00+00:00,70.155,70.365,69.882,70.173,195701.79,102024.98
2026-07-07 21:00:00+00:00,70.173,70.482,68.92,69.32,413602.2,188935.55
2026-07-07 22:00:00+00:00,69.318,69.779,68.903,69.715,278135.11,161937.88
2026-07-07 23:00:00+00:00,69.716,69.921,69.119,69.186,174672.33,81530.11
2026-07-08 00:00:00+00:00,69.187,69.75,69.112,69.457,268334.64,152473.67
2026-07-08 01:00:00+00:00,69.458,69.557,67.46,68.102,906936.04,352161.02
2026-07-08 02:00:00+00:00,68.102,68.385,67.152,68.249,642441.05,293974.29
2026-07-08 03:00:00+00:00,68.25,68.556,67.857,68.039,255892.99,122153.02
2026-07-08 04:00:00+00:00,68.039,68.342,67.802,68.213,180864.22,98636.38
2026-07-08 05:00:00+00:00,68.212,68.45,68.012,68.351,175000.34,89233.02
2026-07-08 06:00:00+00:00,68.354,68.4,67.81,68.163,210111.43,92576.65
2026-07-08 07:00:00+00:00,68.164,68.389,67.718,68.247,206751.91,108298.75
2026-07-08 08:00:00+00:00,68.248,68.426,67.365,67.985,576613.6,269461.19
2026-07-08 09:00:00+00:00,67.984,68.498,67.724,67.987,321607.23,160169.45
2026-07-08 10:00:00+00:00,67.988,68.325,67.847,68.232,211087.72,112509.13
2026-07-08 11:00:00+00:00,68.236,69.114,67.848,68.865,364500.69,229716.24
2026-07-08 12:00:00+00:00,68.868,68.897,67.931,67.959,271146.79,106891.36
2026-07-08 13:00:00+00:00,67.96,68.402,67.375,67.897,606063.97,305611.99
2026-07-08 14:00:00+00:00,67.892,68.08,67.201,67.385,419735.47,201472.86
2026-07-08 15:00:00+00:00,67.385,67.407,66.536,66.905,631640.59,278227.61
2026-07-08 16:00:00+00:00,66.906,67.738,66.887,67.644,334652.87,214659.67
2026-07-08 17:00:00+00:00,67.645,67.954,67.429,67.554,202716.27,112272.83
2026-07-08 18:00:00+00:00,67.554,67.777,66.634,66.788,281389.74,125601.95
2026-07-08 19:00:00+00:00,66.789,67.365,66.627,67.336,217238.33,110090.49
2026-07-08 20:00:00+00:00,67.338,67.45,66.805,66.923,130793.24,59945.2
2026-07-08 21:00:00+00:00,66.923,67.082,66.162,67.073,320803.34,142689.49
2026-07-08 22:00:00+00:00,67.07,67.295,66.889,67.176,174979.17,90097.7
2026-07-08 23:00:00+00:00,67.177,67.692,67.025,67.602,205183.48,123148.37
2026-07-09 00:00:00+00:00,67.602,67.859,67.206,67.792,203347.34,116480.74
2026-07-09 01:00:00+00:00,67.792,68.364,67.176,67.257,395492.84,205271.92
2026-07-09 02:00:00+00:00,67.256,67.545,66.982,67.072,180557.3,82406.23
2026-07-09 03:00:00+00:00,67.072,67.434,66.994,67.154,164605.93,85307.65
2026-07-09 04:00:00+00:00,67.153,67.864,67.039,67.834,142527.97,80349.07
2026-07-09 05:00:00+00:00,67.832,68.106,67.322,67.996,216637.63,114365.52
2026-07-09 06:00:00+00:00,67.996,68.281,67.71,68.165,220290.72,105209.37
2026-07-09 07:00:00+00:00,68.165,68.43,67.692,68.071,230236.86,118314.36
2026-07-09 08:00:00+00:00,68.071,68.418,67.904,68.032,211696.59,111730.33
2026-07-09 09:00:00+00:00,68.03,68.12,67.538,67.861,247524.37,105069.82
2026-07-09 10:00:00+00:00,67.861,68.017,67.228,67.482,301554.14,129144.64
2026-07-09 11:00:00+00:00,67.483,67.535,67.028,67.47,263478.53,122456.41
2026-07-09 12:00:00+00:00,67.47,67.641,67.075,67.231,247063.67,119237.46
2026-07-09 13:00:00+00:00,67.229,68.066,67.193,67.978,323467.39,178333.13
2026-07-09 14:00:00+00:00,67.979,68.139,67.277,68.062,451006.35,253050.07
2026-07-09 15:00:00+00:00,68.063,68.748,67.415,67.458,652982.4,323358.51
2026-07-09 16:00:00+00:00,67.458,68.034,67.1,67.207,289162.71,141128.54
2026-07-09 17:00:00+00:00,67.207,67.455,66.968,67.238,207554.58,95924.54
2026-07-09 18:00:00+00:00,67.238,68.0,67.194,67.245,428728.06,237775.38
2026-07-09 19:00:00+00:00,67.245,67.275,66.61,66.946,352479.54,170902.89
2026-07-09 20:00:00+00:00,66.946,67.406,66.913,67.314,141333.23,71254.05
2026-07-09 21:00:00+00:00,67.315,67.44,67.193,67.351,92222.12,44290.68
2026-07-09 22:00:00+00:00,67.351,67.419,67.052,67.21,137066.59,68011.71
2026-07-09 23:00:00+00:00,67.21,67.317,66.91,67.106,112201.39,56006.36
2026-07-10 00:00:00+00:00,67.106,67.303,66.822,67.235,165462.84,86474.82
2026-07-10 01:00:00+00:00,67.235,68.137,67.033,67.868,339575.09,190588.74
2026-07-10 02:00:00+00:00,67.868,68.375,67.842,68.34,224241.2,124593.94
2026-07-10 03:00:00+00:00,68.34,68.465,68.037,68.45,197051.13,86366.45
2026-07-10 04:00:00+00:00,68.45,68.536,68.105,68.247,212085.2,91436.04
2026-07-10 05:00:00+00:00,68.246,68.274,68.0,68.145,148635.81,65428.03
2026-07-10 06:00:00+00:00,68.145,68.147,67.704,68.039,205072.09,117734.84
2026-07-10 07:00:00+00:00,68.039,68.356,67.87,68.283,186239.51,93965.98
2026-07-10 08:00:00+00:00,68.284,69.078,68.219,68.642,467229.83,220691.71
2026-07-10 09:00:00+00:00,68.641,69.286,68.473,69.038,467101.92,293902.86
2026-07-10 10:00:00+00:00,69.038,69.373,68.8,68.81,311984.81,158035.35
2026-07-10 11:00:00+00:00,68.81,69.248,68.701,68.843,270710.61,137459.65
2026-07-10 12:00:00+00:00,68.844,68.963,68.26,68.376,380109.99,170676.2
2026-07-10 13:00:00+00:00,68.377,69.012,68.301,68.373,336223.97,174470.47
2026-07-10 14:00:00+00:00,68.373,68.473,67.196,67.325,708496.36,289954.0
2026-07-10 15:00:00+00:00,67.323,67.754,67.192,67.48,263430.43,133789.95
2026-07-10 16:00:00+00:00,67.481,67.979,67.355,67.859,280928.53,154800.32
2026-07-10 17:00:00+00:00,67.858,67.898,67.412,67.569,152487.45,77118.28
2026-07-10 18:00:00+00:00,67.57,67.975,67.234,67.332,193338.82,106016.92
2026-07-10 19:00:00+00:00,67.334,67.58,67.001,67.269,234241.2,100011.65
2026-07-10 20:00:00+00:00,67.268,67.295,66.632,66.955,278079.15,110456.55
2026-07-10 21:00:00+00:00,66.955,67.419,66.907,67.418,133625.46,85336.68
2026-07-10 22:00:00+00:00,67.418,67.64,67.39,67.467,88495.18,55175.32
2026-07-10 23:00:00+00:00,67.467,67.562,67.315,67.517,97474.9,53211.44
2026-07-11 00:00:00+00:00,67.516,67.625,67.223,67.421,143609.16,61806.69
2026-07-11 01:00:00+00:00,67.42,67.687,66.841,66.919,234616.62,91041.72
2026-07-11 02:00:00+00:00,66.919,67.322,66.792,67.273,193532.1,112340.7
2026-07-11 03:00:00+00:00,67.274,67.325,66.951,67.053,122425.59,59871.53
2026-07-11 04:00:00+00:00,67.053,67.089,66.509,66.562,233343.28,97956.62
2026-07-11 05:00:00+00:00,66.561,66.672,66.368,66.536,223155.0,95264.46
2026-07-11 06:00:00+00:00,66.536,66.676,66.302,66.303,186885.9,88012.29
2026-07-11 07:00:00+00:00,66.303,66.466,66.179,66.447,197999.67,93152.21
2026-07-11 08:00:00+00:00,66.447,66.74,66.425,66.525,170916.43,95623.99
2026-07-11 09:00:00+00:00,66.524,66.881,66.512,66.661,174829.57,103684.83
2026-07-11 10:00:00+00:00,66.661,66.994,66.588,66.795,133636.79,68803.81
2026-07-11 11:00:00+00:00,66.796,67.025,66.733,67.005,88320.44,53684.04
2026-07-11 12:00:00+00:00,67.006,67.17,66.761,66.884,145491.93,62433.36
2026-07-11 13:00:00+00:00,66.884,66.923,66.332,66.61,239507.77,92949.7
2026-07-11 14:00:00+00:00,66.61,67.825,66.61,67.415,602188.07,337705.37
2026-07-11 15:00:00+00:00,67.416,67.664,66.854,67.231,346756.0,168150.72
2026-07-11 16:00:00+00:00,67.231,67.28,66.874,67.118,165150.58,76433.68
2026-07-11 17:00:00+00:00,67.119,67.55,67.005,67.331,157974.89,89717.79
2026-07-11 18:00:00+00:00,67.33,67.773,67.273,67.642,165066.86,88945.3
2026-07-11 19:00:00+00:00,67.642,67.851,67.408,67.548,163076.21,65834.21
2026-07-11 20:00:00+00:00,67.549,67.932,67.548,67.855,110899.55,55142.4
2026-07-11 21:00:00+00:00,67.853,68.265,67.8,68.001,159925.32,87410.31
2026-07-11 22:00:00+00:00,68.005,68.118,67.536,67.584,184215.76,80698.77
2026-07-11 23:00:00+00:00,67.584,67.7,66.738,66.742,380635.94,152962.12
2026-07-12 00:00:00+00:00,66.743,67.147,66.593,66.905,320803.23,159979.15
2026-07-12 01:00:00+00:00,66.904,67.388,66.812,67.329,219977.15,135123.55
2026-07-12 02:00:00+00:00,67.329,67.44,67.112,67.209,119616.19,57688.79
2026-07-12 03:00:00+00:00,67.209,67.276,66.931,67.243,118010.64,58240.14
2026-07-12 04:00:00+00:00,67.242,67.349,66.983,67.118,100650.87,41073.49
2026-07-12 05:00:00+00:00,67.118,67.236,66.94,67.129,72832.03,34085.77
2026-07-12 06:00:00+00:00,67.129,67.138,66.47,66.92,343192.3,139310.38
2026-07-12 07:00:00+00:00,66.92,67.075,66.852,66.948,88898.71,45234.8
2026-07-12 08:00:00+00:00,66.949,67.483,66.93,67.135,174405.45,89362.64
2026-07-12 09:00:00+00:00,67.14,67.3,66.7,67.037,208544.82,107154.16
2026-07-12 10:00:00+00:00,67.037,67.052,66.565,66.743,280427.02,110524.41
2026-07-12 11:00:00+00:00,66.743,67.204,66.638,66.882,143688.3,71584.96
2026-07-12 12:00:00+00:00,66.881,67.046,66.642,66.72,140299.4,63181.55
2026-07-12 13:00:00+00:00,66.72,67.144,66.611,66.982,177420.95,95321.04
2026-07-12 14:00:00+00:00,66.982,67.539,66.981,67.354,209507.7,113328.59
2026-07-12 15:00:00+00:00,67.354,67.879,67.352,67.54,359646.62,199259.7
2026-07-12 16:00:00+00:00,67.54,68.077,67.512,67.959,241071.97,140248.02
2026-07-12 17:00:00+00:00,67.958,68.137,67.728,67.88,178983.06,89891.6
2026-07-12 18:00:00+00:00,67.881,68.21,67.787,68.171,136396.23,65363.6
2026-07-12 19:00:00+00:00,68.171,68.342,67.922,68.252,158738.0,81916.49
2026-07-12 20:00:00+00:00,68.251,68.381,67.804,67.891,101458.17,48952.56
2026-07-12 21:00:00+00:00,67.891,68.033,67.601,67.681,136083.53,55795.5
2026-07-12 22:00:00+00:00,67.682,67.701,66.915,67.167,295958.62,139179.67
2026-07-12 23:00:00+00:00,67.166,67.425,67.044,67.306,159429.1,97154.12
2026-07-13 00:00:00+00:00,67.306,68.223,67.203,67.696,489357.75,233871.02
2026-07-13 01:00:00+00:00,67.695,67.698,66.923,66.941,277437.49,128804.55
2026-07-13 02:00:00+00:00,66.941,67.178,66.863,66.985,201643.31,96222.52
2026-07-13 03:00:00+00:00,66.988,67.028,66.511,66.593,501922.9,196587.05
2026-07-13 04:00:00+00:00,66.592,66.71,64.855,65.068,1075158.14,429943.71
2026-07-13 05:00:00+00:00,65.066,65.6,64.78,65.414,377593.16,226827.27
2026-07-13 06:00:00+00:00,65.415,65.634,65.011,65.083,226307.84,104790.22
2026-07-13 07:00:00+00:00,65.083,65.593,64.906,65.503,232074.91,139775.63
2026-07-13 08:00:00+00:00,65.499,65.795,65.304,65.599,234223.52,136962.04
2026-07-13 09:00:00+00:00,65.6,65.631,64.95,64.998,263665.66,99092.07
2026-07-13 10:00:00+00:00,64.998,65.237,64.833,65.213,301037.41,147105.15
2026-07-13 11:00:00+00:00,65.213,65.377,64.892,65.054,249927.79,118619.02
2026-07-13 12:00:00+00:00,65.053,65.11,64.234,64.361,637487.05,286226.48
2026-07-13 13:00:00+00:00,64.36,64.476,63.333,63.956,843425.48,366800.46
2026-07-13 14:00:00+00:00,63.956,64.412,63.567,64.315,490898.21,261969.85
2026-07-13 15:00:00+00:00,64.316,64.452,63.86,63.895,305841.68,154327.1
2026-07-13 16:00:00+00:00,63.895,63.944,63.15,63.537,656480.38,326980.64
2026-07-13 17:00:00+00:00,63.538,63.981,63.277,63.379,327270.37,145673.01
2026-07-13 18:00:00+00:00,63.379,63.819,63.287,63.693,242521.16,135837.62
2026-07-13 19:00:00+00:00,63.694,63.85,63.511,63.686,180774.89,92532.22
2026-07-13 20:00:00+00:00,63.685,63.693,62.868,63.492,349984.6,151125.34
2026-07-13 21:00:00+00:00,63.493,63.524,62.5,62.908,464727.8,194494.05
2026-07-13 22:00:00+00:00,62.907,63.28,62.902,63.217,258385.88,136508.31
2026-07-13 23:00:00+00:00,63.218,63.647,63.081,63.444,227507.41,143312.4
2026-07-14 00:00:00+00:00,63.444,63.741,63.107,63.544,301278.26,151719.98
2026-07-14 01:00:00+00:00,63.544,63.763,63.159,63.173,193421.25,101006.58
2026-07-14 02:00:00+00:00,63.173,63.478,63.014,63.191,187968.39,94280.49
2026-07-14 03:00:00+00:00,63.191,63.296,62.555,63.255,292421.52,119180.4
2026-07-14 04:00:00+00:00,63.254,63.46,63.033,63.422,158465.53,84539.86
2026-07-14 05:00:00+00:00,63.422,64.169,63.386,63.733,400355.06,221451.91
2026-07-14 06:00:00+00:00,63.733,63.908,63.643,63.752,199909.73,113363.47
2026-07-14 07:00:00+00:00,63.749,63.855,63.454,63.518,134752.99,54716.7
2026-07-14 08:00:00+00:00,63.52,63.882,63.425,63.844,169009.83,87923.47
2026-07-14 09:00:00+00:00,63.843,64.016,63.454,63.487,168309.12,83151.97
2026-07-14 10:00:00+00:00,63.487,64.018,63.455,63.934,177415.97,92189.67
2026-07-14 11:00:00+00:00,63.935,64.08,63.767,63.828,147810.69,63987.27
2026-07-14 12:00:00+00:00,63.828,65.254,63.588,65.126,1015621.94,572497.86
2026-07-14 13:00:00+00:00,65.127,65.395,64.636,65.037,689382.11,323027.28
2026-07-14 14:00:00+00:00,65.037,65.074,64.337,64.893,493187.83,244740.81
2026-07-14 15:00:00+00:00,64.894,65.196,64.581,64.734,481705.46,231991.46
2026-07-14 16:00:00+00:00,64.735,65.067,64.585,64.793,229635.37,121076.28
2026-07-14 17:00:00+00:00,64.793,65.355,64.417,65.19,339444.28,184829.62
2026-07-14 18:00:00+00:00,65.191,65.739,64.971,65.557,574703.4,293924.23
2026-07-14 19:00:00+00:00,65.556,65.667,65.187,65.23,189014.43,77454.61
2026-07-14 20:00:00+00:00,65.231,65.727,64.943,65.723,211009.47,107406.07
2026-07-14 21:00:00+00:00,65.723,66.016,65.559,65.61,265963.12,134590.39
2026-07-14 22:00:00+00:00,65.611,66.2,65.498,65.692,269823.03,150820.31
2026-07-14 23:00:00+00:00,65.692,65.851,65.383,65.568,212698.09,101574.33
2026-07-15 00:00:00+00:00,65.568,65.933,65.451,65.698,240104.55,126396.5
2026-07-15 01:00:00+00:00,65.699,65.74,64.863,65.079,562370.46,180766.46
2026-07-15 02:00:00+00:00,65.076,66.6,64.958,66.529,728128.25,405792.58
2026-07-15 03:00:00+00:00,66.53,67.609,66.445,67.295,919939.68,489042.58
2026-07-15 04:00:00+00:00,67.296,67.419,66.756,66.858,405144.88,175141.94
2026-07-15 05:00:00+00:00,66.858,67.195,66.645,67.114,184718.81,92265.55
2026-07-15 06:00:00+00:00,67.115,67.576,67.029,67.358,262933.53,142302.59
2026-07-15 07:00:00+00:00,67.358,67.363,66.788,66.877,271185.2,111943.28
2026-07-15 08:00:00+00:00,66.878,67.453,66.721,67.246,244495.1,136577.82
2026-07-15 09:00:00+00:00,67.246,68.22,67.184,67.973,518166.17,265797.54
2026-07-15 10:00:00+00:00,67.974,68.273,67.833,68.229,238977.61,122263.6
2026-07-15 11:00:00+00:00,68.228,68.551,68.153,68.474,239157.48,131036.58
2026-07-15 12:00:00+00:00,68.474,68.968,68.215,68.953,414432.8,245503.11
2026-07-15 13:00:00+00:00,68.949,69.042,68.231,68.476,597653.85,285938.87
2026-07-15 14:00:00+00:00,68.477,68.911,68.273,68.323,429495.14,228495.27
2026-07-15 15:00:00+00:00,68.322,68.433,67.626,67.92,590815.21,273756.78
2026-07-15 16:00:00+00:00,67.923,67.973,67.03,67.394,450263.13,197301.67
2026-07-15 17:00:00+00:00,67.394,68.02,67.378,67.839,227639.66,131763.55
2026-07-15 18:00:00+00:00,67.839,68.37,67.123,67.318,398621.45,198117.65
2026-07-15 19:00:00+00:00,67.317,67.419,66.772,66.85,383942.07,175009.31
2026-07-15 20:00:00+00:00,66.851,67.396,66.787,67.22,210618.63,108054.35
2026-07-15 21:00:00+00:00,67.221,67.514,66.958,67.116,146874.63,65001.96
2026-07-15 22:00:00+00:00,67.117,67.31,66.929,67.088,121789.6,61569.98
2026-07-15 23:00:00+00:00,67.087,67.332,66.78,66.879,198136.15,100352.15
2026-07-16 00:00:00+00:00,66.878,67.23,66.34,66.643,315199.08,141989.08
2026-07-16 01:00:00+00:00,66.643,66.821,66.161,66.698,237583.96,114137.87
2026-07-16 02:00:00+00:00,66.7,66.716,66.255,66.524,158692.96,72624.97
2026-07-16 03:00:00+00:00,66.522,66.601,66.019,66.132,319652.16,139258.59
2026-07-16 04:00:00+00:00,66.132,66.482,65.961,66.429,290779.96,139910.24
2026-07-16 05:00:00+00:00,66.428,66.899,66.421,66.877,304472.67,153440.6
2026-07-16 06:00:00+00:00,66.872,66.956,66.583,66.869,306258.03,143798.21
2026-07-16 07:00:00+00:00,66.868,66.917,66.141,66.485,384313.32,188371.47
2026-07-16 08:00:00+00:00,66.486,66.624,65.544,65.994,695690.51,312472.99
2026-07-16 09:00:00+00:00,65.994,66.107,65.782,65.947,179490.96,91145.22
2026-07-16 10:00:00+00:00,65.946,66.133,65.701,65.968,119805.73,61911.22
2026-07-16 11:00:00+00:00,65.969,65.979,65.657,65.873,187981.36,75565.59
2026-07-16 12:00:00+00:00,65.873,65.913,65.16,65.412,299548.5,115780.73
2026-07-16 13:00:00+00:00,65.411,65.875,65.376,65.549,214632.88,112067.28
2026-07-16 14:00:00+00:00,65.548,66.178,65.513,65.749,313430.24,161466.06
2026-07-16 15:00:00+00:00,65.749,65.771,65.216,65.336,456063.5,224019.58
2026-07-16 16:00:00+00:00,65.335,65.341,63.867,63.907,973727.99,373906.44
2026-07-16 17:00:00+00:00,63.912,63.975,61.832,62.805,2696979.69,1062293.58
2026-07-16 18:00:00+00:00,62.805,63.063,62.107,62.808,831415.31,383407.88
2026-07-16 19:00:00+00:00,62.807,62.896,62.132,62.291,378515.47,190768.44
2026-07-16 20:00:00+00:00,62.291,62.767,62.19,62.315,307032.02,142923.82
2026-07-16 21:00:00+00:00,62.316,62.718,62.248,62.355,275588.34,163246.51
2026-07-16 22:00:00+00:00,62.356,62.671,61.261,61.922,801867.2,331905.73
2026-07-16 23:00:00+00:00,61.922,61.922,60.498,60.722,925363.41,372965.03
2026-07-17 00:00:00+00:00,60.721,61.559,60.654,61.465,499852.43,276487.4
2026-07-17 01:00:00+00:00,61.465,61.742,59.616,60.044,1136314.09,474129.83
2026-07-17 02:00:00+00:00,60.043,60.558,60.003,60.351,452013.51,215200.12
2026-07-17 03:00:00+00:00,60.352,60.68,59.955,59.99,342990.8,167996.5
2026-07-17 04:00:00+00:00,59.99,60.194,59.788,60.021,340848.86,175915.68
2026-07-17 05:00:00+00:00,60.021,60.021,58.798,59.159,1125937.05,501351.3
2026-07-17 06:00:00+00:00,59.159,59.542,58.715,59.21,489316.68,233699.54
2026-07-17 07:00:00+00:00,59.211,59.35,58.438,58.638,857311.0,389054.38
2026-07-17 08:00:00+00:00,58.639,59.8,58.551,59.554,816533.1,432078.86
2026-07-17 09:00:00+00:00,59.555,61.17,59.433,60.461,1111846.35,663582.09
2026-07-17 10:00:00+00:00,60.461,60.894,60.112,60.224,534316.93,295539.49
2026-07-17 11:00:00+00:00,60.224,60.508,60.125,60.331,235505.45,107895.08
2026-07-17 12:00:00+00:00,60.331,60.339,59.619,59.694,435476.07,187363.1
2026-07-17 13:00:00+00:00,59.695,60.598,58.912,60.573,1072380.6,536589.35
2026-07-17 14:00:00+00:00,60.574,60.973,59.921,60.097,658717.42,329813.58
2026-07-17 15:00:00+00:00,60.098,60.822,59.776,60.775,545603.23,313573.09
2026-07-17 16:00:00+00:00,60.776,60.802,60.157,60.255,355751.32,163855.1
2026-07-17 17:00:00+00:00,60.255,60.735,60.22,60.384,309505.09,158341.01
2026-07-17 18:00:00+00:00,60.382,60.458,59.846,60.302,394783.8,179369.1
2026-07-17 19:00:00+00:00,60.3,60.347,59.685,60.255,387636.66,166450.44
2026-07-17 20:00:00+00:00,60.255,60.31,59.457,59.725,296798.01,103957.67
2026-07-17 21:00:00+00:00,59.726,59.982,59.713,59.953,101476.5,56502.71
2026-07-17 22:00:00+00:00,59.952,60.182,59.659,59.796,164822.76,77354.88
2026-07-17 23:00:00+00:00,59.797,59.979,59.519,59.76,185600.3,92499.11
2026-07-18 00:00:00+00:00,59.76,60.1,59.649,59.742,161251.96,87264.02
2026-07-18 01:00:00+00:00,59.741,59.897,59.6,59.719,94150.41,53129.03
2026-07-18 02:00:00+00:00,59.72,59.99,59.486,59.499,146613.99,79099.96
2026-07-18 03:00:00+00:00,59.498,59.732,59.365,59.635,149511.66,84350.44
2026-07-18 04:00:00+00:00,59.636,59.652,59.2,59.275,159656.94,73148.25
2026-07-18 05:00:00+00:00,59.276,59.46,58.656,58.9,327687.51,131764.15
2026-07-18 06:00:00+00:00,58.899,59.275,58.522,58.928,329136.7,170118.78
2026-07-18 07:00:00+00:00,58.928,59.385,58.777,59.374,205793.32,115954.0
2026-07-18 08:00:00+00:00,59.373,59.525,58.68,58.769,362568.9,136515.06
2026-07-18 09:00:00+00:00,58.771,58.946,58.673,58.769,208646.82,94812.85
2026-07-18 10:00:00+00:00,58.768,59.158,58.756,59.12,150677.91,104106.54
2026-07-18 11:00:00+00:00,59.12,59.184,58.562,58.81,214192.69,103690.01
2026-07-18 12:00:00+00:00,58.809,59.17,58.543,58.848,299268.67,148318.39
2026-07-18 13:00:00+00:00,58.848,58.872,58.163,58.676,454153.78,189730.69
2026-07-18 14:00:00+00:00,58.677,59.693,58.615,59.433,419909.77,229656.33
2026-07-18 15:00:00+00:00,59.433,59.455,59.074,59.186,235476.13,97280.01
2026-07-18 16:00:00+00:00,59.185,59.636,59.102,59.511,195962.69,105706.75
2026-07-18 17:00:00+00:00,59.511,59.858,59.366,59.828,274847.51,144846.76
2026-07-18 18:00:00+00:00,59.83,60.195,59.522,59.902,309354.62,160046.79
2026-07-18 19:00:00+00:00,59.903,60.012,59.748,59.856,143362.45,61287.06
2026-07-18 20:00:00+00:00,59.857,60.188,59.758,59.979,147580.97,75491.62
2026-07-18 21:00:00+00:00,59.979,60.177,59.929,60.033,104329.13,47793.37
2026-07-18 22:00:00+00:00,60.033,60.604,59.934,60.491,294793.92,160882.5
2026-07-18 23:00:00+00:00,60.49,60.509,60.151,60.215,152636.07,65075.08
2026-07-19 00:00:00+00:00,60.215,60.55,60.204,60.403,133737.58,77606.8
2026-07-19 01:00:00+00:00,60.404,60.948,60.378,60.899,200370.24,111623.38
2026-07-19 02:00:00+00:00,60.899,61.105,60.66,60.829,242387.94,119356.03
2026-07-19 03:00:00+00:00,60.829,60.862,60.557,60.68,130321.57,60400.1
2026-07-19 04:00:00+00:00,60.679,60.973,60.611,60.836,140210.83,72213.58
2026-07-19 05:00:00+00:00,60.836,61.05,60.622,60.753,127899.45,58670.73
2026-07-19 06:00:00+00:00,60.753,60.891,60.586,60.825,109296.21,57415.42
2026-07-19 07:00:00+00:00,60.825,60.933,60.688,60.749,87642.69,45786.43
2026-07-19 08:00:00+00:00,60.749,61.377,60.694,61.281,348773.27,201291.42
2026-07-19 09:00:00+00:00,61.281,61.399,61.023,61.295,182453.86,84946.14
2026-07-19 10:00:00+00:00,61.295,61.311,60.871,60.98,144706.81,63295.62
2026-07-19 11:00:00+00:00,60.979,61.343,60.903,61.055,114105.22,57623.36
2026-07-19 12:00:00+00:00,61.055,61.109,60.615,60.983,250375.52,106883.97
2026-07-19 13:00:00+00:00,60.982,61.223,60.633,61.127,180853.75,87779.95
2026-07-19 14:00:00+00:00,61.127,61.341,60.829,60.982,199090.75,100423.3
2026-07-19 15:00:00+00:00,60.982,61.066,60.811,60.906,80409.66,42709.38
2026-07-19 16:00:00+00:00,60.903,60.935,60.641,60.709,104775.55,45488.32
2026-07-19 17:00:00+00:00,60.709,61.197,60.233,60.793,282009.62,121580.07
2026-07-19 18:00:00+00:00,60.792,60.833,60.436,60.631,171052.63,72761.1
2026-07-19 19:00:00+00:00,60.631,61.135,60.567,61.09,110606.12,58694.6
2026-07-19 20:00:00+00:00,61.089,61.482,60.898,61.327,162597.11,88678.07
2026-07-19 21:00:00+00:00,61.327,61.359,60.884,60.926,94210.84,41286.52
2026-07-19 22:00:00+00:00,60.926,61.351,60.804,60.994,159086.87,85465.12
2026-07-19 23:00:00+00:00,60.995,61.207,60.814,61.12,120847.12,69086.33
2026-07-20 00:00:00+00:00,61.121,61.627,60.479,60.685,462083.26,222072.54
2026-07-20 01:00:00+00:00,60.686,60.999,60.066,60.217,271355.2,130712.67
2026-07-20 02:00:00+00:00,60.218,60.598,60.167,60.529,214019.03,104172.77
2026-07-20 03:00:00+00:00,60.529,60.619,60.072,60.325,165654.42,69192.47
2026-07-20 04:00:00+00:00,60.321,60.504,59.805,60.099,277374.52,124171.63
2026-07-20 05:00:00+00:00,60.1,60.353,59.806,60.326,173421.22,82333.9
2026-07-20 06:00:00+00:00,60.326,60.426,59.976,60.207,184755.44,86087.09
2026-07-20 07:00:00+00:00,60.208,60.875,60.199,60.713,233010.83,128394.85
2026-07-20 08:00:00+00:00,60.714,60.945,60.431,60.624,182721.66,79278.06
2026-07-20 09:00:00+00:00,60.624,60.848,60.42,60.722,162424.39,74775.95
2026-07-20 10:00:00+00:00,60.723,60.927,60.654,60.724,102915.07,55809.33
2026-07-20 11:00:00+00:00,60.723,61.437,60.6,61.37,354975.47,201390.55
2026-07-20 12:00:00+00:00,61.369,61.395,60.909,61.302,272984.74,133362.77
2026-07-20 13:00:00+00:00,61.302,61.568,60.701,60.833,404705.76,176707.49
2026-07-20 14:00:00+00:00,60.833,61.191,60.42,60.892,339545.7,169714.28
2026-07-20 15:00:00+00:00,60.892,62.31,60.881,62.194,615205.6,337418.23
2026-07-20 16:00:00+00:00,62.193,62.545,62.034,62.317,565791.47,276447.02
2026-07-20 17:00:00+00:00,62.317,62.332,61.786,61.951,368901.7,170587.63
2026-07-20 18:00:00+00:00,61.951,62.445,61.942,62.227,265361.16,127910.87
2026-07-20 19:00:00+00:00,62.227,62.283,61.938,62.0,157078.74,68395.2
2026-07-20 20:00:00+00:00,61.997,62.74,61.939,62.678,173204.07,97776.68
2026-07-20 21:00:00+00:00,62.678,62.974,62.451,62.466,265873.66,115570.76
2026-07-20 22:00:00+00:00,62.466,62.741,62.222,62.236,234753.74,129049.23
2026-07-20 23:00:00+00:00,62.236,62.716,62.215,62.448,148329.45,79322.92
2026-07-21 00:00:00+00:00,62.448,62.805,62.26,62.476,174809.25,98786.77
2026-07-21 01:00:00+00:00,62.476,62.636,62.277,62.314,124332.9,58775.95
2026-07-21 02:00:00+00:00,62.314,62.557,62.25,62.481,121135.67,57525.08
2026-07-21 03:00:00+00:00,62.481,62.818,62.476,62.632,194020.5,78106.69
2026-07-21 04:00:00+00:00,62.633,62.973,62.56,62.857,141987.29,71373.99
2026-07-21 05:00:00+00:00,62.856,63.187,62.81,63.021,277651.63,148196.18
2026-07-21 06:00:00+00:00,63.02,63.263,62.872,63.119,251806.63,137575.45
2026-07-21 07:00:00+00:00,63.119,63.441,62.924,62.949,248581.91,126417.37
2026-07-21 08:00:00+00:00,62.949,63.056,62.732,62.977,307022.0,139099.73
2026-07-21 09:00:00+00:00,62.978,63.268,62.817,63.084,219077.4,109910.2
2026-07-21 10:00:00+00:00,63.083,63.202,62.565,62.713,195449.08,63086.55
2026-07-21 11:00:00+00:00,62.712,62.93,62.514,62.843,150455.43,75280.95
2026-07-21 12:00:00+00:00,62.842,62.892,62.491,62.753,202266.26,89263.16
2026-07-21 13:00:00+00:00,62.754,62.865,62.111,62.566,436432.84,221628.18
2026-07-21 14:00:00+00:00,62.566,62.648,61.858,61.915,397301.61,187997.63
2026-07-21 15:00:00+00:00,61.916,62.098,61.53,61.796,389072.13,183254.72
2026-07-21 16:00:00+00:00,61.795,61.95,61.386,61.89,267253.32,130927.63
2026-07-21 17:00:00+00:00,61.89,61.94,60.173,60.488,855079.06,350825.34
2026-07-21 18:00:00+00:00,60.488,60.674,60.291,60.486,284518.42,136409.41
2026-07-21 19:00:00+00:00,60.487,60.746,59.879,60.286,590897.48,281326.94
2026-07-21 20:00:00+00:00,60.286,60.474,59.806,60.413,344214.09,168761.76
2026-07-21 21:00:00+00:00,60.413,60.947,60.315,60.727,260593.72,134280.4
2026-07-21 22:00:00+00:00,60.727,60.889,60.633,60.772,129814.75,58206.08
2026-07-21 23:00:00+00:00,60.774,60.865,60.54,60.852,172537.21,109786.17
2026-07-22 00:00:00+00:00,60.853,61.188,60.745,61.142,273259.25,131088.84
2026-07-22 01:00:00+00:00,61.142,61.18,60.75,60.791,236542.65,121676.14
2026-07-22 02:00:00+00:00,60.792,60.918,60.652,60.705,127033.17,65810.72
2026-07-22 03:00:00+00:00,60.704,60.855,60.086,60.119,350842.56,156932.54
2026-07-22 04:00:00+00:00,60.118,60.584,59.968,60.284,332382.64,138285.18
2026-07-22 05:00:00+00:00,60.284,60.301,58.607,59.051,1170343.55,461627.06
2026-07-22 06:00:00+00:00,59.052,59.079,57.93,58.713,1439110.06,597720.6
2026-07-22 07:00:00+00:00,58.713,58.713,58.2,58.528,430700.49,225553.85
2026-07-22 08:00:00+00:00,58.529,58.935,58.489,58.801,348304.17,207703.81
2026-07-22 09:00:00+00:00,58.801,58.962,58.585,58.95,230173.32,121871.54
2026-07-22 10:00:00+00:00,58.949,59.196,58.871,59.051,262984.78,132254.78
2026-07-22 11:00:00+00:00,59.053,59.219,58.46,58.656,344039.29,158519.08
2026-07-22 12:00:00+00:00,58.656,58.676,58.218,58.441,399656.44,211312.32
2026-07-22 13:00:00+00:00,58.442,58.943,58.111,58.661,592953.56,288805.36
2026-07-22 14:00:00+00:00,58.661,59.141,58.255,58.482,642082.89,300722.89
2026-07-22 15:00:00+00:00,58.481,58.836,57.999,58.068,557232.56,257598.43
2026-07-22 16:00:00+00:00,58.068,58.286,57.365,58.216,1156883.84,573617.49
2026-07-22 17:00:00+00:00,58.215,59.588,57.772,59.004,1475269.15,742130.67
2026-07-22 18:00:00+00:00,59.004,59.72,58.659,59.529,586981.61,273244.93
2026-07-22 19:00:00+00:00,59.529,59.928,59.069,59.167,529930.29,254211.32
2026-07-22 20:00:00+00:00,59.17,60.067,59.096,59.282,357615.69,184483.6
2026-07-22 21:00:00+00:00,59.281,59.5,59.011,59.174,177341.29,87594.86
2026-07-22 22:00:00+00:00,59.174,59.308,58.748,59.201,323922.75,164962.79
2026-07-22 23:00:00+00:00,59.201,59.427,58.838,59.357,254431.16,132353.33
2026-07-23 00:00:00+00:00,59.358,59.775,59.308,59.359,225765.92,125844.7
2026-07-23 01:00:00+00:00,59.358,59.41,58.865,58.961,278572.71,129539.0
2026-07-23 02:00:00+00:00,58.96,58.991,58.438,58.942,339630.37,178356.37
2026-07-23 03:00:00+00:00,58.943,59.163,58.73,59.052,214730.59,100764.11
2026-07-23 04:00:00+00:00,59.051,59.533,58.973,59.105,312350.41,166673.61
2026-07-23 05:00:00+00:00,59.105,59.365,58.797,58.846,192030.98,91156.97
2026-07-23 06:00:00+00:00,58.846,59.165,58.666,59.07,208115.75,114615.04
2026-07-23 07:00:00+00:00,59.069,59.071,58.266,58.611,325693.81,148296.28
2026-07-23 08:00:00+00:00,58.61,59.056,58.602,59.043,179842.45,92746.49
2026-07-23 09:00:00+00:00,59.043,59.226,58.936,59.149,171526.66,78636.28
2026-07-23 10:00:00+00:00,59.15,59.314,59.042,59.115,167787.22,81885.39
2026-07-23 11:00:00+00:00,59.116,59.49,58.955,59.264,201947.56,104479.75
2026-07-23 12:00:00+00:00,59.264,59.568,58.809,59.311,482349.59,254461.87
2026-07-23 13:00:00+00:00,59.311,60.034,59.108,59.114,710770.57,398844.34
2026-07-23 14:00:00+00:00,59.115,59.987,58.909,59.862,586100.84,295360.54
2026-07-23 15:00:00+00:00,59.862,59.905,59.371,59.512,317382.05,157064.86
2026-07-23 16:00:00+00:00,59.513,59.526,58.475,58.743,539680.78,246313.75
2026-07-23 17:00:00+00:00,58.743,58.842,58.154,58.262,329128.28,161850.02
2026-07-23 18:00:00+00:00,58.261,58.782,57.688,58.386,591706.53,250110.02
2026-07-23 19:00:00+00:00,58.386,58.669,57.6,57.943,353021.29,173213.5
2026-07-23 20:00:00+00:00,57.942,58.433,57.914,58.087,238119.05,112420.46
2026-07-23 21:00:00+00:00,58.087,58.468,57.417,57.655,328599.53,131371.64
2026-07-23 22:00:00+00:00,57.656,57.667,57.113,57.557,443910.08,195062.94
2026-07-23 23:00:00+00:00,57.557,57.985,57.447,57.459,223608.29,106228.83
2026-07-24 00:00:00+00:00,57.46,57.563,57.172,57.444,325158.09,141655.53
2026-07-24 01:00:00+00:00,57.448,58.199,57.421,58.0,279160.56,154419.57
2026-07-24 02:00:00+00:00,57.999,58.125,57.557,57.738,235974.31,105587.32
2026-07-24 03:00:00+00:00,57.738,58.369,57.559,58.187,273709.15,159500.67
2026-07-24 04:00:00+00:00,58.187,58.539,58.167,58.395,177667.04,91123.51
2026-07-24 05:00:00+00:00,58.395,58.545,58.318,58.416,149256.46,67630.26
2026-07-24 06:00:00+00:00,58.415,58.99,58.415,58.756,433476.8,276993.95
2026-07-24 07:00:00+00:00,58.755,59.042,58.522,58.666,445969.57,215988.62
2026-07-24 08:00:00+00:00,58.666,59.05,58.656,58.772,206893.05,107177.03
2026-07-24 09:00:00+00:00,58.772,59.1,58.501,58.841,403427.41,260528.46
2026-07-24 10:00:00+00:00,58.84,58.847,58.256,58.448,206700.75,94143.29
2026-07-24 11:00:00+00:00,58.448,58.615,58.255,58.541,167951.84,84544.8
2026-07-24 12:00:00+00:00,58.54,58.597,58.222,58.356,194614.54,108339.4
2026-07-24 13:00:00+00:00,58.356,58.589,57.959,58.392,463916.91,213819.38
2026-07-24 14:00:00+00:00,58.393,58.989,57.89,58.9,447584.01,240188.94
2026-07-24 15:00:00+00:00,58.9,59.391,58.575,58.785,494544.06,271681.14
2026-07-24 16:00:00+00:00,58.785,59.138,58.638,58.717,207344.8,116167.76
2026-07-24 17:00:00+00:00,58.716,59.1,58.603,58.976,163314.41,97064.11
2026-07-24 18:00:00+00:00,58.976,58.984,58.169,58.606,245339.82,108819.82
2026-07-24 19:00:00+00:00,58.606,58.681,58.06,58.142,171085.77,82519.16
2026-07-24 20:00:00+00:00,58.143,58.304,57.914,58.031,166856.7,91072.81
2026-07-24 21:00:00+00:00,58.031,58.043,56.602,56.718,757023.44,275178.67
2026-07-24 22:00:00+00:00,56.718,57.419,56.459,57.207,523916.18,299617.8
2026-07-24 23:00:00+00:00,57.206,57.546,57.194,57.416,137341.52,79032.62
2026-07-25 00:00:00+00:00,57.416,57.565,57.255,57.367,137247.9,65758.41
2026-07-25 01:00:00+00:00,57.368,57.737,57.038,57.442,285146.89,142555.65
2026-07-25 02:00:00+00:00,57.442,57.533,57.137,57.231,142470.5,73562.39
2026-07-25 03:00:00+00:00,57.231,57.538,57.231,57.41,103710.75,46206.89
2026-07-25 04:00:00+00:00,57.409,57.477,57.31,57.421,72595.58,36995.89
2026-07-25 05:00:00+00:00,57.42,57.512,57.158,57.234,78773.75,37266.63
2026-07-25 06:00:00+00:00,57.235,57.297,57.08,57.288,95840.28,49264.24
2026-07-25 07:00:00+00:00,57.287,57.375,57.083,57.161,85223.93,40439.2
2026-07-25 08:00:00+00:00,57.161,57.304,56.934,57.079,132100.18,51803.97
2026-07-25 09:00:00+00:00,57.079,57.991,56.959,57.771,395539.17,241462.14
2026-07-25 10:00:00+00:00,57.772,57.823,57.457,57.566,122232.54,52766.12
2026-07-25 11:00:00+00:00,57.567,57.73,57.369,57.713,111853.22,62811.26
2026-07-25 12:00:00+00:00,57.713,57.727,57.4,57.554,85375.75,40740.56
2026-07-25 13:00:00+00:00,57.554,57.803,57.273,57.344,142026.46,69526.91
2026-07-25 14:00:00+00:00,57.344,57.545,57.202,57.485,137716.15,81863.83
2026-07-25 15:00:00+00:00,57.482,57.99,57.466,57.741,185972.44,83263.36
2026-07-25 16:00:00+00:00,57.742,57.93,57.631,57.9,91320.29,47313.48
2026-07-25 17:00:00+00:00,57.899,58.53,57.805,58.251,273197.17,140599.08
2026-07-25 18:00:00+00:00,58.251,58.5,58.251,58.352,102459.34,49913.28
2026-07-25 19:00:00+00:00,58.353,58.465,57.923,58.061,135491.46,64760.27
2026-07-25 20:00:00+00:00,58.06,58.247,57.826,58.108,343059.22,168976.59
2026-07-25 21:00:00+00:00,58.108,58.145,57.875,58.097,114017.88,40572.75
2026-07-25 22:00:00+00:00,58.097,58.172,57.968,58.145,59269.79,33216.91
2026-07-25 23:00:00+00:00,58.146,58.285,58.011,58.104,84204.55,47810.51
2026-07-26 00:00:00+00:00,58.103,58.385,58.052,58.264,115733.37,62821.15
2026-07-26 01:00:00+00:00,58.265,58.42,58.167,58.37,79667.89,47398.65
2026-07-26 02:00:00+00:00,58.37,58.595,58.264,58.539,211447.75,99690.66
2026-07-26 03:00:00+00:00,58.539,58.653,58.428,58.576,132707.37,71761.7
2026-07-26 04:00:00+00:00,58.576,58.7,58.438,58.534,165693.45,82274.24
2026-07-26 05:00:00+00:00,58.534,58.708,58.377,58.659,102467.85,46009.62
2026-07-26 06:00:00+00:00,58.659,58.823,58.319,58.615,172772.51,83077.74
2026-07-26 07:00:00+00:00,58.614,58.785,58.555,58.59,74653.35,32718.98
2026-07-26 08:00:00+00:00,58.589,58.59,58.359,58.502,125497.58,62041.48
2026-07-26 09:00:00+00:00,58.503,58.748,58.503,58.674,65204.75,33899.21
2026-07-26 10:00:00+00:00,58.675,58.911,58.64,58.755,93610.5,50043.2
2026-07-26 11:00:00+00:00,58.754,58.867,58.552,58.604,78727.18,34735.83
2026-07-26 12:00:00+00:00,58.604,58.787,58.541,58.667,115541.33,57298.51
2026-07-26 13:00:00+00:00,58.667,58.726,58.468,58.587,96806.71,47818.01
2026-07-26 14:00:00+00:00,58.588,58.969,58.526,58.735,233631.49,113190.07
2026-07-26 15:00:00+00:00,58.734,59.15,58.684,58.995,222154.87,114954.25
2026-07-26 16:00:00+00:00,58.996,59.59,58.891,59.422,285376.45,162878.68
2026-07-26 17:00:00+00:00,59.421,59.544,59.064,59.176,123718.85,49617.2
2026-07-26 18:00:00+00:00,59.177,59.201,58.95,59.018,90371.08,36828.38
2026-07-26 19:00:00+00:00,59.018,59.05,58.767,58.997,86006.04,37768.8
2026-07-26 20:00:00+00:00,58.998,59.023,58.786,58.884,73719.44,31059.11
2026-07-26 21:00:00+00:00,58.883,59.235,58.86,59.116,93692.33,50310.0
2026-07-26 22:00:00+00:00,59.117,59.76,59.117,59.745,301686.75,166604.42
2026-07-26 23:00:00+00:00,59.746,59.888,59.53,59.62,190963.76,98127.1
2026-07-27 00:00:00+00:00,59.621,59.683,59.206,59.33,231094.33,95867.81
2026-07-27 01:00:00+00:00,59.325,59.624,59.094,59.499,208000.58,94850.8
2026-07-27 02:00:00+00:00,59.499,59.735,59.388,59.582,92152.91,47714.96
2026-07-27 03:00:00+00:00,59.582,59.945,59.461,59.906,124000.48,69314.08
2026-07-27 04:00:00+00:00,59.907,60.471,59.831,60.197,387244.25,221787.68
2026-07-27 05:00:00+00:00,60.197,60.454,60.051,60.121,170010.09,73800.51
2026-07-27 06:00:00+00:00,60.122,60.367,60.004,60.096,207440.75,93315.37
2026-07-27 07:00:00+00:00,60.096,60.15,59.841,59.958,164947.83,66183.13
2026-07-27 08:00:00+00:00,59.961,60.311,59.716,60.146,165179.25,75619.48
2026-07-27 09:00:00+00:00,60.144,60.266,59.937,60.052,118479.5,48880.81
2026-07-27 10:00:00+00:00,60.051,60.394,59.963,60.37,108708.36,60941.96
2026-07-27 11:00:00+00:00,60.371,60.39,59.79,59.808,195072.7,84315.54
2026-07-27 12:00:00+00:00,59.808,60.074,59.433,59.788,233575.0,109885.08
2026-07-27 13:00:00+00:00,59.788,59.999,59.267,59.526,371350.17,171210.26
2026-07-27 14:00:00+00:00,59.526,59.553,57.528,58.183,1139055.72,502621.13
2026-07-27 15:00:00+00:00,58.182,58.407,57.338,57.437,703849.61,281048.99
2026-07-27 16:00:00+00:00,57.437,57.924,57.211,57.583,396897.39,240162.04
2026-07-27 17:00:00+00:00,57.583,57.857,57.103,57.24,315051.39,129166.97
2026-07-27 18:00:00+00:00,57.24,57.259,56.28,56.693,673357.45,291433.79
2026-07-27 19:00:00+00:00,56.693,57.349,56.566,57.27,367390.83,218597.78
2026-07-27 20:00:00+00:00,57.271,57.286,56.906,57.217,156678.12,73463.02
2026-07-27 21:00:00+00:00,57.217,57.242,56.666,56.691,95036.26,37556.11
2026-07-27 22:00:00+00:00,56.691,56.709,55.935,56.173,459404.59,175328.56
2026-07-27 23:00:00+00:00,56.173,56.498,55.701,56.085,590928.15,291103.26
2026-07-28 00:00:00+00:00,56.086,56.264,55.886,56.193,266877.93,132803.56
2026-07-28 01:00:00+00:00,56.193,56.43,55.612,56.267,390687.16,194657.27
2026-07-28 02:00:00+00:00,56.267,56.424,55.601,55.813,328823.95,120944.04
2026-07-28 03:00:00+00:00,55.814,56.211,55.766,56.183,163038.44,87594.95
2026-07-28 04:00:00+00:00,56.183,56.339,56.031,56.207,135478.63,66228.97
2026-07-28 05:00:00+00:00,56.208,56.4,55.175,55.197,505184.44,175249.23
2026-07-28 06:00:00+00:00,55.202,55.633,54.677,55.502,757006.85,367909.84
2026-07-28 07:00:00+00:00,55.501,55.537,55.016,55.351,226196.18,115320.01
2026-07-28 08:00:00+00:00,55.351,55.429,55.11,55.252,169708.4,92652.51
2026-07-28 09:00:00+00:00,55.252,55.333,54.927,55.05,163907.99,75511.27
2026-07-28 10:00:00+00:00,55.049,55.137,54.66,54.673,236461.86,105564.74
2026-07-28 11:00:00+00:00,54.673,54.787,54.321,54.375,472749.02,237403.27
2026-07-28 12:00:00+00:00,54.375,54.591,54.301,54.323,274658.58,147096.26
2026-07-28 13:00:00+00:00,54.323,54.393,54.0,54.27,456179.9,208930.89
2026-07-28 14:00:00+00:00,54.27,55.296,54.112,54.867,565189.89,296763.77
2026-07-28 15:00:00+00:00,54.866,55.61,54.644,55.302,661690.55,330354.81
2026-07-28 16:00:00+00:00,55.302,55.859,55.215,55.68,324787.86,159211.14
2026-07-28 17:00:00+00:00,55.681,55.794,54.636,54.851,449409.18,189831.85
2026-07-28 18:00:00+00:00,54.851,55.133,54.688,55.1,253632.07,129378.74
2026-07-28 19:00:00+00:00,55.099,55.63,55.001,55.406,366431.69,228414.27
2026-07-28 20:00:00+00:00,55.409,55.597,55.262,55.454,180719.45,77808.28
2026-07-28 21:00:00+00:00,55.454,55.745,55.206,55.685,159806.63,81483.73
2026-07-28 22:00:00+00:00,55.686,55.765,54.814,54.873,212145.22,86073.37
2026-07-28 23:00:00+00:00,54.874,55.19,54.506,55.179,329994.39,177083.89
2026-07-29 00:00:00+00:00,55.178,55.384,54.96,54.992,281601.61,160865.21
2026-07-29 01:00:00+00:00,54.992,55.122,54.36,54.399,208529.54,74386.86
2026-07-29 02:00:00+00:00,54.399,54.905,54.324,54.616,248672.94,133909.18
2026-07-29 03:00:00+00:00,54.615,54.72,54.223,54.346,187685.98,78752.77
2026-07-29 04:00:00+00:00,54.346,54.46,54.052,54.403,342908.66,184569.63
2026-07-29 05:00:00+00:00,54.404,55.071,54.364,55.019,202415.96,110845.61
2026-07-29 06:00:00+00:00,55.015,55.587,54.808,55.416,264704.31,129891.05
2026-07-29 07:00:00+00:00,55.416,55.478,55.199,55.439,175478.72,85018.58
2026-07-29 08:00:00+00:00,55.439,55.45,54.642,54.807,273315.77,125917.81
2026-07-29 09:00:00+00:00,54.807,55.251,54.752,55.193,200131.36,113638.51
2026-07-29 10:00:00+00:00,55.192,55.215,54.668,54.774,137651.13,57898.53
2026-07-29 11:00:00+00:00,54.774,54.955,54.531,54.919,186500.57,99992.69
2026-07-29 12:00:00+00:00,54.92,55.062,54.565,55.043,193074.71,87920.21
2026-07-29 13:00:00+00:00,55.043,55.483,54.835,55.331,410735.4,185170.75
2026-07-29 14:00:00+00:00,55.331,55.521,54.767,54.957,243133.76,122438.41
2026-07-29 15:00:00+00:00,54.957,55.172,54.599,54.771,247879.41,115517.92
2026-07-29 16:00:00+00:00,54.771,54.848,54.3,54.816,312146.59,153264.5
2026-07-29 17:00:00+00:00,54.816,55.037,54.602,54.998,221488.88,110894.68
2026-07-29 18:00:00+00:00,54.996,55.532,54.52,55.257,496833.72,247474.51
2026-07-29 19:00:00+00:00,55.258,55.477,53.101,53.127,1232272.8,515208.31
2026-07-29 20:00:00+00:00,53.13,53.829,53.085,53.559,471741.62,236972.37
2026-07-29 21:00:00+00:00,53.56,53.614,53.105,53.546,315691.15,154769.25
2026-07-29 22:00:00+00:00,53.546,53.839,53.496,53.837,218536.94,117428.76
2026-07-29 23:00:00+00:00,53.836,54.145,53.76,53.919,295324.7,178778.29
2026-07-30 00:00:00+00:00,53.918,54.328,53.763,53.982,213600.88,112486.43
2026-07-30 01:00:00+00:00,53.983,54.381,53.858,54.177,184805.62,92083.12
2026-07-30 02:00:00+00:00,54.178,54.27,53.855,53.867,140838.47,59951.8
2026-07-30 03:00:00+00:00,53.867,54.166,53.818,54.082,135390.19,80846.22
2026-07-30 04:00:00+00:00,54.082,54.13,53.447,53.65,262555.01,101488.99
2026-07-30 05:00:00+00:00,53.65,53.854,53.571,53.841,141353.49,80106.23
2026-07-30 06:00:00+00:00,53.841,53.929,53.706,53.733,132005.86,74573.23
2026-07-30 07:00:00+00:00,53.733,53.95,53.617,53.698,110800.49,55928.22
2026-07-30 08:00:00+00:00,53.699,54.094,53.61,53.974,128731.08,75252.23
2026-07-30 09:00:00+00:00,53.975,54.15,53.881,54.025,92840.01,47806.68
2026-07-30 10:00:00+00:00,54.025,54.165,53.475,53.476,165649.81,71100.61
2026-07-30 11:00:00+00:00,53.476,53.547,52.8,53.178,553702.94,254719.25
2026-07-30 12:00:00+00:00,53.179,53.607,52.939,53.25,557063.82,245194.12
2026-07-30 13:00:00+00:00,53.251,53.76,52.843,53.687,509242.16,287811.19
2026-07-30 14:00:00+00:00,53.687,54.06,53.44,53.747,423965.92,185795.43
2026-07-30 15:00:00+00:00,53.748,54.618,53.67,54.452,501654.67,292123.98
2026-07-30 16:00:00+00:00,54.451,54.9,54.38,54.855,460008.14,218408.79
2026-07-30 17:00:00+00:00,54.856,55.202,54.6,54.814,278238.59,123713.13
2026-07-30 18:00:00+00:00,54.815,55.06,54.656,54.949,204618.46,105688.02
2026-07-30 19:00:00+00:00,54.949,55.436,54.949,55.399,280953.72,163581.54
2026-07-30 20:00:00+00:00,55.399,55.5,54.924,55.028,307449.54,133332.56
2026-07-30 21:00:00+00:00,55.028,55.752,55.02,55.651,263863.13,141559.48
2026-07-30 22:00:00+00:00,55.651,56.127,55.55,55.99,306860.94,163968.48
2026-07-30 23:00:00+00:00,55.99,56.019,55.624,55.84,242298.37,108131.95
2026-07-31 00:00:00+00:00,55.84,56.095,55.611,55.621,384252.21,194985.75
2026-07-31 01:00:00+00:00,55.618,56.139,55.486,55.593,403779.66,177615.99
2026-07-31 02:00:00+00:00,55.593,55.765,54.962,55.108,341770.18,144878.18
2026-07-31 03:00:00+00:00,55.108,55.246,54.77,55.048,209595.6,110241.27
2026-07-31 04:00:00+00:00,55.048,55.221,54.825,55.112,189053.95,104748.87
2026-07-31 05:00:00+00:00,55.112,55.584,54.977,55.235,187521.83,95632.07
2026-07-31 06:00:00+00:00,55.235,55.672,55.209,55.602,214671.72,128793.15
2026-07-31 07:00:00+00:00,55.602,55.602,54.458,54.569,368855.98,149424.6
2026-07-31 08:00:00+00:00,54.567,55.0,54.514,54.855,243556.24,125291.59
2026-07-31 09:00:00+00:00,54.857,54.977,54.133,54.27,371819.52,152894.43
2026-07-31 10:00:00+00:00,54.27,54.82,54.122,54.763,190797.75,119453.57
2026-07-31 11:00:00+00:00,54.764,54.943,54.56,54.943,129952.87,68561.47
2026-07-31 12:00:00+00:00,54.944,55.43,54.781,55.329,267948.44,148572.9
2026-07-31 13:00:00+00:00,55.33,55.533,54.635,54.932,492173.38,254143.69
2026-07-31 14:00:00+00:00,54.932,55.445,54.3,54.529,626885.63,283868.08
2026-07-31 15:00:00+00:00,54.53,54.631,54.026,54.294,373329.78,203434.97
2026-07-31 16:00:00+00:00,54.295,54.552,53.154,53.418,868546.26,453618.03
2026-07-31 17:00:00+00:00,53.417,53.747,53.331,53.643,356052.05,238377.4
2026-07-31 18:00:00+00:00,53.643,53.694,52.904,53.085,506897.58,182284.94
2026-07-31 19:00:00+00:00,53.085,53.161,52.161,52.354,903123.55,378348.07
2026-07-31 20:00:00+00:00,52.355,53.014,51.823,52.767,725230.64,363723.58
2026-07-31 21:00:00+00:00,52.767,52.933,52.047,52.276,372186.21,156831.48
2026-07-31 22:00:00+00:00,52.277,52.719,52.24,52.495,202356.02,114385.89
2026-07-31 23:00:00+00:00,52.495,52.716,52.449,52.558,136865.48,62494.74
2026-08-01 00:00:00+00:00,52.559,52.708,52.31,52.489,173041.41,94599.81
2026-08-01 01:00:00+00:00,52.49,52.711,52.48,52.582,109141.33,56565.64
2026-08-01 02:00:00+00:00,52.582,52.627,52.262,52.274,190876.82,85591.86
2026-08-01 03:00:00+00:00,52.274,52.356,52.107,52.319,179382.33,88988.09
2026-08-01 04:00:00+00:00,52.319,52.439,52.241,52.298,107117.42,58379.43
2026-08-01 05:00:00+00:00,52.298,52.386,51.45,51.709,562178.17,226841.85
2026-08-01 06:00:00+00:00,51.709,52.057,51.618,51.883,233083.46,131241.43
2026-08-01 07:00:00+00:00,51.883,52.074,51.641,51.89,181128.39,93046.21
2026-08-01 08:00:00+00:00,51.891,52.517,51.863,52.21,278127.14,142079.51
2026-08-01 09:00:00+00:00,52.211,52.363,52.05,52.091,151643.39,66706.53
2026-08-01 10:00:00+00:00,52.092,52.272,52.014,52.097,139647.74,78408.66
2026-08-01 11:00:00+00:00,52.096,52.166,51.857,52.163,185074.63,82626.46
2026-08-01 12:00:00+00:00,52.163,52.411,52.076,52.153,237946.04,114683.84
2026-08-01 13:00:00+00:00,52.152,52.698,52.098,52.249,247811.79,138930.6
2026-08-01 14:00:00+00:00,52.246,52.484,52.162,52.346,131157.12,66785.13
2026-08-01 15:00:00+00:00,52.347,52.631,52.229,52.439,318389.5,180756.08
2026-08-01 16:00:00+00:00,52.439,52.651,52.328,52.518,133982.23,60929.3
2026-08-01 17:00:00+00:00,52.519,52.632,52.044,52.162,233201.74,99023.16
2026-08-01 18:00:00+00:00,52.162,52.19,51.63,52.158,509275.88,229958.93
2026-08-01 19:00:00+00:00,52.159,52.203,51.853,52.069,167245.28,79682.46
2026-08-01 20:00:00+00:00,52.069,52.187,51.895,52.05,155754.57,82806.31
2026-08-01 21:00:00+00:00,52.05,52.322,52.05,52.186,136561.05,77757.39
2026-08-01 22:00:00+00:00,52.186,52.266,52.08,52.104,61440.01,30989.6
2026-08-01 23:00:00+00:00,52.103,52.212,52.067,52.201,60212.72,31367.98
2026-08-02 00:00:00+00:00,52.201,52.567,52.201,52.41,298098.11,190136.75
2026-08-02 01:00:00+00:00,52.41,52.676,52.373,52.418,220510.55,91947.13
2026-08-02 02:00:00+00:00,52.418,53.061,52.286,52.944,382980.17,218943.56
2026-08-02 03:00:00+00:00,52.943,53.063,52.732,52.792,183717.25,103252.66
2026-08-02 04:00:00+00:00,52.79,52.908,52.57,52.618,161119.48,84072.54
2026-08-02 05:00:00+00:00,52.618,52.721,52.47,52.505,113056.9,56188.9
2026-08-02 06:00:00+00:00,52.503,52.506,52.163,52.237,181175.81,92659.0
2026-08-02 07:00:00+00:00,52.238,52.326,51.872,51.925,195562.07,89357.65
2026-08-02 08:00:00+00:00,51.928,52.184,51.755,52.065,233384.3,125564.83
2026-08-02 09:00:00+00:00,52.066,52.106,51.822,51.844,164535.29,86013.4
2026-08-02 10:00:00+00:00,51.844,51.908,51.107,51.498,666161.17,279423.16
2026-08-02 11:00:00+00:00,51.498,51.606,51.219,51.315,218439.15,106597.69
2026-08-02 12:00:00+00:00,51.315,51.684,51.156,51.507,282515.92,153908.56
2026-08-02 13:00:00+00:00,51.506,51.73,51.481,51.623,179198.02,87254.74
2026-08-02 14:00:00+00:00,51.622,51.622,51.324,51.436,154245.58,86885.19
2026-08-02 15:00:00+00:00,51.436,51.655,51.306,51.39,137163.87,72308.58
2026-08-02 16:00:00+00:00,51.387,52.486,51.303,52.19,412250.58,248897.52
2026-08-02 17:00:00+00:00,52.191,52.343,51.956,52.238,228361.04,121589.66
2026-08-02 18:00:00+00:00,52.237,52.78,52.237,52.563,234136.85,111029.71
2026-08-02 19:00:00+00:00,52.564,52.882,52.381,52.729,339133.0,172682.76
2026-08-02 20:00:00+00:00,52.729,52.783,52.408,52.593,184002.41,89629.65
2026-08-02 21:00:00+00:00,52.593,53.044,52.455,52.821,254411.35,128494.27
2026-08-02 22:00:00+00:00,52.822,53.008,52.506,52.594,223770.33,89526.44
2026-08-02 23:00:00+00:00,52.593,52.735,52.476,52.595,136308.6,77989.03
2026-08-03 00:00:00+00:00,52.594,52.745,52.331,52.679,220068.09,109146.42
2026-08-03 01:00:00+00:00,52.678,52.686,52.282,52.566,187703.85,73242.17
2026-08-03 02:00:00+00:00,52.56,52.623,52.203,52.37,203224.37,80968.4
2026-08-03 03:00:00+00:00,52.37,52.461,52.011,52.243,192648.25,87612.84
2026-08-03 04:00:00+00:00,52.243,52.744,52.112,52.294,269234.0,133319.46
2026-08-03 05:00:00+00:00,52.295,52.845,52.192,52.826,146706.52,84950.94
2026-08-03 06:00:00+00:00,52.827,52.866,51.908,52.252,332375.04,123999.31
2026-08-03 07:00:00+00:00,52.252,52.557,52.221,52.377,162983.41,85655.41
2026-08-03 08:00:00+00:00,52.377,52.51,51.986,52.483,271026.76,132666.51
2026-08-03 09:00:00+00:00,52.483,52.923,52.419,52.8,293963.45,155676.48
2026-08-03 10:00:00+00:00,52.801,52.887,52.607,52.802,168344.96,82736.73
2026-08-03 11:00:00+00:00,52.801,53.247,52.622,52.75,443564.04,217992.57
2026-08-03 12:00:00+00:00,52.75,52.998,52.629,52.845,215639.67,117741.69
2026-08-03 13:00:00+00:00,52.844,53.742,52.771,53.719,625510.91,356948.78
2026-08-03 14:00:00+00:00,53.718,54.271,53.344,54.178,793216.43,404974.43
2026-08-03 15:00:00+00:00,54.178,54.448,53.862,54.33,449400.34,190704.39
2026-08-03 16:00:00+00:00,54.333,54.87,54.332,54.604,484501.56,240622.69
2026-08-03 17:00:00+00:00,54.604,54.831,54.362,54.64,271869.43,139182.82
2026-08-03 18:00:00+00:00,54.639,54.819,54.238,54.244,265910.42,115214.41
2026-08-03 19:00:00+00:00,54.245,54.606,54.062,54.51,235966.65,126042.16
2026-08-03 20:00:00+00:00,54.509,54.754,54.233,54.233,174785.94,71150.49
2026-08-03 21:00:00+00:00,54.233,54.4,53.843,53.946,172702.63,80355.77
2026-08-03 22:00:00+00:00,53.948,54.06,53.769,54.034,128978.87,65005.4
2026-08-03 23:00:00+00:00,54.034,54.073,53.854,53.999,124699.41,61433.83
2026-08-04 00:00:00+00:00,53.999,53.999,53.565,53.585,205805.88,89049.05
2026-08-04 01:00:00+00:00,53.585,54.368,53.554,54.298,226995.01,128148.21
2026-08-04 02:00:00+00:00,54.298,54.531,54.2,54.3,284166.98,141351.56
2026-08-04 03:00:00+00:00,54.3,54.378,54.056,54.158,131628.5,59467.02
2026-08-04 04:00:00+00:00,54.159,54.615,54.159,54.538,171945.9,88173.86
2026-08-04 05:00:00+00:00,54.538,54.585,54.36,54.441,99101.67,47486.53
2026-08-04 06:00:00+00:00,54.441,54.498,54.113,54.305,158543.33,75652.46
2026-08-04 07:00:00+00:00,54.305,54.961,54.286,54.774,296752.94,167487.83
2026-08-04 08:00:00+00:00,54.774,55.05,54.546,54.781,240040.03,119454.09
2026-08-04 09:00:00+00:00,54.781,54.813,54.5,54.79,216996.78,87449.67
2026-08-04 10:00:00+00:00,54.79,55.299,54.694,55.239,387926.91,191929.3
2026-08-04 11:00:00+00:00,55.239,55.558,55.163,55.532,299349.52,171733.56
2026-08-04 12:00:00+00:00,55.532,55.785,55.378,55.671,327858.96,169060.01
2026-08-04 13:00:00+00:00,55.672,55.87,55.179,55.261,465799.59,208889.48
2026-08-04 14:00:00+00:00,55.261,55.523,55.031,55.43,348634.97,177357.35
2026-08-04 15:00:00+00:00,55.431,55.599,55.034,55.438,322431.88,160472.65
2026-08-04 16:00:00+00:00,55.438,55.505,55.216,55.294,266841.54,128775.8
2026-08-04 17:00:00+00:00,55.295,55.784,55.27,55.59,211435.19,112636.5
2026-08-04 18:00:00+00:00,55.59,55.827,55.283,55.345,221275.47,91846.15
2026-08-04 19:00:00+00:00,55.345,55.637,55.237,55.584,176391.33,91600.35
2026-08-04 20:00:00+00:00,55.583,55.78,55.317,55.46,201764.97,100330.79
2026-08-04 21:00:00+00:00,55.46,55.504,55.08,55.259,148071.04,78812.82
2026-08-04 22:00:00+00:00,55.257,55.316,55.081,55.172,112982.65,64213.65
2026-08-04 23:00:00+00:00,55.172,55.382,55.031,55.06,118836.88,54591.7
2026-08-05 00:00:00+00:00,55.059,55.133,54.724,54.767,253680.38,106976.36
2026-08-05 01:00:00+00:00,54.768,55.459,54.671,55.341,329622.11,206754.51
2026-08-05 02:00:00+00:00,55.341,56.497,55.313,56.421,722577.81,473571.92
2026-08-05 03:00:00+00:00,56.42,56.628,55.699,56.018,392702.37,180849.4
2026-08-05 04:00:00+00:00,56.018,56.367,55.958,56.262,204117.19,116168.39
2026-08-05 05:00:00+00:00,56.262,56.982,56.241,56.925,342667.31,181269.61
2026-08-05 06:00:00+00:00,56.928,57.334,56.747,57.064,339314.76,183755.21
2026-08-05 07:00:00+00:00,57.066,57.287,56.567,57.112,426675.66,188277.32
2026-08-05 08:00:00+00:00,57.112,57.928,57.059,57.615,623683.42,345524.63
2026-08-05 09:00:00+00:00,57.614,57.68,57.254,57.283,274298.25,122672.17
2026-08-05 10:00:00+00:00,57.284,57.42,56.649,57.41,503320.51,195970.33
2026-08-05 11:00:00+00:00,57.41,57.477,56.838,57.065,275840.8,117103.15
2026-08-05 12:00:00+00:00,57.064,57.389,56.886,57.102,294370.93,153942.43
2026-08-05 13:00:00+00:00,57.106,57.307,56.571,57.199,375766.13,190563.21
2026-08-05 14:00:00+00:00,57.198,57.537,56.921,57.295,488562.42,232234.63
2026-08-05 15:00:00+00:00,57.294,57.743,57.026,57.076,338514.33,149170.99
2026-08-05 16:00:00+00:00,57.078,57.867,57.078,57.529,418351.21,210182.83
2026-08-05 17:00:00+00:00,57.53,57.999,57.355,57.764,345406.89,199964.71
2026-08-05 18:00:00+00:00,57.764,57.934,57.116,57.256,336280.16,119084.46
2026-08-05 19:00:00+00:00,57.257,57.554,57.179,57.23,201409.16,111960.62
2026-08-05 20:00:00+00:00,57.23,57.317,56.801,57.16,265318.63,135553.57
2026-08-05 21:00:00+00:00,57.159,57.174,56.726,56.807,220755.52,98903.12
2026-08-05 22:00:00+00:00,56.807,56.879,56.656,56.739,124150.97,52148.14
2026-08-05 23:00:00+00:00,56.739,57.038,56.684,56.953,122775.37,63687.98
2026-08-06 00:00:00+00:00,56.953,57.227,56.824,56.945,131663.39,67770.0
2026-08-06 01:00:00+00:00,56.945,56.983,56.377,56.516,232743.18,92114.66
2026-08-06 02:00:00+00:00,56.517,56.542,56.062,56.167,305672.58,126381.37
2026-08-06 03:00:00+00:00,56.166,56.42,56.065,56.348,213302.7,112835.76
2026-08-06 04:00:00+00:00,56.347,56.724,56.263,56.376,212661.54,129244.49
2026-08-06 05:00:00+00:00,56.377,56.669,56.369,56.488,117088.93,64054.52
2026-08-06 06:00:00+00:00,56.489,56.495,56.067,56.157,156016.81,69301.24
2026-08-06 07:00:00+00:00,56.157,56.157,55.764,56.029,361297.6,142000.62
2026-08-06 08:00:00+00:00,56.03,56.221,55.784,56.135,168455.58,98710.88
2026-08-06 09:00:00+00:00,56.135,56.137,55.551,55.589,367338.5,137660.97
2026-08-06 10:00:00+00:00,55.589,55.709,55.353,55.574,410024.12,198129.18
2026-08-06 11:00:00+00:00,55.575,55.591,55.315,55.379,185297.41,88619.77
2026-08-06 12:00:00+00:00,55.379,55.442,54.905,54.998,483417.74,186069.09
2026-08-06 13:00:00+00:00,54.998,55.428,54.639,55.161,635036.75,342711.03
2026-08-06 14:00:00+00:00,55.161,56.18,55.117,55.912,904087.46,504241.53
2026-08-06 15:00:00+00:00,55.911,56.15,55.524,55.599,405414.09,160421.18
2026-08-06 16:00:00+00:00,55.599,56.325,55.304,56.277,632789.35,349933.02
2026-08-06 17:00:00+00:00,56.278,56.647,56.099,56.222,478639.56,278292.79
2026-08-06 18:00:00+00:00,56.222,56.264,55.934,56.072,229837.82,100009.79
2026-08-06 19:00:00+00:00,56.073,56.35,56.01,56.068,201314.66,100682.47
2026-08-06 20:00:00+00:00,56.065,56.294,55.81,55.88,195757.31,79181.95
2026-08-06 21:00:00+00:00,55.879,56.125,55.819,56.02,103571.15,54027.87
2026-08-06 22:00:00+00:00,56.021,56.342,55.936,56.208,103382.57,48743.2
2026-08-06 23:00:00+00:00,56.208,56.294,55.837,56.209,157789.75,72319.04
2026-08-07 00:00:00+00:00,56.21,56.223,55.626,55.817,182391.2,85263.32
2026-08-07 01:00:00+00:00,55.818,55.978,55.6,55.822,140146.14,76640.57
2026-08-07 02:00:00+00:00,55.822,55.969,55.441,55.713,218104.36,98938.25
2026-08-07 03:00:00+00:00,55.714,55.78,55.494,55.647,152021.51,79660.14
2026-08-07 04:00:00+00:00,55.647,55.793,55.095,55.3,308184.0,117954.49
2026-08-07 05:00:00+00:00,55.302,55.444,55.065,55.402,196638.23,90660.98
2026-08-07 06:00:00+00:00,55.4,55.776,55.303,55.594,185779.94,104497.35
2026-08-07 07:00:00+00:00,55.595,55.739,55.54,55.624,140314.41,73245.14
2026-08-07 08:00:00+00:00,55.624,56.45,55.591,56.306,406468.1,253356.34
2026-08-07 09:00:00+00:00,56.306,56.591,56.227,56.57,291046.26,156425.6
2026-08-07 10:00:00+00:00,56.57,56.854,56.485,56.833,228886.44,140807.24
2026-08-07 11:00:00+00:00,56.834,57.089,56.644,56.973,253807.73,132808.05
2026-08-07 12:00:00+00:00,56.974,57.025,56.533,56.604,348730.45,171714.49
2026-08-07 13:00:00+00:00,56.602,56.89,56.268,56.283,402812.65,180938.92
2026-08-07 14:00:00+00:00,56.283,56.306,55.665,55.898,544666.99,238154.2
2026-08-07 15:00:00+00:00,55.898,55.912,55.468,55.778,418317.63,197613.42
2026-08-07 16:00:00+00:00,55.78,55.814,54.919,55.146,467856.44,228339.49
2026-08-07 17:00:00+00:00,55.147,55.215,53.328,54.189,1593412.02,679529.04
2026-08-07 18:00:00+00:00,54.186,54.595,53.772,54.042,752767.72,362745.94
2026-08-07 19:00:00+00:00,54.043,54.63,54.042,54.625,331280.51,191980.41
2026-08-07 20:00:00+00:00,54.626,54.64,54.278,54.361,239705.92,92887.37
2026-08-07 21:00:00+00:00,54.361,54.417,53.967,54.039,267278.07,97660.18
2026-08-07 22:00:00+00:00,54.038,54.349,53.952,54.206,178701.56,93830.84
2026-08-07 23:00:00+00:00,54.207,54.221,53.817,54.087,198954.29,89533.67
2026-08-08 00:00:00+00:00,54.087,54.185,53.861,53.984,161036.32,74194.21
2026-08-08 01:00:00+00:00,53.984,54.265,53.962,54.182,113729.81,61893.26
2026-08-08 02:00:00+00:00,54.183,54.254,53.925,54.123,121654.25,56576.09
2026-08-08 03:00:00+00:00,54.124,54.424,54.118,54.351,145150.8,88313.77
2026-08-08 04:00:00+00:00,54.351,54.441,54.178,54.236,105397.5,51118.41
2026-08-08 05:00:00+00:00,54.236,54.469,54.143,54.431,150589.95,88488.11
2026-08-08 06:00:00+00:00,54.431,54.463,54.34,54.364,66904.34,25936.9
2026-08-08 07:00:00+00:00,54.364,54.412,54.272,54.393,64851.71,34099.81
2026-08-08 08:00:00+00:00,54.393,54.694,54.352,54.64,151741.25,90545.52
2026-08-08 09:00:00+00:00,54.639,54.79,54.572,54.62,189444.47,91158.96
2026-08-08 10:00:00+00:00,54.62,54.837,54.618,54.811,143109.29,71861.0
2026-08-08 11:00:00+00:00,54.811,54.847,54.466,54.528,138187.34,59535.88
2026-08-08 12:00:00+00:00,54.528,54.646,54.36,54.634,161772.45,97644.1
2026-08-08 13:00:00+00:00,54.633,54.744,54.336,54.359,139282.8,62828.36
2026-08-08 14:00:00+00:00,54.359,54.73,54.322,54.636,172309.63,85791.36
2026-08-08 15:00:00+00:00,54.635,54.99,54.635,54.747,261635.62,163027.84
2026-08-08 16:00:00+00:00,54.747,55.054,54.729,55.05,142702.85,73728.0
2026-08-08 17:00:00+00:00,55.05,55.192,54.831,55.015,234702.63,115690.2
2026-08-08 18:00:00+00:00,55.014,55.045,54.705,54.815,186300.11,60921.74
2026-08-08 19:00:00+00:00,54.815,54.996,54.76,54.933,96324.65,50376.87
2026-08-08 20:00:00+00:00,54.933,55.282,54.933,55.17,126157.1,73986.48
2026-08-08 21:00:00+00:00,55.169,55.248,55.025,55.172,68709.71,38978.71
2026-08-08 22:00:00+00:00,55.172,55.183,54.883,55.029,85529.46,35484.37
2026-08-08 23:00:00+00:00,55.028,55.179,54.961,55.114,76149.45,43614.28
2026-08-09 00:00:00+00:00,55.113,55.215,55.073,55.166,77759.61,43594.23
2026-08-09 01:00:00+00:00,55.166,55.34,55.005,55.16,177928.87,85697.71
2026-08-09 02:00:00+00:00,55.157,55.237,54.809,54.874,113679.03,46432.75
2026-08-09 03:00:00+00:00,54.869,54.921,54.615,54.738,152233.19,75935.69
2026-08-09 04:00:00+00:00,54.737,55.042,54.505,54.817,160890.26,79447.36
2026-08-09 05:00:00+00:00,54.818,54.883,54.55,54.692,105369.07,38907.29
2026-08-09 06:00:00+00:00,54.693,54.792,54.603,54.733,87791.9,50888.51
2026-08-09 07:00:00+00:00,54.732,54.819,54.638,54.769,101070.37,59022.98
2026-08-09 08:00:00+00:00,54.769,54.92,54.427,54.62,150080.41,70163.08
2026-08-09 09:00:00+00:00,54.62,54.704,54.434,54.586,104472.47,54374.17
2026-08-09 10:00:00+00:00,54.586,54.637,54.481,54.518,88964.53,47531.59
2026-08-09 11:00:00+00:00,54.518,54.561,54.108,54.255,203968.17,82914.31
2026-08-09 12:00:00+00:00,54.256,54.318,54.14,54.158,117714.56,50193.3
2026-08-09 13:00:00+00:00,54.159,54.573,54.159,54.487,210492.07,114016.0
2026-08-09 14:00:00+00:00,54.488,54.742,54.413,54.651,149754.69,85064.84
2026-08-09 15:00:00+00:00,54.651,54.91,54.513,54.828,151935.19,81828.25
2026-08-09 16:00:00+00:00,54.828,55.035,54.743,54.867,216336.76,100088.78
2026-08-09 17:00:00+00:00,54.867,54.981,54.68,54.714,101634.02,43863.76
2026-08-09 18:00:00+00:00,54.716,54.81,54.561,54.628,103005.45,48469.1
2026-08-09 19:00:00+00:00,54.627,54.754,54.546,54.677,61634.61,36355.49
2026-08-09 20:00:00+00:00,54.677,54.834,54.591,54.682,55295.51,31681.24
2026-08-09 21:00:00+00:00,54.682,54.701,54.314,54.387,104991.63,43470.7
2026-08-09 22:00:00+00:00,54.387,54.617,53.809,54.066,409669.49,179786.16
2026-08-09 23:00:00+00:00,54.065,54.167,53.74,53.857,248277.37,122496.99
2026-08-10 00:00:00+00:00,53.856,54.271,53.815,54.037,228152.02,133156.02
2026-08-10 01:00:00+00:00,54.038,54.492,53.9,54.424,212238.74,116928.13
2026-08-10 02:00:00+00:00,54.424,54.535,54.101,54.362,166760.29,89417.44
2026-08-10 03:00:00+00:00,54.363,54.431,54.014,54.094,128572.76,48124.92
2026-08-10 04:00:00+00:00,54.094,54.284,53.932,53.97,150998.6,78857.32
2026-08-10 05:00:00+00:00,53.97,54.335,53.963,54.299,114195.43,67759.02
2026-08-10 06:00:00+00:00,54.298,54.693,54.083,54.682,229239.4,128236.19
2026-08-10 07:00:00+00:00,54.682,54.832,54.583,54.755,214195.41,105279.6
2026-08-10 08:00:00+00:00,54.755,54.887,54.665,54.75,167042.56,81706.86
2026-08-10 09:00:00+00:00,54.75,54.759,54.473,54.475,122371.18,59448.68
2026-08-10 10:00:00+00:00,54.475,54.567,54.355,54.482,112546.01,53785.67
2026-08-10 11:00:00+00:00,54.482,54.791,54.235,54.791,184990.65,96626.09
2026-08-10 12:00:00+00:00,54.791,55.303,54.666,54.741,455209.79,227745.63
2026-08-10 13:00:00+00:00,54.741,54.952,54.328,54.626,369419.5,168369.67
2026-08-10 14:00:00+00:00,54.626,54.936,54.292,54.339,319889.36,150183.69
2026-08-10 15:00:00+00:00,54.343,54.544,54.018,54.329,407302.11,198854.88
2026-08-10 16:00:00+00:00,54.329,54.456,53.979,54.275,328455.33,170171.3
2026-08-10 17:00:00+00:00,54.275,55.297,54.221,55.004,632652.36,376251.92
2026-08-10 18:00:00+00:00,55.004,55.5,54.8,54.947,412832.24,200213.84
2026-08-10 19:00:00+00:00,54.947,55.943,54.916,55.888,607128.25,344274.03
2026-08-10 20:00:00+00:00,55.885,56.126,55.415,55.477,326190.42,172736.58
2026-08-10 21:00:00+00:00,55.476,55.587,55.185,55.254,161659.96,65334.0
2026-08-10 22:00:00+00:00,55.255,55.415,55.05,55.209,115004.25,59092.65
2026-08-10 23:00:00+00:00,55.209,55.218,55.011,55.09,86894.21,39614.67
2026-08-11 00:00:00+00:00,55.09,55.103,54.848,54.9,185442.63,74327.58
2026-08-11 01:00:00+00:00,54.901,55.645,54.775,55.392,708238.05,465747.83
2026-08-11 02:00:00+00:00,55.39,55.433,55.182,55.257,101962.18,52626.16
2026-08-11 03:00:00+00:00,55.256,55.496,55.242,55.431,106173.58,54867.91
2026-08-11 04:00:00+00:00,55.431,55.663,55.386,55.597,198824.75,112812.89
2026-08-11 05:00:00+00:00,55.597,55.604,55.259,55.354,114376.52,43988.64
2026-08-11 06:00:00+00:00,55.354,55.537,55.024,55.128,142439.99,59566.61
2026-08-11 07:00:00+00:00,55.128,55.194,54.815,55.085,183728.97,80867.04
2026-08-11 08:00:00+00:00,55.086,55.239,54.909,55.211,122402.4,63935.09
2026-08-11 09:00:00+00:00,55.212,55.358,55.107,55.286,90211.5,49005.05
2026-08-11 10:00:00+00:00,55.286,55.294,55.07,55.165,95737.66,48341.67
2026-08-11 11:00:00+00:00,55.165,55.425,55.165,55.323,98364.37,52728.23
2026-08-11 12:00:00+00:00,55.323,55.365,54.901,54.971,135406.42,53105.72
2026-08-11 13:00:00+00:00,54.972,55.105,54.574,54.741,214647.1,96003.6
2026-08-11 14:00:00+00:00,54.741,54.741,54.221,54.344,386211.9,193377.46
2026-08-11 15:00:00+00:00,54.345,54.484,53.711,53.896,481558.0,195261.31
2026-08-11 16:00:00+00:00,53.897,54.093,53.8,53.941,218311.42,116341.93
2026-08-11 17:00:00+00:00,53.941,54.052,53.802,53.959,150157.82,73812.77
2026-08-11 18:00:00+00:00,53.958,54.31,53.935,54.106,157878.51,89300.43
2026-08-11 19:00:00+00:00,54.099,54.639,53.802,54.569,221060.5,127529.3
2026-08-11 20:00:00+00:00,54.57,54.777,54.443,54.658,192180.19,103309.28
2026-08-11 21:00:00+00:00,54.659,54.762,54.454,54.638,87686.75,40169.72
2026-08-11 22:00:00+00:00,54.638,54.769,54.316,54.357,115316.09,52563.02
2026-08-11 23:00:00+00:00,54.357,54.579,54.24,54.492,102086.31,54932.46
2026-08-12 00:00:00+00:00,54.492,54.631,54.335,54.387,114171.25,62072.47
2026-08-12 01:00:00+00:00,54.386,54.723,54.285,54.561,247910.0,134698.06
2026-08-12 02:00:00+00:00,54.562,54.682,54.472,54.55,67919.1,32790.5
2026-08-12 03:00:00+00:00,54.551,54.787,54.512,54.639,79625.64,43006.78
2026-08-12 04:00:00+00:00,54.639,54.846,54.433,54.522,109534.26,52955.9
2026-08-12 05:00:00+00:00,54.522,54.69,54.474,54.658,60880.22,36154.31
2026-08-12 06:00:00+00:00,54.657,54.94,54.636,54.828,118195.9,60037.41
2026-08-12 07:00:00+00:00,54.829,55.225,54.828,55.159,186459.85,101150.61
2026-08-12 08:00:00+00:00,55.158,55.2,54.881,55.03,116444.28,66173.64
2026-08-12 09:00:00+00:00,55.03,55.403,54.88,55.324,222826.39,124459.95
2026-08-12 10:00:00+00:00,55.324,55.591,55.168,55.553,195597.79,105622.35
2026-08-12 11:00:00+00:00,55.552,55.819,55.528,55.789,217703.79,126223.37
2026-08-12 12:00:00+00:00,55.788,56.0,55.5,55.823,453482.87,201233.89
2026-08-12 13:00:00+00:00,55.824,56.479,55.76,56.014,809117.74,431919.06
2026-08-12 14:00:00+00:00,56.013,56.067,55.474,55.852,567945.55,246592.2
2026-08-12 15:00:00+00:00,55.851,56.64,55.803,56.547,432410.65,249603.89
2026-08-12 16:00:00+00:00,56.548,56.648,56.277,56.6,240483.58,115874.72
2026-08-12 17:00:00+00:00,56.607,56.936,56.436,56.878,347082.39,170092.16
2026-08-12 18:00:00+00:00,56.877,56.952,56.344,56.593,287137.84,134946.03
2026-08-12 19:00:00+00:00,56.593,56.692,56.174,56.234,145015.33,58382.59
2026-08-12 20:00:00+00:00,56.234,56.412,56.129,56.208,88155.79,39848.59
2026-08-12 21:00:00+00:00,56.209,56.266,56.024,56.054,100832.81,46320.0
2026-08-12 22:00:00+00:00,56.053,56.503,55.945,56.12,162502.26,79868.35
2026-08-12 23:00:00+00:00,56.119,56.153,55.914,56.06,92401.84,44754.56
2026-08-13 00:00:00+00:00,56.06,56.52,56.023,56.421,128809.85,75642.75
2026-08-13 01:00:00+00:00,56.421,56.55,56.167,56.337,224577.34,121960.28
2026-08-13 02:00:00+00:00,56.337,56.665,56.292,56.519,155627.41,71386.26
2026-08-13 03:00:00+00:00,56.519,56.691,56.4,56.463,126302.58,66315.97
2026-08-13 04:00:00+00:00,56.464,56.943,56.4,56.797,240197.48,145999.91
2026-08-13 05:00:00+00:00,56.796,57.391,56.784,57.2,457260.83,263997.99
2026-08-13 06:00:00+00:00,57.201,57.388,57.156,57.375,125717.83,62983.49
2026-08-13 07:00:00+00:00,57.375,57.475,57.263,57.316,166968.5,75093.18
2026-08-13 08:00:00+00:00,57.316,57.412,56.825,57.118,248244.5,105143.05
2026-08-13 09:00:00+00:00,57.118,57.767,56.907,57.748,328925.95,185949.95
2026-08-13 10:00:00+00:00,57.749,57.761,57.426,57.449,242784.94,106387.93
2026-08-13 11:00:00+00:00,57.449,57.489,56.979,57.059,277746.76,100719.45
2026-08-13 12:00:00+00:00,57.06,57.704,57.003,57.686,285501.57,158475.89
2026-08-13 13:00:00+00:00,57.687,58.096,57.396,57.671,491308.44,250806.48
2026-08-13 14:00:00+00:00,57.671,58.404,57.503,58.185,481852.47,239586.67
2026-08-13 15:00:00+00:00,58.185,58.486,57.792,57.824,531382.51,233229.79
2026-08-13 16:00:00+00:00,57.824,58.077,57.342,57.568,470564.08,221946.57
2026-08-13 17:00:00+00:00,57.568,57.818,57.405,57.415,179682.11,80509.5
2026-08-13 18:00:00+00:00,57.416,57.85,57.401,57.779,174604.74,95715.95
2026-08-13 19:00:00+00:00,57.778,57.942,57.437,57.467,136042.87,54994.42
2026-08-13 20:00:00+00:00,57.467,57.591,57.082,57.464,215819.9,100162.22
2026-08-13 21:00:00+00:00,57.464,57.645,57.08,57.204,115398.07,57568.73
2026-08-13 22:00:00+00:00,57.204,57.625,57.203,57.44,111462.13,60740.93
2026-08-13 23:00:00+00:00,57.44,57.51,57.26,57.474,76773.13,44796.07
2026-08-14 00:00:00+00:00,57.474,57.617,57.363,57.579,137077.71,71119.85
2026-08-14 01:00:00+00:00,57.58,57.598,57.159,57.215,143087.61,57724.21
2026-08-14 02:00:00+00:00,57.215,57.337,57.031,57.035,133240.66,56085.33
2026-08-14 03:00:00+00:00,57.036,57.081,56.536,56.552,341066.13,144835.55
2026-08-14 04:00:00+00:00,56.553,56.87,56.522,56.812,121249.71,73876.94
2026-08-14 05:00:00+00:00,56.811,56.956,56.625,56.811,126621.33,70382.88
2026-08-14 06:00:00+00:00,56.812,56.812,56.262,56.329,240305.82,100127.31
2026-08-14 07:00:00+00:00,56.329,56.521,56.304,56.432,196616.25,93100.53
2026-08-14 08:00:00+00:00,56.431,56.798,56.369,56.694,194840.54,104836.11
2026-08-14 09:00:00+00:00,56.694,56.755,56.389,56.398,146453.32,70388.45
2026-08-14 10:00:00+00:00,56.397,56.628,56.354,56.532,113729.96,60254.38
2026-08-14 11:00:00+00:00,56.533,56.663,56.08,56.197,249486.51,72368.04
2026-08-14 12:00:00+00:00,56.2,56.307,55.974,56.145,287007.81,151109.1
2026-08-14 13:00:00+00:00,56.146,56.293,55.946,56.146,280715.38,123009.27
2026-08-14 14:00:00+00:00,56.149,56.154,55.5,55.517,441343.56,205621.48
2026-08-14 15:00:00+00:00,55.517,55.995,55.5,55.634,306006.54,170980.22
2026-08-14 16:00:00+00:00,55.634,56.108,55.634,55.927,248970.59,137545.51
2026-08-14 17:00:00+00:00,55.927,56.043,55.697,55.741,147322.93,76466.46
2026-08-14 18:00:00+00:00,55.741,55.797,55.538,55.653,179257.56,72593.78
2026-08-14 19:00:00+00:00,55.654,55.749,55.33,55.712,159720.54,71496.29
2026-08-14 20:00:00+00:00,55.712,55.75,55.404,55.519,87534.45,40044.81
2026-08-14 21:00:00+00:00,55.519,56.015,55.519,55.944,112981.24,70273.64
2026-08-14 22:00:00+00:00,55.945,56.488,55.931,56.394,221387.65,130707.37
2026-08-14 23:00:00+00:00,56.394,56.526,56.187,56.497,129234.28,63597.01
2026-08-15 00:00:00+00:00,56.496,56.536,56.306,56.318,78987.2,37744.73
2026-08-15 01:00:00+00:00,56.318,56.549,56.224,56.408,93113.85,50115.71
2026-08-15 02:00:00+00:00,56.409,56.649,56.36,56.614,95741.91,58550.65
2026-08-15 03:00:00+00:00,56.615,56.724,56.504,56.573,154155.38,74025.42
2026-08-15 04:00:00+00:00,56.572,56.643,56.222,56.258,114631.4,44851.54
2026-08-15 05:00:00+00:00,56.258,56.335,55.843,56.247,164967.54,77541.77
2026-08-15 06:00:00+00:00,56.247,56.337,56.112,56.256,66897.59,37583.27
2026-08-15 07:00:00+00:00,56.257,56.475,56.12,56.459,75078.65,41102.14
2026-08-15 08:00:00+00:00,56.458,56.485,56.01,56.069,81539.65,31597.36
2026-08-15 09:00:00+00:00,56.069,56.191,55.971,56.03,104592.64,48732.33
2026-08-15 10:00:00+00:00,56.031,56.06,55.869,55.996,73033.09,44171.09
2026-08-15 11:00:00+00:00,55.997,56.096,55.879,56.05,73799.56,42346.15
2026-08-15 12:00:00+00:00,56.049,56.302,55.903,56.283,87941.49,54042.21
2026-08-15 13:00:00+00:00,56.282,56.631,56.237,56.39,156320.17,73725.35
2026-08-15 14:00:00+00:00,56.39,56.513,56.266,56.3,114584.85,54744.7
2026-08-15 15:00:00+00:00,56.3,56.842,56.292,56.809,175870.91,105730.72
2026-08-15 16:00:00+00:00,56.809,57.199,56.631,57.186,378733.47,205321.43
2026-08-15 17:00:00+00:00,57.186,57.221,56.887,57.027,169148.18,72006.59
2026-08-15 18:00:00+00:00,57.027,57.175,56.88,57.04,88093.31,36403.21
2026-08-15 19:00:00+00:00,57.039,57.359,56.941,57.296,104807.36,58650.07
2026-08-15 20:00:00+00:00,57.298,57.301,56.993,57.041,81683.19,26759.62
2026-08-15 21:00:00+00:00,57.041,57.14,56.985,57.021,45036.42,23151.38
2026-08-15 22:00:00+00:00,57.021,57.098,56.905,56.933,70972.27,25208.99
2026-08-15 23:00:00+00:00,56.933,57.007,56.737,56.895,81696.09,38675.27
2026-08-16 00:00:00+00:00,56.894,56.969,56.726,56.803,77806.99,33490.53
2026-08-16 01:00:00+00:00,56.803,57.133,56.783,57.08,88722.91,51280.59
2026-08-16 02:00:00+00:00,57.08,57.302,56.869,57.188,177095.2,94811.73
2026-08-16 03:00:00+00:00,57.188,57.206,56.913,56.935,65492.49,18289.55
2026-08-16 04:00:00+00:00,56.934,57.222,56.913,57.085,55742.38,30276.64
2026-08-16 05:00:00+00:00,57.085,57.211,56.851,56.879,72300.93,26039.02
2026-08-16 06:00:00+00:00,56.878,57.179,56.759,57.061,126469.8,66472.71
2026-08-16 07:00:00+00:00,57.062,57.488,57.055,57.468,213898.21,137216.67
2026-08-16 08:00:00+00:00,57.469,57.545,57.322,57.531,200024.99,126300.16
2026-08-16 09:00:00+00:00,57.531,57.579,57.291,57.448,93251.6,40192.42
2026-08-16 10:00:00+00:00,57.449,57.493,57.26,57.348,106971.61,51106.49
2026-08-16 11:00:00+00:00,57.349,57.504,57.299,57.388,66694.04,26152.37
2026-08-16 12:00:00+00:00,57.387,57.415,57.191,57.213,102659.04,52953.58
2026-08-16 13:00:00+00:00,57.212,57.266,57.091,57.212,77272.03,34075.49
2026-08-16 14:00:00+00:00,57.213,57.299,57.037,57.239,85552.81,40783.38
2026-08-16 15:00:00+00:00,57.24,57.512,57.147,57.437,102082.86,62814.62
2026-08-16 16:00:00+00:00,57.437,57.969,57.437,57.813,373719.88,212461.22
2026-08-16 17:00:00+00:00,57.813,58.03,57.664,57.738,219792.15,101642.31
2026-08-16 18:00:00+00:00,57.738,57.749,57.411,57.64,131411.15,58887.79
2026-08-16 19:00:00+00:00,57.64,57.949,57.639,57.707,93251.67,47552.33
2026-08-16 20:00:00+00:00,57.707,57.807,57.534,57.603,87605.59,34777.54
2026-08-16 21:00:00+00:00,57.604,57.627,57.212,57.348,209766.08,104027.09
2026-08-16 22:00:00+00:00,57.348,57.365,57.144,57.259,121472.44,55067.29
2026-08-16 23:00:00+00:00,57.259,57.322,57.061,57.136,119693.48,61058.65
2026-08-17 00:00:00+00:00,57.136,57.362,57.052,57.35,159732.42,99154.95
2026-08-17 01:00:00+00:00,57.349,58.467,57.329,58.371,710715.77,423267.93
2026-08-17 02:00:00+00:00,58.372,58.994,58.216,58.926,510760.22,291482.11
2026-08-17 03:00:00+00:00,58.927,59.217,58.755,59.14,364834.95,169863.78
2026-08-17 04:00:00+00:00,59.139,59.188,58.813,58.856,191262.2,77871.68
2026-08-17 05:00:00+00:00,58.856,59.065,58.667,58.679,154592.38,63979.7
2026-08-17 06:00:00+00:00,58.68,59.4,58.677,59.285,336430.25,188467.97
2026-08-17 07:00:00+00:00,59.286,59.697,59.178,59.557,308935.17,168767.28
2026-08-17 08:00:00+00:00,59.557,59.599,59.082,59.108,288780.12,101850.49
2026-08-17 09:00:00+00:00,59.108,59.343,59.095,59.313,143826.37,71808.58
2026-08-17 10:00:00+00:00,59.313,59.875,59.163,59.81,282202.58,167811.06
2026-08-17 11:00:00+00:00,59.809,59.909,59.419,59.499,272731.1,111951.82
2026-08-17 12:00:00+00:00,59.498,59.512,59.024,59.167,259642.47,107576.45
2026-08-17 13:00:00+00:00,59.167,59.424,58.8,59.288,362113.56,170110.81
2026-08-17 14:00:00+00:00,59.288,59.523,58.888,59.519,272388.14,150146.58
2026-08-17 15:00:00+00:00,59.518,59.599,59.11,59.295,286725.11,141133.59
2026-08-17 16:00:00+00:00,59.295,59.308,59.033,59.167,184376.48,86654.02
2026-08-17 17:00:00+00:00,59.167,59.205,58.722,58.977,244390.18,110642.16
2026-08-17 18:00:00+00:00,58.977,59.273,58.941,59.06,164087.21,98859.94
2026-08-17 19:00:00+00:00,59.061,59.096,58.8,58.967,108135.74,53894.15
2026-08-17 20:00:00+00:00,58.967,58.977,58.4,58.732,271396.52,111357.85
2026-08-17 21:00:00+00:00,58.733,59.027,58.671,58.946,94911.23,51761.33
2026-08-17 22:00:00+00:00,58.946,59.178,58.859,59.045,127252.11,57148.96
2026-08-17 23:00:00+00:00,59.045,59.493,59.044,59.421,193711.67,113746.99
2026-08-18 00:00:00+00:00,59.42,59.664,59.373,59.592,211654.24,97408.97
2026-08-18 01:00:00+00:00,59.593,59.631,59.053,59.13,220235.77,94633.83
2026-08-18 02:00:00+00:00,59.13,59.349,59.021,59.207,177336.2,84081.22
2026-08-18 03:00:00+00:00,59.207,59.429,58.977,59.372,159934.86,80843.56
2026-08-18 04:00:00+00:00,59.372,59.398,59.084,59.262,96771.89,51796.41
2026-08-18 05:00:00+00:00,59.262,59.608,58.852,59.117,246042.38,116533.66
2026-08-18 06:00:00+00:00,59.117,60.275,59.003,59.965,528291.82,312054.39
2026-08-18 07:00:00+00:00,59.964,60.471,59.593,59.654,531167.27,264024.46
2026-08-18 08:00:00+00:00,59.655,59.671,59.139,59.591,366632.2,190114.47
2026-08-18 09:00:00+00:00,59.591,59.734,59.32,59.607,189136.71,90076.84
2026-08-18 10:00:00+00:00,59.608,59.954,59.571,59.792,179405.86,91489.65
2026-08-18 11:00:00+00:00,59.791,59.982,59.738,59.85,134425.45,62061.57
2026-08-18 12:00:00+00:00,59.849,59.958,59.222,59.312,263785.7,114477.69
2026-08-18 13:00:00+00:00,59.312,59.578,59.13,59.215,297710.71,148881.85
2026-08-18 14:00:00+00:00,59.215,59.818,59.001,59.141,431896.55,219591.71
2026-08-18 15:00:00+00:00,59.141,59.551,59.1,59.364,192641.22,106117.95
2026-08-18 16:00:00+00:00,59.366,59.408,58.239,58.777,794272.99,334780.21
2026-08-18 17:00:00+00:00,58.776,58.813,58.2,58.637,525340.81,219597.75
2026-08-18 18:00:00+00:00,58.636,58.754,58.515,58.69,163591.14,97764.31
2026-08-18 19:00:00+00:00,58.689,59.047,58.654,58.918,242662.83,118001.24
2026-08-18 20:00:00+00:00,58.919,59.144,58.523,58.558,243035.25,112051.79
2026-08-18 21:00:00+00:00,58.559,58.726,58.514,58.721,112479.3,61263.65
2026-08-18 22:00:00+00:00,58.72,58.822,58.35,58.397,212521.12,78990.87
2026-08-18 23:00:00+00:00,58.398,58.667,58.303,58.509,126370.56,70670.7
2026-08-19 00:00:00+00:00,58.51,58.714,58.144,58.529,200665.29,102385.36
2026-08-19 01:00:00+00:00,58.53,58.848,58.525,58.525,203794.1,103071.33
2026-08-19 02:00:00+00:00,58.526,58.526,58.221,58.404,126432.52,52627.69
2026-08-19 03:00:00+00:00,58.404,58.52,58.241,58.398,110659.3,64963.82
2026-08-19 04:00:00+00:00,58.398,58.581,58.346,58.559,90694.54,49073.1
2026-08-19 05:00:00+00:00,58.559,58.696,58.201,58.237,178032.81,74338.24
2026-08-19 06:00:00+00:00,58.238,58.619,58.037,58.474,264795.66,142503.76
2026-08-19 07:00:00+00:00,58.475,58.52,58.156,58.156,198256.04,110118.93
2026-08-19 08:00:00+00:00,58.162,58.505,58.1,58.298,209155.26,93182.71
2026-08-19 09:00:00+00:00,58.297,58.475,58.22,58.261,156640.22,80462.72
2026-08-19 10:00:00+00:00,58.262,58.542,58.149,58.524,148594.84,101175.41
2026-08-19 11:00:00+00:00,58.525,58.961,58.5,58.729,223211.94,123909.72
2026-08-19 12:00:00+00:00,58.729,59.369,58.672,59.27,294507.47,177446.92
2026-08-19 13:00:00+00:00,59.272,59.417,58.544,58.64,570086.66,238804.93
2026-08-19 14:00:00+00:00,58.641,59.936,58.626,59.878,701240.65,401659.89
2026-08-19 15:00:00+00:00,59.877,61.892,59.624,61.845,2399789.03,1265354.97
2026-08-19 16:00:00+00:00,61.844,62.629,61.528,61.971,1335046.56,691530.91
2026-08-19 17:00:00+00:00,61.97,62.454,61.55,62.185,696483.73,338974.05
2026-08-19 18:00:00+00:00,62.186,62.509,61.756,62.241,306621.51,162583.77
2026-08-19 19:00:00+00:00,62.24,72.3,62.023,70.266,8182253.54,4270259.48
2026-08-19 20:00:00+00:00,70.266,71.17,68.33,71.117,2601849.89,1298084.66
2026-08-19 21:00:00+00:00,71.117,72.68,69.841,71.338,2507710.25,1259204.83
2026-08-19 22:00:00+00:00,71.338,72.128,70.318,70.91,2012637.45,924753.44
2026-08-19 23:00:00+00:00,70.911,71.319,69.146,69.787,1585150.96,768321.78
2026-08-20 00:00:00+00:00,69.787,71.093,69.05,69.753,1259318.84,644773.04
2026-08-20 01:00:00+00:00,69.753,69.913,68.468,69.502,1260467.11,615736.81
2026-08-20 02:00:00+00:00,69.502,70.035,69.253,69.731,500605.61,252267.0
2026-08-20 03:00:00+00:00,69.73,69.755,68.912,69.486,682590.15,325495.57
2026-08-20 04:00:00+00:00,69.486,70.869,69.432,70.858,598919.75,339439.85
2026-08-20 05:00:00+00:00,70.859,71.584,70.735,71.228,757581.52,388676.62
2026-08-20 06:00:00+00:00,71.227,72.598,71.08,71.977,1086285.92,551697.36
2026-08-20 07:00:00+00:00,71.978,72.146,71.42,72.098,724845.54,357830.81
2026-08-20 08:00:00+00:00,72.098,73.196,70.566,73.141,2041771.43,1107711.85
2026-08-20 09:00:00+00:00,73.14,74.59,72.711,73.194,1901790.49,923749.69
2026-08-20 10:00:00+00:00,73.195,73.826,72.117,72.23,1020704.09,495001.28
2026-08-20 11:00:00+00:00,72.231,73.021,71.533,71.983,1436577.67,676870.64
2026-08-20 12:00:00+00:00,71.984,72.066,71.041,71.672,853362.75,393787.94
2026-08-20 13:00:00+00:00,71.672,72.351,71.187,71.878,1026097.44,507840.84
2026-08-20 14:00:00+00:00,71.878,72.751,71.616,72.108,798325.76,401166.29
2026-08-20 15:00:00+00:00,72.104,73.48,72.002,73.234,1134489.51,606887.09
2026-08-20 16:00:00+00:00,73.233,74.234,72.743,73.782,982017.44,498617.34
2026-08-20 17:00:00+00:00,73.784,74.384,73.117,73.623,1045830.57,559342.67
2026-08-20 18:00:00+00:00,73.623,73.798,71.652,72.117,1486050.64,670603.84
2026-08-20 19:00:00+00:00,72.118,73.042,72.1,72.589,476754.96,263496.89
2026-08-20 20:00:00+00:00,72.589,73.956,72.575,73.902,347948.75,183435.71
2026-08-20 21:00:00+00:00,73.902,75.23,73.772,74.933,834540.89,498563.35
2026-08-20 22:00:00+00:00,74.932,75.107,73.494,73.6,710702.5,313876.56
2026-08-20 23:00:00+00:00,73.601,74.319,73.533,73.769,572732.46,286009.52
2026-08-21 00:00:00+00:00,73.774,74.495,73.328,73.428,788329.96,388631.26
2026-08-21 01:00:00+00:00,73.428,75.151,73.321,74.625,691777.06,346523.91
2026-08-21 02:00:00+00:00,74.625,74.958,73.705,73.726,584562.82,286006.3
2026-08-21 03:00:00+00:00,73.725,73.944,71.23,72.298,1676716.95,807201.92
2026-08-21 04:00:00+00:00,72.3,72.975,72.104,72.635,425403.51,241110.52
2026-08-21 05:00:00+00:00,72.636,73.286,72.336,73.134,499083.78,234832.78
2026-08-21 06:00:00+00:00,73.135,73.484,72.451,72.928,519324.37,243906.21
2026-08-21 07:00:00+00:00,72.928,74.041,72.734,73.832,654173.8,326280.63
2026-08-21 08:00:00+00:00,73.833,76.152,73.553,75.811,1766730.7,882092.77
2026-08-21 09:00:00+00:00,75.811,75.873,73.111,74.182,2061794.84,968588.53
2026-08-21 10:00:00+00:00,74.182,75.539,73.898,75.05,1117582.76,527130.89
2026-08-21 11:00:00+00:00,75.049,75.512,73.592,74.295,1126425.34,520591.4
2026-08-21 12:00:00+00:00,74.295,74.699,73.719,74.219,659880.57,309429.01
2026-08-21 13:00:00+00:00,74.219,77.947,74.154,76.911,3173325.49,1655133.75
2026-08-21 14:00:00+00:00,76.911,77.68,75.143,77.615,1613108.34,848487.56
2026-08-21 15:00:00+00:00,77.615,77.64,76.43,76.683,947960.02,456501.04
2026-08-21 16:00:00+00:00,76.685,76.853,75.83,76.509,657254.01,305543.23
2026-08-21 17:00:00+00:00,76.51,76.723,74.116,75.104,1305368.13,531880.6
2026-08-21 18:00:00+00:00,75.1,75.508,74.047,74.539,709430.29,329895.88
2026-08-21 19:00:00+00:00,74.541,75.111,73.864,74.893,926259.11,469148.56
2026-08-21 20:00:00+00:00,74.893,75.786,74.751,75.66,569054.73,247282.43
2026-08-21 21:00:00+00:00,75.661,77.036,75.589,77.004,603231.97,305977.01
2026-08-21 22:00:00+00:00,77.005,77.176,75.35,76.185,965075.61,477917.81
2026-08-21 23:00:00+00:00,76.186,76.499,74.913,75.585,773590.94,345960.45
2026-08-22 00:00:00+00:00,75.584,76.2,74.682,75.982,505569.63,223744.55
2026-08-22 01:00:00+00:00,75.982,76.788,75.604,76.617,446066.81,219853.59
2026-08-22 02:00:00+00:00,76.617,81.733,76.544,80.9,2906644.56,1586859.84
2026-08-22 03:00:00+00:00,80.892,82.687,80.431,82.208,1947090.35,951132.82
2026-08-22 04:00:00+00:00,82.206,82.62,80.765,81.266,1586845.18,704103.64
2026-08-22 05:00:00+00:00,81.261,81.817,70.6,79.31,4754423.87,2021200.03
2026-08-22 06:00:00+00:00,79.311,80.762,78.4,80.388,1297511.2,627336.46
2026-08-22 07:00:00+00:00,80.388,80.746,78.88,78.902,815936.0,352453.92
2026-08-22 08:00:00+00:00,78.902,79.326,76.839,77.211,1335424.44,537094.0
2026-08-22 09:00:00+00:00,77.212,78.36,76.017,78.092,1022457.05,486049.8
2026-08-22 10:00:00+00:00,78.093,78.158,74.819,76.99,1263569.76,552860.6
2026-08-22 11:00:00+00:00,76.99,77.999,76.179,77.903,556652.47,296753.21
2026-08-22 12:00:00+00:00,77.901,78.69,77.401,77.578,587223.6,268986.77
2026-08-22 13:00:00+00:00,77.581,78.1,77.055,77.901,414626.59,200953.98
2026-08-22 14:00:00+00:00,77.902,78.009,77.021,77.527,479293.01,213835.73
2026-08-22 15:00:00+00:00,77.528,78.22,77.125,77.478,395946.71,190410.59
2026-08-22 16:00:00+00:00,77.48,78.422,77.271,78.124,404956.89,209302.06
2026-08-22 17:00:00+00:00,78.123,79.657,77.8,79.132,517686.48,297962.87
2026-08-22 18:00:00+00:00,79.131,79.677,78.441,79.019,305449.1,142060.99
2026-08-22 19:00:00+00:00,79.02,79.489,78.737,79.209,210888.41,117880.96
2026-08-22 20:00:00+00:00,79.209,79.931,78.96,79.225,277614.99,127387.79
2026-08-22 21:00:00+00:00,79.225,79.225,78.02,78.194,501457.19,211013.09
2026-08-22 22:00:00+00:00,78.193,79.725,77.88,78.898,529684.31,228126.89
2026-08-22 23:00:00+00:00,78.898,79.94,78.441,79.335,528386.74,276950.19
2026-08-23 00:00:00+00:00,79.333,81.057,78.916,80.502,952446.97,460047.76
2026-08-23 01:00:00+00:00,80.502,81.088,79.593,80.101,763275.01,371702.49
2026-08-23 02:00:00+00:00,80.103,80.185,78.543,78.822,701937.74,295731.11
2026-08-23 03:00:00+00:00,78.822,78.95,77.5,77.947,623324.35,267344.15
2026-08-23 04:00:00+00:00,77.947,78.549,77.0,77.428,637719.76,263842.63
2026-08-23 05:00:00+00:00,77.428,78.842,77.311,77.8,634806.46,320877.83
2026-08-23 06:00:00+00:00,77.8,78.869,77.272,78.261,617137.01,320386.36
2026-08-23 07:00:00+00:00,78.262,79.098,78.152,78.772,367228.95,186897.08
2026-08-23 08:00:00+00:00,78.774,79.44,78.617,79.215,449804.47,244627.08
2026-08-23 09:00:00+00:00,79.214,79.429,78.755,78.942,276041.98,124130.17
2026-08-23 10:00:00+00:00,78.943,79.495,78.873,79.432,251086.14,118549.92
2026-08-23 11:00:00+00:00,79.435,81.177,79.372,80.572,808038.96,399804.3
2026-08-23 12:00:00+00:00,80.576,80.888,79.848,80.645,552944.44,241744.61
2026-08-23 13:00:00+00:00,80.645,81.635,79.273,80.548,1344554.23,599201.99
2026-08-23 14:00:00+00:00,80.547,80.781,78.3,79.545,941979.11,408846.81
2026-08-23 15:00:00+00:00,79.546,79.847,79.083,79.701,354481.44,173545.74
2026-08-23 16:00:00+00:00,79.701,80.719,79.34,80.215,432972.16,223892.1
2026-08-23 17:00:00+00:00,80.216,80.592,79.7,79.94,305636.16,145149.12
2026-08-23 18:00:00+00:00,79.94,81.3,79.887,81.136,433830.05,234309.93
2026-08-23 19:00:00+00:00,81.136,81.389,80.622,80.964,357923.96,184367.21
2026-08-23 20:00:00+00:00,80.964,81.116,80.53,80.89,336563.48,179149.64
2026-08-23 21:00:00+00:00,80.89,82.4,80.89,82.059,650448.9,340043.51
2026-08-23 22:00:00+00:00,82.062,83.269,81.59,82.495,781184.24,395166.36
2026-08-23 23:00:00+00:00,82.495,83.485,81.617,82.322,732484.99,353541.91
2026-08-24 00:00:00+00:00,82.322,82.343,80.722,81.671,754289.21,314514.06
2026-08-24 01:00:00+00:00,81.671,81.878,79.651,80.124,730449.16,267054.97
2026-08-24 02:00:00+00:00,80.124,81.273,79.785,80.947,525237.15,289705.09
2026-08-24 03:00:00+00:00,80.947,80.996,79.142,79.473,574980.85,243232.03
2026-08-24 04:00:00+00:00,79.473,80.443,79.473,79.9,344115.46,170895.96
2026-08-24 05:00:00+00:00,79.9,80.4,79.217,79.626,449395.02,219472.71
2026-08-24 06:00:00+00:00,79.625,79.908,78.925,79.737,392334.72,177157.18
2026-08-24 07:00:00+00:00,79.739,80.375,79.385,79.511,298937.84,146196.11
2026-08-24 08:00:00+00:00,79.511,79.527,77.224,77.892,1417968.48,598241.86
2026-08-24 09:00:00+00:00,77.892,78.653,77.845,78.564,488598.78,282904.35
2026-08-24 10:00:00+00:00,78.564,79.214,78.364,78.42,462994.36,247108.71
2026-08-24 11:00:00+00:00,78.42,80.38,78.059,80.188,817947.49,430491.75
2026-08-24 12:00:00+00:00,80.188,80.967,79.429,80.48,800756.15,377168.98
2026-08-24 13:00:00+00:00,80.482,80.983,78.289,78.851,1226910.01,558217.51
2026-08-24 14:00:00+00:00,78.851,80.467,78.755,79.404,849050.72,412069.26
2026-08-24 15:00:00+00:00,79.404,80.119,78.071,78.516,721256.73,308258.63
2026-08-24 16:00:00+00:00,78.517,79.401,78.304,78.351,371730.88,190353.92
2026-08-24 17:00:00+00:00,78.352,78.924,76.693,77.551,1223829.32,514777.22
2026-08-24 18:00:00+00:00,77.553,77.946,76.964,77.661,379709.45,189728.93
2026-08-24 19:00:00+00:00,77.661,77.892,77.308,77.758,317336.99,163828.54
2026-08-24 20:00:00+00:00,77.763,78.215,77.444,78.154,246669.6,127153.27
2026-08-24 21:00:00+00:00,78.155,78.406,77.662,77.933,231707.47,116792.32
2026-08-24 22:00:00+00:00,77.938,78.324,77.695,77.733,164036.61,74184.07
2026-08-24 23:00:00+00:00,77.734,78.968,77.61,78.958,302008.15,172927.45
2026-08-25 00:00:00+00:00,78.958,79.729,78.12,79.696,550210.78,291725.91
2026-08-25 01:00:00+00:00,79.694,80.0,79.092,79.901,472002.83,230684.84
2026-08-25 02:00:00+00:00,79.901,80.828,79.564,80.595,846617.78,391864.08
2026-08-25 03:00:00+00:00,80.596,81.299,80.293,80.728,969185.99,464648.54
2026-08-25 04:00:00+00:00,80.728,81.26,80.554,81.0,468518.4,232477.35
2026-08-25 05:00:00+00:00,81.008,81.361,80.621,80.677,324225.81,173107.37
2026-08-25 06:00:00+00:00,80.677,81.232,80.566,80.813,268997.97,127354.19
2026-08-25 07:00:00+00:00,80.814,81.886,80.205,81.052,841778.59,378729.5
2026-08-25 08:00:00+00:00,81.052,81.983,80.677,81.249,668762.46,332085.19
2026-08-25 09:00:00+00:00,81.249,82.076,80.756,80.975,660316.04,314950.54
2026-08-25 10:00:00+00:00,80.976,81.337,80.503,80.862,429583.88,189555.4
2026-08-25 11:00:00+00:00,80.866,81.13,79.594,79.888,615904.54,285211.89
2026-08-25 12:00:00+00:00,79.888,80.341,79.355,79.918,626484.81,310970.68
2026-08-25 13:00:00+00:00,79.918,80.282,78.837,80.149,774940.28,344380.56
2026-08-25 14:00:00+00:00,80.15,81.564,79.854,80.88,868817.0,472387.28
2026-08-25 15:00:00+00:00,80.882,81.635,80.319,81.576,714334.3,361947.63
2026-08-25 16:00:00+00:00,81.577,81.887,80.965,81.574,482025.1,235104.76
2026-08-25 17:00:00+00:00,81.573,81.729,81.001,81.622,379923.16,187526.41
2026-08-25 18:00:00+00:00,81.621,82.887,81.575,82.314,784412.03,410930.58
2026-08-25 19:00:00+00:00,82.314,83.365,80.817,81.756,1003643.7,511986.91
2026-08-25 20:00:00+00:00,81.757,81.772,78.317,78.462,1137807.84,478312.23
2026-08-25 21:00:00+00:00,78.461,79.692,78.283,79.571,881720.44,459362.36
2026-08-25 22:00:00+00:00,79.571,80.331,79.445,80.15,459249.06,252092.55
2026-08-25 23:00:00+00:00,80.151,80.387,78.971,79.634,350694.32,156673.14
2026-08-26 00:00:00+00:00,79.636,80.787,79.423,80.529,488587.95,255586.31
2026-08-26 01:00:00+00:00,80.529,81.546,80.441,81.363,373775.06,203811.31
2026-08-26 02:00:00+00:00,81.362,81.984,81.038,81.812,315182.41,139503.83
2026-08-26 03:00:00+00:00,81.812,81.973,81.35,81.651,292649.61,117002.2
2026-08-26 04:00:00+00:00,81.65,82.321,81.559,82.052,367718.14,197918.14
2026-08-26 05:00:00+00:00,82.051,83.177,81.426,82.453,690762.39,383928.86
2026-08-26 06:00:00+00:00,82.452,82.6,81.68,81.977,470921.04,204437.84
2026-08-26 07:00:00+00:00,81.976,82.507,81.675,81.91,312923.24,152883.34
2026-08-26 08:00:00+00:00,81.91,82.75,81.589,81.979,488505.26,249254.17
2026-08-26 09:00:00+00:00,81.98,82.18,81.267,81.915,407777.96,199593.24
2026-08-26 10:00:00+00:00,81.914,83.765,81.742,83.16,1040262.16,565732.5
2026-08-26 11:00:00+00:00,83.161,83.6,81.396,81.815,1063235.43,505814.41
2026-08-26 12:00:00+00:00,81.815,82.739,81.072,81.871,1018093.04,523401.52
2026-08-26 13:00:00+00:00,81.871,82.112,80.568,81.64,1075552.21,536988.59
2026-08-26 14:00:00+00:00,81.64,82.424,80.834,81.142,780867.59,385046.55
2026-08-26 15:00:00+00:00,81.142,81.409,80.357,80.461,605747.35,293171.09
2026-08-26 16:00:00+00:00,80.461,80.932,79.42,79.673,876289.25,373940.92
2026-08-26 17:00:00+00:00,79.673,81.199,79.477,80.74,625821.37,323537.66
2026-08-26 18:00:00+00:00,80.739,81.267,80.394,81.033,231460.89,123512.25
2026-08-26 19:00:00+00:00,81.033,81.368,80.71,81.061,255915.16,134962.92
2026-08-26 20:00:00+00:00,81.061,81.456,80.006,80.385,381571.08,178922.6
2026-08-26 21:00:00+00:00,80.386,82.233,80.332,82.097,614098.68,339835.47
2026-08-26 22:00:00+00:00,82.102,82.88,81.176,81.347,695381.38,356797.91
2026-08-26 23:00:00+00:00,81.347,82.496,81.282,82.266,495130.76,279422.92
2026-08-27 00:00:00+00:00,82.266,82.287,81.133,81.165,344650.93,155045.46
2026-08-27 01:00:00+00:00,81.164,82.122,81.101,81.774,326838.23,167964.98
2026-08-27 02:00:00+00:00,81.774,82.196,80.751,81.035,447233.52,202484.29
2026-08-27 03:00:00+00:00,81.034,81.375,80.603,80.741,222849.62,119387.41
2026-08-27 04:00:00+00:00,80.742,81.108,80.456,80.696,202396.99,98924.17
2026-08-27 05:00:00+00:00,80.695,81.758,80.567,81.555,248809.46,140688.23
2026-08-27 06:00:00+00:00,81.554,81.66,80.896,81.584,210798.88,98560.5
2026-08-27 07:00:00+00:00,81.582,81.872,81.259,81.71,171568.1,93800.03
2026-08-27 08:00:00+00:00,81.711,82.479,81.402,82.473,788172.12,407600.48
2026-08-27 09:00:00+00:00,82.474,83.836,82.203,83.066,1187026.45,673431.93
2026-08-27 10:00:00+00:00,83.064,83.599,81.769,82.239,1105304.44,564612.05
2026-08-27 11:00:00+00:00,82.239,82.8,81.537,82.003,438823.2,201031.97
2026-08-27 12:00:00+00:00,82.002,82.499,81.958,82.225,255847.67,127074.44
2026-08-27 13:00:00+00:00,82.227,82.963,81.968,82.899,716513.41,380259.38
2026-08-27 14:00:00+00:00,82.898,84.79,82.145,84.163,1791269.66,1024879.89
2026-08-27 15:00:00+00:00,84.168,85.49,83.96,84.636,1514170.59,801009.66
2026-08-27 16:00:00+00:00,84.636,85.446,83.548,84.68,984465.12,490069.18
2026-08-27 17:00:00+00:00,84.676,86.437,84.481,85.664,1058474.36,565133.49
2026-08-27 18:00:00+00:00,85.664,86.349,84.688,86.307,781258.37,398828.04
2026-08-27 19:00:00+00:00,86.311,86.773,84.853,84.865,842488.79,431503.51
2026-08-27 20:00:00+00:00,84.866,85.526,84.318,85.357,502697.31,260108.03
2026-08-27 21:00:00+00:00,85.356,85.4,84.168,84.745,437463.35,195910.86
2026-08-27 22:00:00+00:00,84.74,85.308,84.486,84.908,257922.48,139540.4
2026-08-27 23:00:00+00:00,84.909,85.26,84.56,84.616,207239.29,103494.76
2026-08-28 00:00:00+00:00,84.617,84.63,83.821,84.109,398961.77,193099.36
2026-08-28 01:00:00+00:00,84.109,85.007,83.78,83.938,494431.87,245694.71
2026-08-28 02:00:00+00:00,83.938,84.074,83.213,83.313,493574.66,182918.27
2026-08-28 03:00:00+00:00,83.312,83.799,83.0,83.595,275014.57,133108.39
2026-08-28 04:00:00+00:00,83.595,83.772,82.845,83.22,349726.3,153546.4
2026-08-28 05:00:00+00:00,83.212,83.439,82.836,82.977,214258.14,120573.19
2026-08-28 06:00:00+00:00,82.977,83.668,82.959,83.522,289162.72,149640.33
2026-08-28 07:00:00+00:00,83.523,84.213,83.02,83.999,365412.18,186654.1
2026-08-28 08:00:00+00:00,83.997,84.713,83.19,83.344,441324.12,184695.89
2026-08-28 09:00:00+00:00,83.344,83.361,82.447,82.672,469098.41,206317.31
2026-08-28 10:00:00+00:00,82.672,83.604,82.227,83.43,492107.76,263331.21
2026-08-28 11:00:00+00:00,83.431,83.685,82.928,82.982,248293.52,132904.07
2026-08-28 12:00:00+00:00,82.981,83.258,82.629,82.998,215292.44,114815.88
2026-08-28 13:00:00+00:00,82.998,84.299,82.952,83.89,536025.74,281830.29
2026-08-28 14:00:00+00:00,83.888,85.324,82.55,84.721,1751916.67,894084.34
2026-08-28 15:00:00+00:00,84.721,85.031,81.249,81.698,1504327.27,673530.11
2026-08-28 16:00:00+00:00,81.706,82.054,80.123,81.516,1696343.2,804137.62
2026-08-28 17:00:00+00:00,81.516,82.126,80.615,80.805,672465.75,320313.29
2026-08-28 18:00:00+00:00,80.806,80.91,78.511,79.282,1370275.14,572080.47
2026-08-28 19:00:00+00:00,79.283,80.122,79.162,79.64,559883.53,291744.62
2026-08-28 20:00:00+00:00,79.643,80.456,79.404,79.801,358727.61,178156.73
2026-08-28 21:00:00+00:00,79.802,80.809,79.478,79.828,329794.44,202592.34
2026-08-28 22:00:00+00:00,79.832,81.148,79.811,81.054,384319.77,185029.5
2026-08-28 23:00:00+00:00,81.054,81.127,80.648,80.904,155263.76,68689.31
2026-08-29 00:00:00+00:00,80.906,81.197,80.089,80.161,302620.53,145036.93
2026-08-29 01:00:00+00:00,80.162,80.504,80.057,80.488,151815.01,78503.38
2026-08-29 02:00:00+00:00,80.488,80.833,80.124,80.712,164894.87,74483.05
2026-08-29 03:00:00+00:00,80.712,82.15,80.69,81.494,529007.19,271436.62
2026-08-29 04:00:00+00:00,81.495,82.118,81.311,81.816,245275.42,114709.19
2026-08-29 05:00:00+00:00,81.816,82.151,81.725,81.868,151777.48,69880.39
2026-08-29 06:00:00+00:00,81.869,81.892,80.77,81.41,341330.52,167278.07
2026-08-29 07:00:00+00:00,81.41,81.786,81.153,81.372,179577.49,96394.97
2026-08-29 08:00:00+00:00,81.37,81.447,80.987,81.228,163636.0,81463.35
2026-08-29 09:00:00+00:00,81.229,81.597,81.008,81.358,145367.84,82058.05
2026-08-29 10:00:00+00:00,81.36,81.465,80.966,81.25,142806.44,73153.35
2026-08-29 11:00:00+00:00,81.25,81.45,80.854,80.898,88123.57,37120.34
2026-08-29 12:00:00+00:00,80.896,81.449,80.895,81.415,134720.65,69779.43
2026-08-29 13:00:00+00:00,81.415,81.924,81.238,81.86,162337.5,90012.42
2026-08-29 14:00:00+00:00,81.86,82.825,81.647,82.709,466025.02,245632.21
2026-08-29 15:00:00+00:00,82.709,83.196,82.424,82.934,425819.07,206327.32
2026-08-29 16:00:00+00:00,82.935,83.489,82.805,82.958,468980.23,218007.16
2026-08-29 17:00:00+00:00,82.958,83.297,82.659,83.164,250324.18,116298.09
2026-08-29 18:00:00+00:00,83.163,83.278,82.52,83.118,249176.54,122031.95
2026-08-29 19:00:00+00:00,83.12,83.22,82.712,82.83,165770.47,86822.27
2026-08-29 20:00:00+00:00,82.831,82.99,82.725,82.776,133080.43,66292.31
2026-08-29 21:00:00+00:00,82.777,83.477,82.67,83.136,152420.45,85418.66
2026-08-29 22:00:00+00:00,83.136,83.538,83.084,83.449,201697.95,82301.35
2026-08-29 23:00:00+00:00,83.449,83.541,83.085,83.368,248596.32,96394.22
2026-08-30 00:00:00+00:00,83.368,83.474,83.006,83.166,187227.49,97373.48
2026-08-30 01:00:00+00:00,83.165,83.413,82.996,83.276,191624.01,92831.47
2026-08-30 02:00:00+00:00,83.275,83.357,82.868,82.921,134827.56,61109.92
2026-08-30 03:00:00+00:00,82.92,83.118,82.732,82.803,115651.95,59273.35
2026-08-30 04:00:00+00:00,82.803,83.088,82.326,82.819,192627.49,85439.5
2026-08-30 05:00:00+00:00,82.819,83.269,82.809,83.132,127828.29,68352.85
2026-08-30 06:00:00+00:00,83.126,83.447,82.945,83.377,108293.42,57031.17
2026-08-30 07:00:00+00:00,83.377,83.382,82.624,82.852,191167.76,93826.42
2026-08-30 08:00:00+00:00,82.853,83.983,82.812,83.371,363047.89,195674.13
2026-08-30 09:00:00+00:00,83.371,83.647,83.034,83.245,288483.64,127423.41
2026-08-30 10:00:00+00:00,83.244,83.586,83.131,83.5,154922.08,84898.07
2026-08-30 11:00:00+00:00,83.5,83.625,83.203,83.596,137332.1,77188.86
2026-08-30 12:00:00+00:00,83.596,83.876,83.2,83.764,339295.82,175736.55
2026-08-30 13:00:00+00:00,83.764,83.973,83.516,83.87,195918.72,100534.48
2026-08-30 14:00:00+00:00,83.871,84.143,83.316,83.508,251641.8,123968.08
2026-08-30 15:00:00+00:00,83.508,83.756,83.04,83.157,240049.64,112160.8
2026-08-30 16:00:00+00:00,83.157,83.997,83.129,83.979,346157.81,186531.22
2026-08-30 17:00:00+00:00,83.979,84.047,82.601,83.321,557566.24,256535.0
2026-08-30 18:00:00+00:00,83.322,83.623,82.98,83.344,213305.41,103093.84
2026-08-30 19:00:00+00:00,83.343,83.462,82.508,82.692,218649.01,106003.53
2026-08-30 20:00:00+00:00,82.693,82.84,81.576,81.716,484090.7,217654.73
2026-08-30 21:00:00+00:00,81.717,82.256,81.33,81.9,340200.86,179368.11
2026-08-30 22:00:00+00:00,81.9,82.15,80.666,80.849,504309.29,219058.92
2026-08-30 23:00:00+00:00,80.849,80.868,79.01,79.981,985266.12,465649.83
2026-08-31 00:00:00+00:00,79.981,80.621,79.552,80.186,424751.57,228020.85
2026-08-31 01:00:00+00:00,80.186,80.4,79.928,80.017,278734.88,141905.42
2026-08-31 02:00:00+00:00,80.018,80.98,79.741,80.032,388999.78,200847.57
2026-08-31 03:00:00+00:00,80.032,80.646,79.893,80.388,226544.81,122564.18
2026-08-31 04:00:00+00:00,80.388,80.397,79.939,80.28,160199.57,79614.17
2026-08-31 05:00:00+00:00,80.281,81.26,80.18,81.087,294101.03,168651.4
2026-08-31 06:00:00+00:00,81.088,81.088,80.76,80.89,192516.27,91439.39
2026-08-31 07:00:00+00:00,80.89,81.32,80.764,81.154,229221.84,127739.55
2026-08-31 08:00:00+00:00,81.154,81.574,80.925,81.352,242846.41,129234.01
2026-08-31 09:00:00+00:00,81.351,81.53,81.126,81.279,188669.78,94793.36
2026-08-31 10:00:00+00:00,81.28,82.148,81.129,81.775,404222.24,216573.6
2026-08-31 11:00:00+00:00,81.776,82.105,81.555,81.815,206342.21,94565.41
2026-08-31 12:00:00+00:00,81.816,82.109,80.903,81.165,406011.21,188743.09
2026-08-31 13:00:00+00:00,81.165,81.593,80.508,80.622,428531.41,201684.65
2026-08-31 14:00:00+00:00,80.621,81.846,80.621,81.583,441978.28,232476.73
2026-08-31 15:00:00+00:00,81.583,82.537,81.244,82.149,573122.5,312015.92
2026-08-31 16:00:00+00:00,82.15,84.96,81.648,83.758,2096021.15,1103323.31
2026-08-31 17:00:00+00:00,83.758,84.424,83.5,84.018,728417.53,355643.89
2026-08-31 18:00:00+00:00,84.019,84.683,83.752,83.823,524830.17,248131.39
2026-08-31 19:00:00+00:00,83.824,84.078,83.331,83.617,360345.69,172104.64
2026-08-31 20:00:00+00:00,83.618,84.733,83.595,84.618,325280.78,185095.08
2026-08-31 21:00:00+00:00,84.623,85.35,84.196,84.828,445303.31,268546.87
2026-08-31 22:00:00+00:00,84.827,85.204,84.377,84.405,265591.54,116511.25
2026-08-31 23:00:00+00:00,84.405,84.44,83.929,84.169,307431.17,119187.04
2026-09-01 00:00:00+00:00,84.169,84.569,83.917,84.073,350597.33,163201.69
2026-09-01 01:00:00+00:00,84.074,84.28,83.512,84.235,283515.19,143545.47
2026-09-01 02:00:00+00:00,84.234,84.296,83.55,83.95,307714.7,124001.3
2026-09-01 03:00:00+00:00,83.95,84.49,83.66,84.29,294757.52,146957.98
2026-09-01 04:00:00+00:00,84.29,84.439,83.802,83.9,194325.77,89226.74
2026-09-01 05:00:00+00:00,83.898,84.42,83.873,84.367,195500.36,106553.34
2026-09-01 06:00:00+00:00,84.366,84.451,83.966,84.038,216314.22,98582.02
2026-09-01 07:00:00+00:00,84.038,84.172,83.191,83.471,405491.13,164671.52
2026-09-01 08:00:00+00:00,83.471,83.604,82.659,83.035,520861.17,241425.45
2026-09-01 09:00:00+00:00,83.036,83.532,82.899,83.055,248279.92,119721.4
2026-09-01 10:00:00+00:00,83.054,83.773,82.709,83.487,287553.15,144824.49
2026-09-01 11:00:00+00:00,83.488,84.0,83.32,83.888,304262.12,169341.86
2026-09-01 12:00:00+00:00,83.889,83.902,82.611,83.173,488237.54,260472.22
2026-09-01 13:00:00+00:00,83.173,83.928,82.95,83.674,734656.1,341460.44
2026-09-01 14:00:00+00:00,83.676,84.44,83.532,83.818,581275.94,292123.55
2026-09-01 15:00:00+00:00,83.818,83.851,83.1,83.243,430848.61,207517.76
2026-09-01 16:00:00+00:00,83.242,83.333,81.883,82.306,685946.9,324087.28
2026-09-01 17:00:00+00:00,82.305,82.468,81.555,81.728,419259.14,201646.18
2026-09-01 18:00:00+00:00,81.728,81.91,80.6,81.57,839360.09,394955.26
2026-09-01 19:00:00+00:00,81.57,82.8,81.386,82.715,570464.38,287949.16
2026-09-01 20:00:00+00:00,82.715,83.003,82.281,82.567,393902.81,190839.47
2026-09-01 21:00:00+00:00,82.567,82.825,81.73,82.358,494294.04,246304.41
2026-09-01 22:00:00+00:00,82.357,82.612,81.963,82.439,292923.42,150879.1
2026-09-01 23:00:00+00:00,82.439,82.877,82.375,82.788,188236.5,107260.67
2026-09-02 00:00:00+00:00,82.789,83.267,82.521,82.539,348255.18,176070.75
2026-09-02 01:00:00+00:00,82.539,82.846,81.923,81.964,274889.11,121389.16
2026-09-02 02:00:00+00:00,81.964,83.158,81.731,82.924,408208.31,214013.5
2026-09-02 03:00:00+00:00,82.925,83.356,82.825,82.897,234718.38,118783.66
2026-09-02 04:00:00+00:00,82.896,83.119,82.527,83.073,174913.23,91674.23
2026-09-02 05:00:00+00:00,83.072,83.67,82.842,83.664,251546.27,140160.02
2026-09-02 06:00:00+00:00,83.665,83.694,82.828,83.169,281742.1,124226.49
2026-09-02 07:00:00+00:00,83.17,83.39,82.3,82.327,233523.37,95230.08
2026-09-02 08:00:00+00:00,82.328,82.492,81.245,81.481,391408.15,190851.65
2026-09-02 09:00:00+00:00,81.481,81.76,81.004,81.279,376368.05,170852.4
2026-09-02 10:00:00+00:00,81.28,81.419,80.79,81.316,338849.07,152744.84
2026-09-02 11:00:00+00:00,81.315,81.315,80.215,81.201,455135.28,233367.49
2026-09-02 12:00:00+00:00,81.2,81.661,80.935,80.991,377229.59,173485.75
2026-09-02 13:00:00+00:00,80.992,81.731,80.744,81.383,431783.16,226977.7
2026-09-02 14:00:00+00:00,81.382,81.92,80.942,80.945,385738.25,168351.43
2026-09-02 15:00:00+00:00,80.944,81.809,80.457,81.68,482142.7,240338.58
2026-09-02 16:00:00+00:00,81.68,82.036,81.357,81.421,337258.35,170700.24
2026-09-02 17:00:00+00:00,81.422,81.827,80.992,81.725,198815.4,95332.81
2026-09-02 18:00:00+00:00,81.725,81.9,81.166,81.646,315950.79,129633.07
2026-09-02 19:00:00+00:00,81.643,81.759,80.76,81.051,238107.64,100416.63
2026-09-02 20:00:00+00:00,81.051,81.59,80.904,81.446,217805.38,109108.78
2026-09-02 21:00:00+00:00,81.446,81.89,81.361,81.596,165875.18,99346.84
2026-09-02 22:00:00+00:00,81.597,81.677,81.009,81.237,228660.45,117123.46
2026-09-02 23:00:00+00:00,81.237,81.988,81.15,81.881,204043.23,109143.09
2026-09-03 00:00:00+00:00,81.881,82.068,81.2,81.275,316950.38,143072.49
2026-09-03 01:00:00+00:00,81.276,81.943,81.041,81.633,325008.89,161894.56
2026-09-03 02:00:00+00:00,81.632,82.451,81.491,82.276,356317.4,171550.82
2026-09-03 03:00:00+00:00,82.276,82.448,81.943,82.294,236782.1,118212.69
2026-09-03 04:00:00+00:00,82.294,82.516,82.062,82.49,197876.85,100226.88
2026-09-03 05:00:00+00:00,82.491,82.65,81.493,82.138,384112.5,192244.71
2026-09-03 06:00:00+00:00,82.14,82.25,81.93,82.081,165336.8,92282.52
2026-09-03 07:00:00+00:00,82.078,82.419,81.831,81.962,274979.83,138379.92
2026-09-03 08:00:00+00:00,81.963,82.345,81.8,81.97,243987.85,115174.33
2026-09-03 09:00:00+00:00,81.97,82.179,81.656,81.697,212334.63,102231.08
2026-09-03 10:00:00+00:00,81.698,81.875,81.148,81.538,332008.56,168995.58
2026-09-03 11:00:00+00:00,81.538,82.159,81.464,82.097,296644.21,152924.13
2026-09-03 12:00:00+00:00,82.098,82.811,81.871,82.73,492586.98,276953.96
2026-09-03 13:00:00+00:00,82.729,83.237,82.418,82.92,525198.02,261576.59
2026-09-03 14:00:00+00:00,82.92,84.024,82.7,83.917,881054.11,457579.38
2026-09-03 15:00:00+00:00,83.918,84.697,83.425,84.511,1615905.1,864970.43
2026-09-03 16:00:00+00:00,84.511,84.613,83.13,84.063,1003742.91,445974.81
2026-09-03 17:00:00+00:00,84.064,84.341,83.789,83.98,325087.95,159533.37
2026-09-03 18:00:00+00:00,83.979,84.568,83.706,84.477,318489.75,172285.72
2026-09-03 19:00:00+00:00,84.476,86.141,84.211,85.806,964472.61,534436.2
2026-09-03 20:00:00+00:00,85.807,86.47,85.108,85.299,767877.06,354482.62
2026-09-03 21:00:00+00:00,85.299,85.661,85.0,85.375,435390.95,206077.37
2026-09-03 22:00:00+00:00,85.374,86.096,85.22,85.828,438056.38,212181.96
2026-09-03 23:00:00+00:00,85.828,88.16,85.756,87.459,1164615.26,645378.36
2026-09-04 00:00:00+00:00,87.459,87.884,86.426,86.479,663934.09,283292.9
2026-09-04 01:00:00+00:00,86.479,87.472,86.406,87.227,371619.88,193897.81
2026-09-04 02:00:00+00:00,87.228,87.585,86.67,87.025,278977.93,144176.74
2026-09-04 03:00:00+00:00,87.024,87.516,86.825,87.211,208310.72,105446.02
2026-09-04 04:00:00+00:00,87.211,87.313,86.357,86.429,306350.74,133202.05
2026-09-04 05:00:00+00:00,86.43,86.643,85.615,86.2,472302.78,205982.58
2026-09-04 06:00:00+00:00,86.2,86.216,85.675,86.012,193217.11,100351.94
2026-09-04 07:00:00+00:00,86.013,86.69,85.84,86.269,354124.99,186691.61
2026-09-04 08:00:00+00:00,86.271,86.948,85.652,86.888,382954.71,209799.89
2026-09-04 09:00:00+00:00,86.889,87.114,86.428,86.934,372392.66,190029.55
2026-09-04 10:00:00+00:00,86.933,87.294,86.418,87.026,309598.18,150041.11
2026-09-04 11:00:00+00:00,87.026,87.236,86.849,87.231,181643.32,96905.4
2026-09-04 12:00:00+00:00,87.23,87.428,84.555,85.51,1820968.55,811038.64
2026-09-04 13:00:00+00:00,85.512,85.929,84.65,85.05,808203.38,358189.32
2026-09-04 14:00:00+00:00,85.05,85.378,83.51,83.724,934157.51,401815.29
2026-09-04 15:00:00+00:00,83.725,84.816,83.5,84.689,511887.41,284527.71
2026-09-04 16:00:00+00:00,84.689,85.442,84.532,85.071,343591.54,185151.23
2026-09-04 17:00:00+00:00,85.072,85.521,84.856,84.955,218902.24,100817.45
2026-09-04 18:00:00+00:00,84.956,85.384,84.724,85.116,241998.61,123070.73
2026-09-04 19:00:00+00:00,85.116,85.416,84.81,84.849,226421.87,116769.1
2026-09-04 20:00:00+00:00,84.849,85.131,84.272,84.309,255092.7,113305.69
2026-09-04 21:00:00+00:00,84.31,84.465,83.507,83.884,257433.08,128288.01
2026-09-04 22:00:00+00:00,83.884,84.243,83.76,83.843,186077.52,111361.94
2026-09-04 23:00:00+00:00,83.843,84.528,83.817,84.399,131740.21,67601.36
2026-09-05 00:00:00+00:00,84.4,84.633,84.262,84.323,201336.77,97251.15
2026-09-05 01:00:00+00:00,84.323,84.394,83.986,84.032,204759.52,95172.08
2026-09-05 02:00:00+00:00,84.032,84.228,83.945,84.096,121349.02,61743.52
2026-09-05 03:00:00+00:00,84.097,84.189,83.758,83.924,185165.49,97927.64
2026-09-05 04:00:00+00:00,83.924,84.111,83.723,83.953,131764.18,60039.95
2026-09-05 05:00:00+00:00,83.958,84.3,83.651,84.144,194979.13,106496.9
2026-09-05 06:00:00+00:00,84.144,84.385,83.924,84.259,143917.66,74862.1
2026-09-05 07:00:00+00:00,84.259,84.703,84.223,84.52,216172.65,116342.11
2026-09-05 08:00:00+00:00,84.52,84.789,84.356,84.748,176348.6,80838.64
2026-09-05 09:00:00+00:00,84.748,84.88,84.619,84.842,122919.67,66681.61
2026-09-05 10:00:00+00:00,84.842,84.858,84.553,84.575,132863.67,54925.3
2026-09-05 11:00:00+00:00,84.575,85.013,84.575,84.813,133941.41,70125.04
2026-09-05 12:00:00+00:00,84.814,85.214,84.732,85.172,191138.94,104599.02
2026-09-05 13:00:00+00:00,85.172,85.699,85.0,85.04,336580.68,175055.65
2026-09-05 14:00:00+00:00,85.04,85.392,85.032,85.127,131148.87,58365.07
2026-09-05 15:00:00+00:00,85.127,85.561,85.011,85.365,205072.79,102033.07
2026-09-05 16:00:00+00:00,85.365,86.128,85.31,85.996,332206.06,173810.07
2026-09-05 17:00:00+00:00,85.997,86.11,85.352,85.662,279625.79,112181.37
2026-09-05 18:00:00+00:00,85.662,85.8,85.454,85.787,187966.65,99976.28
2026-09-05 19:00:00+00:00,85.787,86.093,85.259,85.342,208238.02,83774.96
2026-09-05 20:00:00+00:00,85.343,85.656,85.17,85.223,180866.15,87366.46
2026-09-05 21:00:00+00:00,85.223,85.947,85.161,85.535,102706.64,49388.04
2026-09-05 22:00:00+00:00,85.536,85.715,85.228,85.329,113881.81,50514.09
2026-09-05 23:00:00+00:00,85.33,85.46,85.099,85.382,168573.92,73184.59
2026-09-06 00:00:00+00:00,85.381,85.6,85.284,85.361,151371.7,70341.2
2026-09-06 01:00:00+00:00,85.361,86.378,84.641,85.379,559145.08,275015.51
2026-09-06 02:00:00+00:00,85.38,85.629,85.02,85.504,192936.09,90492.98
2026-09-06 03:00:00+00:00,85.505,86.1,85.505,85.841,181221.44,92106.62
2026-09-06 04:00:00+00:00,85.846,86.724,85.783,86.616,310961.74,154375.78
2026-09-06 05:00:00+00:00,86.616,87.347,86.423,86.763,486916.37,235305.5
2026-09-06 06:00:00+00:00,86.764,86.769,86.074,86.27,277077.63,125200.94
2026-09-06 07:00:00+00:00,86.27,86.702,85.82,86.541,378214.23,166652.34
2026-09-06 08:00:00+00:00,86.54,87.1,86.354,86.646,241334.0,121040.33
2026-09-06 09:00:00+00:00,86.646,87.911,86.646,87.813,495528.51,289452.2
2026-09-06 10:00:00+00:00,87.813,88.079,87.519,87.872,237869.98,124626.98
2026-09-06 11:00:00+00:00,87.872,88.76,87.583,88.535,518230.1,296232.96
2026-09-06 12:00:00+00:00,88.536,89.666,88.131,89.171,740174.79,420362.92
2026-09-06 13:00:00+00:00,89.17,89.5,88.483,89.421,563446.11,286248.5
2026-09-06 14:00:00+00:00,89.421,89.499,88.043,88.985,765599.74,370792.66
2026-09-06 15:00:00+00:00,88.985,89.544,88.277,88.429,632470.5,283300.39
2026-09-06 16:00:00+00:00,88.429,88.521,87.26,88.024,515966.18,246354.32
2026-09-06 17:00:00+00:00,88.025,88.338,87.583,88.151,314146.04,165592.49
2026-09-06 18:00:00+00:00,88.152,88.256,87.461,87.665,226074.21,112544.28
2026-09-06 19:00:00+00:00,87.666,87.765,87.068,87.289,245307.62,104861.09
2026-09-06 20:00:00+00:00,87.281,88.296,87.021,88.158,347223.52,195451.12
2026-09-06 21:00:00+00:00,88.158,88.449,87.53,87.783,266455.06,118973.85
2026-09-06 22:00:00+00:00,87.783,87.958,86.6,87.408,570471.81,257253.63
2026-09-06 23:00:00+00:00,87.406,88.044,87.289,87.985,298418.57,158194.14
2026-09-07 00:00:00+00:00,87.986,88.108,87.476,87.671,213132.18,98051.93
2026-09-07 01:00:00+00:00,87.672,87.76,86.316,86.81,466030.63,205886.45
2026-09-07 02:00:00+00:00,86.809,87.729,86.508,86.984,247930.93,126974.55
2026-09-07 03:00:00+00:00,86.984,86.986,86.038,86.281,345211.41,166933.53
2026-09-07 04:00:00+00:00,86.283,86.396,86.003,86.251,191166.12,95483.96
2026-09-07 05:00:00+00:00,86.251,86.83,86.173,86.581,187492.93,110670.15
2026-09-07 06:00:00+00:00,86.581,86.967,86.561,86.895,130686.32,63213.14
2026-09-07 07:00:00+00:00,86.895,87.016,86.05,86.364,308319.94,125225.2
2026-09-07 08:00:00+00:00,86.366,86.884,86.318,86.862,156501.17,80120.94
2026-09-07 09:00:00+00:00,86.861,87.526,86.776,87.229,256847.74,142642.47
2026-09-07 10:00:00+00:00,87.23,87.875,87.23,87.782,228729.66,125917.7
2026-09-07 11:00:00+00:00,87.782,88.0,87.531,87.823,210464.38,100546.05
2026-09-07 12:00:00+00:00,87.823,88.381,87.766,88.1,269541.85,140937.65
2026-09-07 13:00:00+00:00,88.099,88.298,87.357,87.54,294841.78,121928.54
2026-09-07 14:00:00+00:00,87.54,87.795,86.278,86.804,580314.61,277885.1
2026-09-07 15:00:00+00:00,86.803,86.827,84.7,85.131,878280.54,324108.54
2026-09-07 16:00:00+00:00,85.131,85.723,85.108,85.429,339876.57,180003.76
2026-09-07 17:00:00+00:00,85.429,85.658,84.956,85.017,221502.49,89199.27
2026-09-07 18:00:00+00:00,85.017,85.346,84.823,85.045,182663.25,99724.25
2026-09-07 19:00:00+00:00,85.045,85.685,84.83,85.653,175065.32,109433.28
2026-09-07 20:00:00+00:00,85.654,85.758,85.279,85.296,141943.63,52082.83
2026-09-07 21:00:00+00:00,85.298,85.434,85.145,85.199,78322.55,41050.0
2026-09-07 22:00:00+00:00,85.199,85.334,84.5,85.078,246332.46,104087.13
2026-09-07 23:00:00+00:00,85.077,85.492,85.03,85.176,206458.26,115449.95
2026-09-08 00:00:00+00:00,85.176,85.282,84.614,85.243,196253.13,101906.99
2026-09-08 01:00:00+00:00,85.242,85.456,84.906,85.392,199909.83,98318.9
2026-09-08 02:00:00+00:00,85.393,85.486,84.059,84.157,342409.42,118286.54
2026-09-08 03:00:00+00:00,84.158,84.29,83.747,84.089,306504.23,126616.17
2026-09-08 04:00:00+00:00,84.089,84.438,83.897,84.272,268213.71,146618.75
2026-09-08 05:00:00+00:00,84.273,84.531,84.105,84.105,191230.33,82036.23
2026-09-08 06:00:00+00:00,84.105,84.299,83.159,83.873,396581.28,166586.5
2026-09-08 07:00:00+00:00,83.877,84.343,83.811,84.113,182534.8,102314.02
2026-09-08 08:00:00+00:00,84.113,84.48,83.767,84.061,207021.09,107288.67
2026-09-08 09:00:00+00:00,84.061,84.46,83.931,84.373,159688.13,88906.22
2026-09-08 10:00:00+00:00,84.373,84.586,83.685,83.687,158582.52,71842.15
2026-09-08 11:00:00+00:00,83.687,83.762,82.928,83.191,334019.74,143303.82
2026-09-08 12:00:00+00:00,83.19,83.329,82.626,83.288,333895.55,157381.95
2026-09-08 13:00:00+00:00,83.289,83.382,81.505,82.637,909528.81,435598.2
2026-09-08 14:00:00+00:00,82.636,83.921,82.388,83.603,597501.94,312991.8
2026-09-08 15:00:00+00:00,83.604,84.082,83.47,83.915,309188.27,165061.25
2026-09-08 16:00:00+00:00,83.912,84.777,83.537,84.21,508711.91,277960.7
2026-09-08 17:00:00+00:00,84.21,84.378,83.733,83.848,246063.18,97843.89
2026-09-08 18:00:00+00:00,83.848,84.499,83.785,84.367,251376.27,118696.91
2026-09-08 19:00:00+00:00,84.366,84.603,84.008,84.164,249925.45,107032.82
2026-09-08 20:00:00+00:00,84.165,84.5,84.051,84.214,166805.62,78142.66
2026-09-08 21:00:00+00:00,84.215,84.53,84.209,84.356,115445.5,58254.33
2026-09-08 22:00:00+00:00,84.357,84.981,84.357,84.958,254564.89,135141.34
2026-09-08 23:00:00+00:00,84.957,85.198,84.629,85.121,199117.87,112704.9
2026-09-09 00:00:00+00:00,85.121,85.8,85.075,85.674,268430.4,140245.6
2026-09-09 01:00:00+00:00,85.674,85.816,85.104,85.571,240561.71,101955.39
2026-09-09 02:00:00+00:00,85.571,85.967,85.238,85.635,246510.71,121163.01
2026-09-09 03:00:00+00:00,85.635,85.695,85.015,85.22,281684.49,147359.57
2026-09-09 04:00:00+00:00,85.22,86.164,85.22,86.138,287431.26,172631.4
2026-09-09 05:00:00+00:00,86.146,86.165,85.444,85.632,238308.46,91712.35
2026-09-09 06:00:00+00:00,85.631,86.768,85.631,86.74,314074.66,177766.08
2026-09-09 07:00:00+00:00,86.74,86.894,86.561,86.865,203738.42,95248.28
2026-09-09 08:00:00+00:00,86.866,86.979,86.219,86.545,259910.74,123042.87
2026-09-09 09:00:00+00:00,86.544,86.629,85.573,85.662,279292.77,93473.65
2026-09-09 10:00:00+00:00,85.662,86.162,85.545,86.153,228550.55,115160.06
2026-09-09 11:00:00+00:00,86.153,86.317,85.53,86.299,195223.65,99801.87
2026-09-09 12:00:00+00:00,86.298,87.024,86.217,86.755,364155.41,193347.84
2026-09-09 13:00:00+00:00,86.754,86.845,85.765,86.526,373127.0,136815.47
2026-09-09 14:00:00+00:00,86.525,86.598,85.827,86.083,290129.31,149520.34
2026-09-09 15:00:00+00:00,86.083,86.412,83.769,85.008,936316.52,437929.09
2026-09-09 16:00:00+00:00,85.008,85.75,84.707,85.672,387730.03,194854.65
2026-09-09 17:00:00+00:00,85.672,87.059,85.45,86.965,497439.87,274875.26
2026-09-09 18:00:00+00:00,86.964,86.992,85.885,85.927,270842.2,109565.46
2026-09-09 19:00:00+00:00,85.927,86.161,84.532,84.807,439304.98,187114.21
2026-09-09 20:00:00+00:00,84.808,85.452,84.088,85.399,429497.53,240887.68
2026-09-09 21:00:00+00:00,85.399,85.537,84.172,84.348,238569.33,109132.84
2026-09-09 22:00:00+00:00,84.349,84.474,82.421,82.577,931154.03,411474.06
2026-09-09 23:00:00+00:00,82.578,83.629,82.532,83.525,395699.77,212818.86
2026-09-10 00:00:00+00:00,83.526,83.642,82.66,82.705,233078.18,103401.04
2026-09-10 01:00:00+00:00,82.704,83.619,82.692,83.201,259533.32,137283.01
2026-09-10 02:00:00+00:00,83.202,84.092,83.164,84.01,205492.79,109201.55
2026-09-10 03:00:00+00:00,84.009,84.276,83.914,84.01,162446.78,71235.74
2026-09-10 04:00:00+00:00,84.011,84.398,83.954,84.23,152184.95,85848.99
2026-09-10 05:00:00+00:00,84.23,84.358,83.714,84.028,199545.78,90087.24
2026-09-10 06:00:00+00:00,84.028,84.037,83.358,83.822,188800.78,81350.65
2026-09-10 07:00:00+00:00,83.822,83.822,82.695,83.24,253806.5,98890.73
2026-09-10 08:00:00+00:00,83.239,83.394,82.937,83.009,163809.64,84192.73
2026-09-10 09:00:00+00:00,83.009,83.404,82.592,82.835,243517.89,105453.42
2026-09-10 10:00:00+00:00,82.837,83.062,82.5,82.662,217997.22,88575.62
2026-09-10 11:00:00+00:00,82.662,83.269,82.114,82.788,403464.75,191567.86
2026-09-10 12:00:00+00:00,82.787,82.931,80.214,80.691,1269409.39,547341.72
2026-09-10 13:00:00+00:00,80.69,81.395,80.634,81.05,819376.96,405328.43
2026-09-10 14:00:00+00:00,81.05,81.477,80.3,81.252,605505.03,313043.86
2026-09-10 15:00:00+00:00,81.252,81.271,80.391,80.671,358907.99,176545.92
2026-09-10 16:00:00+00:00,80.672,80.9,78.701,79.981,1152876.52,496143.46
2026-09-10 17:00:00+00:00,79.981,80.857,79.845,80.25,603811.64,310308.04
2026-09-10 18:00:00+00:00,80.251,80.98,79.624,80.89,379670.79,175715.52
2026-09-10 19:00:00+00:00,80.889,80.889,79.913,80.165,278809.24,118890.07
2026-09-10 20:00:00+00:00,80.166,80.715,80.166,80.393,182198.45,85718.07
2026-09-10 21:00:00+00:00,80.393,80.621,80.062,80.15,115499.49,62267.35
2026-09-10 22:00:00+00:00,80.15,80.437,79.345,79.452,207387.11,80028.12
2026-09-10 23:00:00+00:00,79.453,79.598,78.159,78.571,631844.33,256635.77
2026-09-11 00:00:00+00:00,78.572,79.232,78.489,79.232,355320.58,196721.99
2026-09-11 01:00:00+00:00,79.232,79.529,78.588,79.122,444312.91,182234.86
2026-09-11 02:00:00+00:00,79.122,79.202,78.355,78.642,255341.07,128756.83
2026-09-11 03:00:00+00:00,78.641,78.777,78.174,78.734,216789.45,105419.57
2026-09-11 04:00:00+00:00,78.734,79.598,78.658,79.274,252425.53,139550.29
2026-09-11 05:00:00+00:00,79.274,79.85,79.183,79.825,185022.97,102135.26
2026-09-11 06:00:00+00:00,79.824,80.04,79.474,79.985,175574.12,87902.89
2026-09-11 07:00:00+00:00,79.984,80.386,79.778,79.841,177844.22,93433.11
2026-09-11 08:00:00+00:00,79.841,80.388,79.602,80.315,159306.74,84689.38
2026-09-11 09:00:00+00:00,80.314,80.315,79.167,79.489,214490.64,83321.38
2026-09-11 10:00:00+00:00,79.488,79.72,79.046,79.077,137414.47,61308.85
2026-09-11 11:00:00+00:00,79.078,79.33,78.539,79.228,229304.57,113850.56
2026-09-11 12:00:00+00:00,79.227,82.175,78.579,81.968,1457251.24,755611.81
2026-09-11 13:00:00+00:00,81.969,83.45,80.556,83.399,1020850.23,547831.89
2026-09-11 14:00:00+00:00,83.416,83.842,82.268,82.888,1069605.79,510933.15
2026-09-11 15:00:00+00:00,82.892,83.643,81.577,81.948,638865.57,278860.15
2026-09-11 16:00:00+00:00,81.948,82.602,81.165,82.011,662342.23,346572.05
2026-09-11 17:00:00+00:00,82.011,82.099,81.412,81.526,205089.27,95944.36
2026-09-11 18:00:00+00:00,81.527,81.66,79.708,79.889,557595.55,249671.7
2026-09-11 19:00:00+00:00,79.889,80.884,79.663,80.728,287856.28,162362.5
2026-09-11 20:00:00+00:00,80.729,81.327,80.272,80.61,314828.74,154417.6
2026-09-11 21:00:00+00:00,80.61,80.899,79.76,79.872,119552.1,51821.57
2026-09-11 22:00:00+00:00,79.871,80.101,78.6,78.968,583815.94,255991.91
2026-09-11 23:00:00+00:00,78.968,79.547,78.846,79.429,275233.7,165952.88
2026-09-12 00:00:00+00:00,79.429,79.518,78.695,78.755,195071.68,93424.65
2026-09-12 01:00:00+00:00,78.755,79.082,78.569,78.72,161012.94,81071.65
2026-09-12 02:00:00+00:00,78.72,79.207,78.683,79.04,186753.35,105016.22
2026-09-12 03:00:00+00:00,79.041,79.067,78.511,78.862,179221.8,97531.73
2026-09-12 04:00:00+00:00,78.861,78.906,78.409,78.492,174323.07,70736.88
2026-09-12 05:00:00+00:00,78.492,78.777,78.346,78.582,157127.01,78373.73
2026-09-12 06:00:00+00:00,78.582,78.899,78.44,78.763,103316.05,57069.14
2026-09-12 07:00:00+00:00,78.764,79.111,78.726,79.052,133210.84,80227.08
2026-09-12 08:00:00+00:00,79.053,79.467,78.927,79.368,239001.66,134658.24
2026-09-12 09:00:00+00:00,79.368,79.496,79.178,79.486,162642.11,80468.35
2026-09-12 10:00:00+00:00,79.485,79.899,79.454,79.813,213681.04,110587.41
2026-09-12 11:00:00+00:00,79.813,80.4,79.615,80.215,234084.06,125557.83
2026-09-12 12:00:00+00:00,80.215,80.41,79.959,80.263,162030.26,73651.81
2026-09-12 13:00:00+00:00,80.264,80.488,80.023,80.151,171931.9,89035.16
2026-09-12 14:00:00+00:00,80.151,80.473,80.1,80.274,163602.64,70000.33
2026-09-12 15:00:00+00:00,80.275,80.465,80.048,80.215,187858.81,81263.55
2026-09-12 16:00:00+00:00,80.215,80.4,79.936,80.289,175092.73,82685.79
2026-09-12 17:00:00+00:00,80.289,80.773,80.172,80.497,188003.79,103863.1
2026-09-12 18:00:00+00:00,80.496,80.528,79.85,80.085,145603.29,61636.02
2026-09-12 19:00:00+00:00,80.086,80.103,79.35,79.661,282720.75,149020.38
2026-09-12 20:00:00+00:00,79.661,79.999,79.661,79.764,101914.56,49975.15
2026-09-12 21:00:00+00:00,79.764,80.041,79.436,79.512,153439.68,76618.79
2026-09-12 22:00:00+00:00,79.511,79.815,79.415,79.641,91691.86,49860.32
2026-09-12 23:00:00+00:00,79.64,79.844,79.595,79.639,66449.76,31113.25
2026-09-13 00:00:00+00:00,79.639,79.657,79.054,79.228,164656.12,59061.76
2026-09-13 01:00:00+00:00,79.227,79.505,79.206,79.348,133324.46,70980.83
2026-09-13 02:00:00+00:00,79.348,79.523,79.152,79.201,93527.22,48790.34
2026-09-13 03:00:00+00:00,79.201,79.434,79.0,79.022,146682.19,61981.06
2026-09-13 04:00:00+00:00,79.022,79.211,78.936,79.114,118751.52,57249.71
2026-09-13 05:00:00+00:00,79.115,79.52,79.114,79.386,94218.13,56274.4
2026-09-13 06:00:00+00:00,79.385,79.443,78.623,78.76,164033.21,70679.54
2026-09-13 07:00:00+00:00,78.761,78.923,78.496,78.508,203149.52,100234.2
2026-09-13 08:00:00+00:00,78.506,78.595,77.66,77.825,446348.48,204992.27
2026-09-13 09:00:00+00:00,77.826,78.069,77.201,77.937,393782.23,189102.78
2026-09-13 10:00:00+00:00,77.937,77.959,77.001,77.291,246141.52,90792.27
2026-09-13 11:00:00+00:00,77.289,77.599,77.11,77.528,177510.49,106522.17
2026-09-13 12:00:00+00:00,77.527,77.783,77.315,77.75,139232.15,76900.29
2026-09-13 13:00:00+00:00,77.753,78.179,76.545,78.005,603040.18,284120.33
2026-09-13 14:00:00+00:00,78.005,78.645,77.861,78.431,396835.49,215233.06
2026-09-13 15:00:00+00:00,78.431,78.458,77.914,77.95,223984.82,103779.45
2026-09-13 16:00:00+00:00,77.951,78.625,77.947,78.45,155013.96,84384.73
2026-09-13 17:00:00+00:00,78.45,78.745,78.133,78.404,188286.52,91707.89
2026-09-13 18:00:00+00:00,78.403,78.448,78.209,78.34,61580.78,25730.85
2026-09-13 19:00:00+00:00,78.341,78.65,77.787,78.097,213912.42,93409.14
2026-09-13 20:00:00+00:00,78.098,78.9,78.079,78.895,165732.05,86238.7
2026-09-13 21:00:00+00:00,78.895,78.98,78.452,78.549,97460.23,36962.81
2026-09-13 22:00:00+00:00,78.548,78.548,76.902,77.431,484907.34,232953.55
2026-09-13 23:00:00+00:00,77.431,77.662,77.192,77.284,221812.32,117489.07
2026-09-14 00:00:00+00:00,77.284,77.996,76.95,77.788,302599.68,153606.45
2026-09-14 01:00:00+00:00,77.787,78.319,77.507,78.233,221935.55,104369.73
2026-09-14 02:00:00+00:00,78.232,79.53,78.042,79.416,424182.64,242958.86
2026-09-14 03:00:00+00:00,79.415,80.106,79.316,79.881,481109.37,234772.69
2026-09-14 04:00:00+00:00,79.88,80.329,79.812,80.016,292216.86,147736.22
2026-09-14 05:00:00+00:00,80.016,80.071,79.42,79.568,259475.22,121439.82
2026-09-14 06:00:00+00:00,79.57,80.149,79.409,79.663,234798.75,112365.74
2026-09-14 07:00:00+00:00,79.664,80.178,79.539,79.929,176089.57,89907.26
2026-09-14 08:00:00+00:00,79.929,80.035,79.426,79.804,195755.45,94871.47
2026-09-14 09:00:00+00:00,79.804,80.392,79.072,80.029,465841.42,215024.65
2026-09-14 10:00:00+00:00,80.03,80.032,79.529,79.823,217198.0,113871.23
2026-09-14 11:00:00+00:00,79.822,80.5,79.479,80.121,261349.53,135679.97
2026-09-14 12:00:00+00:00,80.121,80.83,79.68,79.793,333215.78,156993.52
2026-09-14 13:00:00+00:00,79.793,80.847,79.023,80.269,708470.96,342962.49
2026-09-14 14:00:00+00:00,80.27,81.073,79.454,79.752,673254.9,328082.34
2026-09-14 15:00:00+00:00,79.752,80.371,79.254,79.845,431101.6,218357.86
2026-09-14 16:00:00+00:00,79.845,80.95,79.558,80.479,391406.18,204420.51
2026-09-14 17:00:00+00:00,80.48,81.29,80.413,81.29,274621.66,147092.13
2026-09-14 18:00:00+00:00,81.29,82.082,80.956,81.643,452615.27,245531.91
2026-09-14 19:00:00+00:00,81.644,81.644,80.933,81.262,388523.51,167655.12
2026-09-14 20:00:00+00:00,81.262,82.5,81.102,81.44,535103.51,275068.55
2026-09-14 21:00:00+00:00,81.433,81.479,80.475,80.557,401530.86,196022.82
2026-09-14 22:00:00+00:00,80.557,80.657,80.008,80.031,233728.69,126209.24
2026-09-14 23:00:00+00:00,80.031,80.395,79.841,80.316,206182.03,111672.39
2026-09-15 00:00:00+00:00,80.315,80.545,79.891,80.182,253205.99,110731.83
2026-09-15 01:00:00+00:00,80.182,80.497,79.864,80.223,200104.37,100094.73
2026-09-15 02:00:00+00:00,80.224,80.401,79.896,79.942,162636.83,88405.58
2026-09-15 03:00:00+00:00,79.942,79.942,79.256,79.472,304582.39,118271.37
2026-09-15 04:00:00+00:00,79.471,79.608,79.255,79.369,184419.73,77217.11
2026-09-15 05:00:00+00:00,79.362,79.853,78.8,79.712,314454.44,153860.39
2026-09-15 06:00:00+00:00,79.713,79.993,79.009,79.215,191741.26,77973.19
2026-09-15 07:00:00+00:00,79.215,79.239,78.456,78.655,236206.55,95272.01
2026-09-15 08:00:00+00:00,78.655,79.04,78.476,79.034,195832.34,96775.96
2026-09-15 09:00:00+00:00,79.034,79.314,78.71,79.188,147233.74,76646.33
2026-09-15 10:00:00+00:00,79.189,79.496,79.038,79.411,160463.1,82647.99
2026-09-15 11:00:00+00:00,79.411,79.489,78.757,79.025,174738.18,69889.32
2026-09-15 12:00:00+00:00,79.025,79.76,78.959,79.484,214742.18,108267.61
2026-09-15 13:00:00+00:00,79.483,79.767,78.414,79.159,413934.26,202245.34
2026-09-15 14:00:00+00:00,79.16,79.292,76.379,76.95,1011540.85,425480.81
2026-09-15 15:00:00+00:00,76.949,77.837,76.807,77.255,514852.11,279066.93
2026-09-15 16:00:00+00:00,77.254,77.414,76.665,76.72,390406.02,160419.89
2026-09-15 17:00:00+00:00,76.72,78.106,76.421,77.361,466071.22,239810.03
2026-09-15 18:00:00+00:00,77.36,78.02,75.129,77.075,1571991.97,743437.12
2026-09-15 19:00:00+00:00,77.081,77.506,76.287,77.21,842170.72,432681.12
2026-09-15 20:00:00+00:00,77.211,77.652,76.424,77.258,424793.45,206988.18
2026-09-15 21:00:00+00:00,77.258,77.258,76.449,76.517,314446.61,140498.52
2026-09-15 22:00:00+00:00,76.52,77.031,76.361,76.792,255406.14,129872.64
2026-09-15 23:00:00+00:00,76.793,77.475,76.772,76.955,246322.5,121414.97
2026-09-16 00:00:00+00:00,76.956,77.433,76.706,77.296,276999.96,141584.12
2026-09-16 01:00:00+00:00,77.294,77.562,76.689,76.717,224795.86,97654.44
2026-09-16 02:00:00+00:00,76.718,77.85,76.718,77.454,254648.43,134376.63
2026-09-16 03:00:00+00:00,77.455,77.978,77.394,77.536,224649.32,115286.51
2026-09-16 04:00:00+00:00,77.536,77.653,77.101,77.264,241182.1,105299.4
2026-09-16 05:00:00+00:00,77.264,77.533,77.001,77.299,223751.46,112594.9
2026-09-16 06:00:00+00:00,77.299,77.588,77.085,77.555,162873.68,81136.39
2026-09-16 07:00:00+00:00,77.555,78.075,77.463,77.587,281457.61,133842.06
2026-09-16 08:00:00+00:00,77.587,77.646,77.071,77.628,316882.83,165062.6
2026-09-16 09:00:00+00:00,77.628,77.95,77.469,77.802,227289.96,105240.26
2026-09-16 10:00:00+00:00,77.803,78.081,77.623,77.895,306324.05,164268.09
2026-09-16 11:00:00+00:00,77.895,79.652,77.8,79.313,934472.11,480945.54
2026-09-16 12:00:00+00:00,79.313,79.368,78.179,78.805,451634.8,209565.09
2026-09-16 13:00:00+00:00,78.804,78.858,77.8,78.666,582130.36,299849.21
2026-09-16 14:00:00+00:00,78.667,78.722,77.91,78.174,454117.66,204835.32
2026-09-16 15:00:00+00:00,78.176,79.042,78.038,78.65,288178.73,153563.79
2026-09-16 16:00:00+00:00,78.65,79.032,78.544,78.941,210568.83,106191.07
2026-09-16 17:00:00+00:00,78.942,79.132,77.966,78.723,372925.58,176075.0
2026-09-16 18:00:00+00:00,78.725,80.4,78.101,79.063,1826052.26,943681.98
2026-09-16 19:00:00+00:00,79.058,79.777,77.138,78.67,1099245.74,506537.87
2026-09-16 20:00:00+00:00,78.67,79.158,78.057,78.718,395117.53,194840.84
2026-09-16 21:00:00+00:00,78.718,78.729,77.933,78.359,185209.62,111157.95
2026-09-16 22:00:00+00:00,78.359,78.438,77.698,77.726,274551.25,136037.07
2026-09-16 23:00:00+00:00,77.726,78.709,77.628,78.269,265402.5,132538.85
2026-09-17 00:00:00+00:00,78.268,78.663,78.07,78.159,222676.91,110173.89
2026-09-17 01:00:00+00:00,78.16,79.462,78.055,78.931,414561.81,213371.08
2026-09-17 02:00:00+00:00,78.931,79.484,78.493,79.329,330912.66,169870.13
2026-09-17 03:00:00+00:00,79.329,79.523,79.101,79.31,181242.07,87289.82
2026-09-17 04:00:00+00:00,79.309,79.358,78.827,79.147,216445.41,92989.94
2026-09-17 05:00:00+00:00,79.147,79.211,78.704,78.767,129756.07,63689.39
2026-09-17 06:00:00+00:00,78.768,79.372,78.739,79.152,137507.54,75555.82
2026-09-17 07:00:00+00:00,79.152,79.593,79.107,79.572,162638.81,92738.23
2026-09-17 08:00:00+00:00,79.571,80.376,79.515,80.343,333629.39,187146.93
2026-09-17 09:00:00+00:00,80.343,80.996,79.744,79.802,515276.86,252687.97
2026-09-17 10:00:00+00:00,79.802,80.038,79.538,79.721,273943.73,132326.66
2026-09-17 11:00:00+00:00,79.721,79.892,79.351,79.812,184079.4,90630.67
2026-09-17 12:00:00+00:00,79.811,81.381,79.644,81.215,722634.58,389794.94
2026-09-17 13:00:00+00:00,81.214,82.986,80.418,82.109,2128879.92,1031371.91
2026-09-17 14:00:00+00:00,82.109,83.297,81.539,82.198,692800.7,328628.31
2026-09-17 15:00:00+00:00,82.199,82.652,81.5,82.606,423722.0,217105.26
2026-09-17 16:00:00+00:00,82.606,82.634,81.666,82.275,329304.93,146399.28
2026-09-17 17:00:00+00:00,82.275,82.972,82.045,82.677,247671.91,118427.35
2026-09-17 18:00:00+00:00,82.676,82.693,81.821,81.901,190007.06,79458.0
2026-09-17 19:00:00+00:00,81.902,83.5,81.788,83.232,376788.13,194980.61
2026-09-17 20:00:00+00:00,83.237,83.734,82.886,83.293,257736.76,118314.35
2026-09-17 21:00:00+00:00,83.294,83.595,82.829,83.322,150002.5,63925.88
2026-09-17 22:00:00+00:00,83.322,84.289,82.924,84.217,380235.86,192948.46
2026-09-17 23:00:00+00:00,84.217,85.273,84.056,85.131,419638.08,200358.03
2026-09-18 00:00:00+00:00,85.13,86.381,85.089,86.325,582508.07,290391.38
2026-09-18 01:00:00+00:00,86.324,86.951,86.298,86.813,572651.45,323313.48
2026-09-18 02:00:00+00:00,86.813,87.017,86.066,86.322,423749.48,194679.09
2026-09-18 03:00:00+00:00,86.321,87.146,86.225,86.937,415214.48,221730.26
2026-09-18 04:00:00+00:00,86.938,87.381,86.023,87.354,333913.17,156672.06
2026-09-18 05:00:00+00:00,87.354,87.779,87.202,87.767,367830.78,199425.83
2026-09-18 06:00:00+00:00,87.767,87.968,87.471,87.836,224903.49,101085.86
2026-09-18 07:00:00+00:00,87.835,88.589,87.426,88.289,388773.59,218642.84
2026-09-18 08:00:00+00:00,88.289,88.694,87.878,88.667,327047.35,153028.95
2026-09-18 09:00:00+00:00,88.667,89.128,88.414,89.006,346549.84,189495.73
2026-09-18 10:00:00+00:00,89.007,91.161,88.985,90.637,1013784.53,573642.58
2026-09-18 11:00:00+00:00,90.636,90.885,89.524,89.91,631848.33,306137.35
2026-09-18 12:00:00+00:00,89.912,91.997,89.609,91.257,785818.05,404029.54
2026-09-18 13:00:00+00:00,91.256,91.722,90.416,90.634,817240.86,387262.61
2026-09-18 14:00:00+00:00,90.633,92.6,90.316,92.553,863946.68,473812.11
2026-09-18 15:00:00+00:00,92.553,92.766,91.006,91.364,624856.15,287780.75
2026-09-18 16:00:00+00:00,91.363,91.864,90.669,90.838,431317.49,196982.39
2026-09-18 17:00:00+00:00,90.838,91.789,90.67,91.291,437586.96,210913.09
2026-09-18 18:00:00+00:00,91.291,91.683,90.754,90.818,259123.71,132113.66
2026-09-18 19:00:00+00:00,90.819,92.394,90.819,92.308,331508.77,185552.66
2026-09-18 20:00:00+00:00,92.306,92.456,91.539,91.619,234266.35,94636.05
2026-09-18 21:00:00+00:00,91.62,92.05,91.145,91.534,162939.45,79106.69
2026-09-18 22:00:00+00:00,91.535,92.753,91.409,92.59,196916.93,110169.93
2026-09-18 23:00:00+00:00,92.59,93.163,92.244,92.6,302331.92,156999.79
2026-09-19 00:00:00+00:00,92.6,93.58,92.332,93.162,306049.41,170605.95
2026-09-19 01:00:00+00:00,93.163,93.75,92.443,93.179,436965.1,232539.08
2026-09-19 02:00:00+00:00,93.18,94.501,93.14,94.26,345920.97,180220.18
2026-09-19 03:00:00+00:00,94.26,94.593,93.445,93.496,253940.29,119749.05
2026-09-19 04:00:00+00:00,93.497,93.9,91.206,92.352,666240.39,255031.04
2026-09-19 05:00:00+00:00,92.351,92.827,91.866,92.007,233535.06,114673.49
2026-09-19 06:00:00+00:00,92.006,93.086,91.9,93.047,182573.71,105045.76
2026-09-19 07:00:00+00:00,93.047,93.563,92.77,92.918,215661.28,94302.41
2026-09-19 08:00:00+00:00,92.919,93.308,91.859,91.899,217860.63,97254.72
2026-09-19 09:00:00+00:00,91.899,92.42,91.608,91.983,301340.3,133008.37
2026-09-19 10:00:00+00:00,91.983,92.398,91.329,91.882,277711.4,108934.27
2026-09-19 11:00:00+00:00,91.881,92.499,91.772,92.492,151266.46,84955.73
2026-09-19 12:00:00+00:00,92.491,92.96,92.354,92.48,218864.1,104391.12
2026-09-19 13:00:00+00:00,92.481,92.756,92.111,92.62,188281.8,86607.01
2026-09-19 14:00:00+00:00,92.62,93.117,92.343,92.845,218380.23,127374.63
2026-09-19 15:00:00+00:00,92.844,93.365,92.75,93.059,255110.31,127365.42
2026-09-19 16:00:00+00:00,93.059,93.293,92.677,93.29,196721.0,113190.07
2026-09-19 17:00:00+00:00,93.29,93.415,91.945,92.223,329560.34,135645.05
2026-09-19 18:00:00+00:00,92.223,92.523,91.746,92.33,238050.84,103453.58
2026-09-19 19:00:00+00:00,92.329,92.628,92.075,92.166,141339.47,55363.72
2026-09-19 20:00:00+00:00,92.166,92.213,91.583,91.667,171574.84,73712.57
2026-09-19 21:00:00+00:00,91.668,92.061,91.114,91.428,245431.25,107070.39
2026-09-19 22:00:00+00:00,91.428,91.676,90.822,91.587,202942.66,89320.09
2026-09-19 23:00:00+00:00,91.586,92.394,91.518,92.208,213203.62,124503.73
2026-09-20 00:00:00+00:00,92.209,92.539,92.081,92.284,154132.74,78062.55
2026-09-20 01:00:00+00:00,92.284,92.3,91.52,91.746,160031.33,69780.43
2026-09-20 02:00:00+00:00,91.746,91.925,90.03,90.075,486069.9,208324.3
2026-09-20 03:00:00+00:00,90.075,91.25,89.619,91.116,551942.15,283686.42
2026-09-20 04:00:00+00:00,91.116,91.148,90.434,90.964,159207.7,74568.37
2026-09-20 05:00:00+00:00,90.966,91.261,90.752,91.08,179520.64,90863.09
2026-09-20 06:00:00+00:00,91.08,91.27,90.742,91.18,155890.12,76937.16
2026-09-20 07:00:00+00:00,91.181,91.655,90.964,91.001,120924.58,68886.84
2026-09-20 08:00:00+00:00,91.002,91.25,90.21,90.617,210567.76,94323.81
2026-09-20 09:00:00+00:00,90.616,91.429,90.429,90.881,227128.93,103922.28
2026-09-20 10:00:00+00:00,90.881,91.16,90.697,90.794,102047.93,56360.08
2026-09-20 11:00:00+00:00,90.794,91.62,90.605,91.405,178640.02,100405.05
2026-09-20 12:00:00+00:00,91.404,91.761,90.902,91.106,229022.22,114327.35
2026-09-20 13:00:00+00:00,91.105,91.35,90.7,90.958,115466.66,60336.19
2026-09-20 14:00:00+00:00,90.958,91.372,90.576,90.997,151318.78,76643.16
2026-09-20 15:00:00+00:00,90.997,92.226,90.997,91.967,342581.19,188373.27
2026-09-20 16:00:00+00:00,91.966,93.471,91.879,93.066,461215.58,249980.11
2026-09-20 17:00:00+00:00,93.066,93.271,92.255,92.463,277956.27,125701.01
2026-09-20 18:00:00+00:00,92.462,93.01,92.313,92.747,151799.88,78156.98
2026-09-20 19:00:00+00:00,92.747,93.728,92.747,93.249,277080.66,133804.12
2026-09-20 20:00:00+00:00,93.249,93.378,92.564,92.73,167437.93,76201.8
2026-09-20 21:00:00+00:00,92.731,92.862,91.97,92.689,221804.41,108469.46
2026-09-20 22:00:00+00:00,92.688,93.975,92.65,93.772,326105.08,163866.02
2026-09-20 23:00:00+00:00,93.772,93.948,93.376,93.657,148915.55,71601.9
2026-09-21 00:00:00+00:00,93.658,94.389,93.563,94.327,343002.06,199293.62
2026-09-21 01:00:00+00:00,94.324,94.445,92.34,92.612,592057.19,259340.99
2026-09-21 02:00:00+00:00,92.611,93.373,92.381,93.212,300114.36,145111.38
2026-09-21 03:00:00+00:00,93.212,93.511,92.826,93.367,146970.51,65659.13
2026-09-21 04:00:00+00:00,93.367,94.27,93.242,93.923,166710.99,89421.74
2026-09-21 05:00:00+00:00,93.924,94.188,93.606,93.774,166299.65,78673.03
2026-09-21 06:00:00+00:00,93.775,94.418,93.584,93.963,211298.6,102055.63
2026-09-21 07:00:00+00:00,93.963,94.264,93.722,94.176,185620.0,91849.91
2026-09-21 08:00:00+00:00,94.176,95.334,94.147,95.269,672389.15,376663.64
2026-09-21 09:00:00+00:00,95.268,95.999,94.803,94.994,758891.17,379091.9
2026-09-21 10:00:00+00:00,94.993,95.5,94.826,95.271,340104.23,194715.23
2026-09-21 11:00:00+00:00,95.271,96.079,95.1,95.422,395741.31,215450.48
2026-09-21 12:00:00+00:00,95.423,96.0,95.035,95.367,391012.47,191500.58
2026-09-21 13:00:00+00:00,95.367,95.675,94.436,94.804,566263.94,252923.53
2026-09-21 14:00:00+00:00,94.804,94.98,93.67,94.1,715187.15,309194.94
2026-09-21 15:00:00+00:00,94.099,94.555,93.009,93.118,844090.12,384294.14
2026-09-21 16:00:00+00:00,93.117,93.493,92.405,93.228,593402.2,276147.09
2026-09-21 17:00:00+00:00,93.228,93.375,92.0,92.275,409468.62,167510.05
2026-09-21 18:00:00+00:00,92.275,93.13,92.197,92.994,339299.66,184498.99
2026-09-21 19:00:00+00:00,92.994,93.45,92.75,93.257,253022.77,147533.38
2026-09-21 20:00:00+00:00,93.259,94.038,93.054,93.395,410045.67,236464.04
2026-09-21 21:00:00+00:00,93.395,93.746,93.166,93.21,177928.44,92629.07
2026-09-21 22:00:00+00:00,93.21,93.828,92.864,93.797,278544.2,148986.59
2026-09-21 23:00:00+00:00,93.797,94.25,93.429,94.044,295437.19,142132.4
2026-09-22 00:00:00+00:00,94.044,94.29,93.333,93.386,345405.97,167180.74
2026-09-22 01:00:00+00:00,93.384,93.99,92.905,93.202,333104.57,159849.51
2026-09-22 02:00:00+00:00,93.201,93.601,92.41,92.566,459025.52,184634.67
2026-09-22 03:00:00+00:00,92.566,92.943,92.12,92.912,289779.06,141938.9
2026-09-22 04:00:00+00:00,92.911,93.515,92.567,93.512,244001.24,130454.67
2026-09-22 05:00:00+00:00,93.512,94.446,93.01,93.92,365540.7,198660.63
2026-09-22 06:00:00+00:00,93.917,94.434,93.31,94.074,260601.15,139486.72
2026-09-22 07:00:00+00:00,94.074,94.688,93.943,94.631,192497.75,112874.39
2026-09-22 08:00:00+00:00,94.632,95.3,94.141,95.018,409804.47,205169.29
2026-09-22 09:00:00+00:00,95.018,95.254,94.665,95.209,242638.77,116941.31
2026-09-22 10:00:00+00:00,95.209,95.413,94.87,95.148,238306.17,124141.82
2026-09-22 11:00:00+00:00,95.147,95.794,94.5,95.361,327003.9,184420.83
2026-09-22 12:00:00+00:00,95.361,95.951,95.199,95.775,280140.95,145119.96
2026-09-22 13:00:00+00:00,95.775,95.936,94.806,95.736,396795.05,194436.98
2026-09-22 14:00:00+00:00,95.736,95.788,93.738,94.432,481784.17,213172.19
2026-09-22 15:00:00+00:00,94.431,95.422,94.361,94.862,307829.67,154658.95
2026-09-22 16:00:00+00:00,94.861,95.828,94.384,95.627,345920.28,177506.98
2026-09-22 17:00:00+00:00,95.627,96.982,95.318,96.833,840835.61,494968.07
2026-09-22 18:00:00+00:00,96.833,96.89,96.015,96.501,326874.92,153473.98
2026-09-22 19:00:00+00:00,96.5,96.764,95.956,96.246,223312.61,119268.03
2026-09-22 20:00:00+00:00,96.246,96.844,95.679,96.799,233540.1,128344.13
2026-09-22 21:00:00+00:00,96.799,97.835,96.216,97.194,439522.07,263165.69
2026-09-22 22:00:00+00:00,97.194,97.492,96.551,97.167,303244.92,136931.27
2026-09-22 23:00:00+00:00,97.168,97.808,96.7,97.21,331276.72,173764.67
2026-09-23 00:00:00+00:00,97.21,97.686,97.053,97.488,185665.68,97668.86
2026-09-23 01:00:00+00:00,97.488,97.645,96.745,97.13,220652.86,106186.15
2026-09-23 02:00:00+00:00,97.13,97.172,96.553,96.984,203784.95,99946.66
2026-09-23 03:00:00+00:00,96.984,97.139,96.808,96.899,139602.03,68822.44
2026-09-23 04:00:00+00:00,96.9,97.679,96.73,97.508,225360.24,117517.97
2026-09-23 05:00:00+00:00,97.508,98.057,97.05,97.379,331186.19,170128.44
2026-09-23 06:00:00+00:00,97.38,97.596,96.938,97.165,180352.39,74934.37
2026-09-23 07:00:00+00:00,97.166,97.346,96.265,96.462,299541.88,129729.68
2026-09-23 08:00:00+00:00,96.463,96.674,95.464,95.705,391520.65,171441.4
2026-09-23 09:00:00+00:00,95.705,96.149,95.431,95.595,246733.55,118233.84
2026-09-23 10:00:00+00:00,95.596,95.965,95.098,95.938,275576.98,145510.1
2026-09-23 11:00:00+00:00,95.938,96.01,94.923,95.155,375096.03,182072.53
2026-09-23 12:00:00+00:00,95.168,95.521,94.548,94.92,347243.16,161511.98
2026-09-23 13:00:00+00:00,94.919,95.794,94.275,95.54,393601.32,213426.13
2026-09-23 14:00:00+00:00,95.541,95.808,92.546,94.889,1465072.81,689258.9
2026-09-23 15:00:00+00:00,94.89,95.223,92.627,92.824,782364.26,318290.33
2026-09-23 16:00:00+00:00,92.822,93.975,92.03,92.852,756660.13,347437.18
2026-09-23 17:00:00+00:00,92.849,93.588,91.945,93.429,593835.14,301236.38
2026-09-23 18:00:00+00:00,93.43,94.0,92.314,93.748,478093.28,254996.3
2026-09-23 19:00:00+00:00,93.748,94.012,93.377,93.631,229098.06,113048.39
2026-09-23 20:00:00+00:00,93.631,93.713,92.761,92.785,205311.75,91969.5
2026-09-23 21:00:00+00:00,92.786,93.765,92.602,93.659,207009.09,117494.29
2026-09-23 22:00:00+00:00,93.659,94.311,93.437,93.942,205963.62,98717.49
2026-09-23 23:00:00+00:00,93.942,94.123,93.733,94.024,124365.81,53097.26
2026-09-24 00:00:00+00:00,94.024,94.452,93.448,93.821,190039.01,87326.4
2026-09-24 01:00:00+00:00,93.822,93.992,92.31,92.362,323436.88,141648.56
2026-09-24 02:00:00+00:00,92.363,92.819,91.567,92.759,452350.2,219238.4
2026-09-24 03:00:00+00:00,92.759,92.915,91.717,91.92,257216.61,102734.37
2026-09-24 04:00:00+00:00,91.92,92.448,90.906,92.34,400330.26,167808.04
2026-09-24 05:00:00+00:00,92.339,92.964,92.281,92.486,244459.7,129148.77
2026-09-24 06:00:00+00:00,92.491,93.05,92.306,92.403,198893.45,92008.9
2026-09-24 07:00:00+00:00,92.4,94.9,92.15,93.848,1110570.34,578725.92
2026-09-24 08:00:00+00:00,93.848,93.98,91.6,92.184,682032.35,301192.99
2026-09-24 09:00:00+00:00,92.185,92.25,90.265,90.517,1035402.49,444882.24
2026-09-24 10:00:00+00:00,90.518,91.187,89.828,91.16,666515.97,356396.93
2026-09-24 11:00:00+00:00,91.161,91.461,90.582,90.945,437820.55,204317.23
2026-09-24 12:00:00+00:00,90.946,91.875,90.782,91.808,327139.94,191724.44
2026-09-24 13:00:00+00:00,91.81,93.328,91.65,92.563,725756.85,400046.28
2026-09-24 14:00:00+00:00,92.572,93.294,91.326,91.711,616512.83,282235.82
2026-09-24 15:00:00+00:00,91.71,93.765,91.539,93.39,485859.37,263545.66
2026-09-24 16:00:00+00:00,93.386,94.124,92.7,93.942,497071.78,256982.22
2026-09-24 17:00:00+00:00,93.941,94.095,92.944,93.385,329720.2,149613.39
2026-09-24 18:00:00+00:00,93.384,94.293,92.903,94.082,297768.1,151898.18
2026-09-24 19:00:00+00:00,94.082,94.744,93.725,94.428,339394.99,155623.97
2026-09-24 20:00:00+00:00,94.429,94.591,93.248,93.447,268018.96,104857.97
2026-09-24 21:00:00+00:00,93.448,93.672,92.317,92.44,259898.04,118701.29
2026-09-24 22:00:00+00:00,92.439,92.484,92.015,92.285,273836.12,155454.74
2026-09-24 23:00:00+00:00,92.285,92.352,91.934,92.063,186335.62,100864.34
2026-09-25 00:00:00+00:00,92.062,92.619,91.12,91.159,320787.2,151042.23
2026-09-25 01:00:00+00:00,91.16,92.0,91.124,91.55,249564.58,138681.06
2026-09-25 02:00:00+00:00,91.55,92.151,90.955,91.154,273060.41,116311.84
2026-09-25 03:00:00+00:00,91.154,91.685,91.001,91.615,236187.33,124200.82
2026-09-25 04:00:00+00:00,91.615,91.928,91.507,91.642,124279.59,62068.11
2026-09-25 05:00:00+00:00,91.642,91.989,91.548,91.901,107551.55,60834.82
2026-09-25 06:00:00+00:00,91.902,92.352,91.713,92.313,250885.9,113831.16
2026-09-25 07:00:00+00:00,92.313,92.975,91.903,92.896,344610.34,172970.62
2026-09-25 08:00:00+00:00,92.897,93.73,92.791,93.566,287371.73,147218.17
2026-09-25 09:00:00+00:00,93.566,93.976,93.446,93.522,316457.85,166941.82
2026-09-25 10:00:00+00:00,93.523,94.342,93.003,93.951,424769.32,241578.49
2026-09-25 11:00:00+00:00,93.951,94.336,93.158,93.325,439194.86,225048.77
2026-09-25 12:00:00+00:00,93.325,93.651,91.919,93.449,540921.37,256809.79
2026-09-25 13:00:00+00:00,93.449,93.793,91.417,92.162,759486.61,375092.78
2026-09-25 14:00:00+00:00,92.163,92.357,91.32,92.345,501037.87,255771.98
2026-09-25 15:00:00+00:00,92.345,92.481,90.3,90.872,628164.0,287142.08
2026-09-25 16:00:00+00:00,90.872,91.56,90.707,91.41,402104.52,201958.72
2026-09-25 17:00:00+00:00,91.41,91.65,91.0,91.254,163509.81,78393.98
2026-09-25 18:00:00+00:00,91.254,91.92,91.241,91.82,176097.28,89699.11
2026-09-25 19:00:00+00:00,91.819,91.863,91.455,91.544,135474.59,53596.06
2026-09-25 20:00:00+00:00,91.544,92.156,91.304,91.502,189479.72,82345.85
2026-09-25 21:00:00+00:00,91.503,91.871,91.277,91.652,96332.67,52358.27
2026-09-25 22:00:00+00:00,91.652,92.771,91.6,92.662,143184.72,79151.23
2026-09-25 23:00:00+00:00,92.663,92.806,92.139,92.368,142866.19,57993.74
2026-09-26 00:00:00+00:00,92.368,92.5,91.325,91.696,197747.38,87535.08
2026-09-26 01:00:00+00:00,91.696,92.567,91.591,92.124,129492.98,72257.03
2026-09-26 02:00:00+00:00,92.125,92.545,91.917,92.232,114198.22,56567.31
2026-09-26 03:00:00+00:00,92.232,92.343,91.804,91.823,112853.2,49362.98
2026-09-26 04:00:00+00:00,91.823,92.173,91.644,92.077,175833.19,91265.94
2026-09-26 05:00:00+00:00,92.077,92.077,91.551,91.733,125512.12,71813.79
2026-09-26 06:00:00+00:00,91.733,91.788,91.442,91.686,144467.97,79478.13
2026-09-26 07:00:00+00:00,91.685,91.952,91.521,91.851,100583.05,51616.85
2026-09-26 08:00:00+00:00,91.851,92.178,91.579,91.813,134587.21,76318.9
2026-09-26 09:00:00+00:00,91.813,91.848,91.276,91.751,131747.27,66072.11
2026-09-26 10:00:00+00:00,91.751,92.04,91.645,92.004,85800.91,43481.18
2026-09-26 11:00:00+00:00,92.004,92.305,91.863,92.127,123024.48,77004.91
2026-09-26 12:00:00+00:00,92.127,92.3,91.866,92.022,108213.93,52708.49
2026-09-26 13:00:00+00:00,92.022,92.17,91.743,91.945,102624.55,56976.5
2026-09-26 14:00:00+00:00,91.944,92.596,91.883,92.29,171017.32,85789.32
2026-09-26 15:00:00+00:00,92.289,92.528,92.0,92.51,164664.86,81964.85
2026-09-26 16:00:00+00:00,92.509,92.641,92.231,92.62,115410.37,51577.53
2026-09-26 17:00:00+00:00,92.62,92.62,91.785,91.818,174299.65,65365.65
2026-09-26 18:00:00+00:00,91.818,91.934,91.449,91.596,174615.59,95759.61
2026-09-26 19:00:00+00:00,91.597,91.725,91.491,91.571,51768.91,26325.46
2026-09-26 20:00:00+00:00,91.572,91.751,90.964,91.479,182159.0,88573.09
2026-09-26 21:00:00+00:00,91.48,92.225,91.444,92.133,149208.98,88378.24
2026-09-26 22:00:00+00:00,92.134,92.313,91.688,91.853,143006.79,62682.48
2026-09-26 23:00:00+00:00,91.853,92.54,91.848,92.523,158054.67,89415.33
2026-09-27 00:00:00+00:00,92.523,92.882,92.283,92.763,210062.27,116092.11
2026-09-27 01:00:00+00:00,92.763,93.286,92.656,93.237,250638.45,154015.03
2026-09-27 02:00:00+00:00,93.238,93.464,93.178,93.229,224451.07,115568.34
2026-09-27 03:00:00+00:00,93.229,93.358,93.157,93.187,145401.87,92721.26
2026-09-27 04:00:00+00:00,93.187,93.874,92.8,92.891,325178.5,185241.4
2026-09-27 05:00:00+00:00,92.891,93.248,92.42,92.916,205047.51,101574.17
2026-09-27 06:00:00+00:00,92.916,93.165,92.606,92.647,171193.82,94972.16
2026-09-27 07:00:00+00:00,92.648,93.342,92.582,93.339,145671.94,92232.99
2026-09-27 08:00:00+00:00,93.339,93.359,92.827,93.0,159881.29,73320.01
2026-09-27 09:00:00+00:00,93.001,93.316,92.682,93.027,156565.98,100534.01
2026-09-27 10:00:00+00:00,93.028,93.535,92.906,93.076,172848.96,90372.47
2026-09-27 11:00:00+00:00,93.075,93.24,92.961,93.163,104059.82,63146.9
2026-09-27 12:00:00+00:00,93.164,93.645,92.804,92.828,220526.45,117142.76
2026-09-27 13:00:00+00:00,92.829,92.831,91.951,92.527,371796.65,180873.88
2026-09-27 14:00:00+00:00,92.526,92.527,91.25,91.276,286611.38,116816.35
2026-09-27 15:00:00+00:00,91.276,91.617,91.001,91.353,299788.56,148973.84
2026-09-27 16:00:00+00:00,91.353,91.6,91.051,91.103,201971.29,97638.13
2026-09-27 17:00:00+00:00,91.103,91.852,91.085,91.786,177355.84,75485.26
2026-09-27 18:00:00+00:00,91.786,92.107,91.671,92.091,109307.52,56872.7
2026-09-27 19:00:00+00:00,92.091,92.109,91.67,91.76,90776.68,41685.73
2026-09-27 20:00:00+00:00,91.76,91.997,91.48,91.561,94824.02,44758.76
2026-09-27 21:00:00+00:00,91.561,91.993,91.21,91.437,144470.63,58939.76
2026-09-27 22:00:00+00:00,91.438,91.685,91.136,91.579,166888.53,93872.4
2026-09-27 23:00:00+00:00,91.578,91.767,91.342,91.678,116328.14,56159.97
2026-09-28 00:00:00+00:00,91.678,92.067,90.472,90.518,443878.85,194125.69
2026-09-28 01:00:00+00:00,90.519,90.616,89.015,89.821,755159.03,316363.96
2026-09-28 02:00:00+00:00,89.822,90.95,89.676,90.109,437840.89,224786.91
2026-09-28 03:00:00+00:00,90.11,90.286,89.402,89.517,337787.55,156879.96
2026-09-28 04:00:00+00:00,89.518,90.232,89.306,90.186,211640.23,109608.91
2026-09-28 05:00:00+00:00,90.188,90.327,88.63,89.014,530522.12,223205.95
2026-09-28 06:00:00+00:00,89.014,89.257,88.42,89.047,300412.3,130463.21
2026-09-28 07:00:00+00:00,89.048,89.402,88.753,88.795,278940.55,137369.84
2026-09-28 08:00:00+00:00,88.796,89.364,88.775,89.233,180291.04,94835.16
2026-09-28 09:00:00+00:00,89.232,89.419,88.534,89.245,300020.67,131065.08
2026-09-28 10:00:00+00:00,89.246,89.935,89.125,89.636,297091.6,162270.15
2026-09-28 11:00:00+00:00,89.637,90.601,89.615,89.87,396260.61,235601.41
2026-09-28 12:00:00+00:00,89.87,90.414,89.708,90.259,364969.66,213406.0
2026-09-28 13:00:00+00:00,90.259,90.269,88.823,89.046,548353.73,280752.4
2026-09-28 14:00:00+00:00,89.047,89.047,86.706,87.444,1182781.34,528629.35
2026-09-28 15:00:00+00:00,87.443,88.282,87.161,88.262,441706.96,227702.93
2026-09-28 16:00:00+00:00,88.261,89.643,87.946,88.777,529054.76,274850.22
2026-09-28 17:00:00+00:00,88.777,89.69,88.539,88.834,430539.61,238808.31
2026-09-28 18:00:00+00:00,88.835,89.009,88.322,88.715,184977.52,97477.9
2026-09-28 19:00:00+00:00,88.715,88.733,87.531,87.531,320221.18,123470.26
2026-09-28 20:00:00+00:00,87.532,88.156,87.019,88.025,262255.56,123756.58
2026-09-28 21:00:00+00:00,88.023,88.188,86.732,86.852,278765.38,134131.78
2026-09-28 22:00:00+00:00,86.852,87.301,86.351,87.196,306203.6,155674.33
2026-09-28 23:00:00+00:00,87.195,87.635,87.159,87.467,131653.59,75103.09
2026-09-29 00:00:00+00:00,87.467,87.487,86.535,86.589,253371.9,120339.75
2026-09-29 01:00:00+00:00,86.588,86.87,85.554,86.342,511155.04,223050.75
2026-09-29 02:00:00+00:00,86.342,86.547,85.718,86.351,302746.08,130858.49
2026-09-29 03:00:00+00:00,86.352,86.95,86.127,86.875,211411.29,98901.45
2026-09-29 04:00:00+00:00,86.876,87.526,86.58,87.144,278923.28,134729.33
2026-09-29 05:00:00+00:00,87.145,87.65,86.563,87.578,319741.64,147889.55
2026-09-29 06:00:00+00:00,87.577,88.116,87.546,87.97,243460.42,119556.1
2026-09-29 07:00:00+00:00,87.97,88.548,87.896,88.484,304424.1,173700.39
2026-09-29 08:00:00+00:00,88.484,88.858,87.961,88.103,275606.14,140460.81
2026-09-29 09:00:00+00:00,88.104,88.665,87.864,88.498,151292.75,83960.12
2026-09-29 10:00:00+00:00,88.498,88.615,88.024,88.343,157020.84,77473.35
2026-09-29 11:00:00+00:00,88.343,89.077,88.105,88.572,252406.7,112137.25
2026-09-29 12:00:00+00:00,88.572,88.931,87.757,88.009,301567.83,145226.17
2026-09-29 13:00:00+00:00,88.009,88.635,87.797,88.027,421121.4,242486.08
2026-09-29 14:00:00+00:00,88.027,88.092,86.988,87.426,626773.4,264583.93
2026-09-29 15:00:00+00:00,87.426,87.439,86.003,86.219,598525.98,265061.54
2026-09-29 16:00:00+00:00,86.219,86.957,85.6,86.085,580554.74,267605.73
2026-09-29 17:00:00+00:00,86.084,86.25,85.21,85.305,310646.03,135103.87
2026-09-29 18:00:00+00:00,85.304,86.537,85.289,86.472,427624.66,222368.95
2026-09-29 19:00:00+00:00,86.473,86.728,84.955,85.044,439191.15,152286.35
2026-09-29 20:00:00+00:00,85.043,86.124,84.804,86.035,278138.67,140019.01
2026-09-29 21:00:00+00:00,86.035,86.222,85.635,85.937,150870.5,73802.27
2026-09-29 22:00:00+00:00,85.936,86.464,85.871,86.279,152308.28,75652.66
2026-09-29 23:00:00+00:00,86.28,86.474,85.691,86.023,167867.18,83001.85
2026-09-30 00:00:00+00:00,86.023,86.32,85.633,86.251,171389.01,95061.03
2026-09-30 01:00:00+00:00,86.251,86.485,86.17,86.32,127405.72,71143.14
2026-09-30 02:00:00+00:00,86.321,86.554,86.048,86.219,114753.3,54594.83
2026-09-30 03:00:00+00:00,86.219,86.282,85.687,85.907,184061.17,85769.97
2026-09-30 04:00:00+00:00,85.907,86.051,85.467,85.546,175156.05,96195.01
2026-09-30 05:00:00+00:00,85.547,86.026,85.434,85.947,231677.37,125696.79
2026-09-30 06:00:00+00:00,85.947,86.039,85.107,85.301,233548.3,94279.88
2026-09-30 07:00:00+00:00,85.302,86.376,85.238,86.113,209870.13,114256.25
2026-09-30 08:00:00+00:00,86.112,86.5,85.78,86.274,199403.91,103839.39
2026-09-30 09:00:00+00:00,86.274,86.666,86.188,86.443,227178.29,110294.27
2026-09-30 10:00:00+00:00,86.443,86.821,86.28,86.821,200046.89,85112.76
2026-09-30 11:00:00+00:00,86.821,86.914,86.421,86.54,257320.83,98611.05
2026-09-30 12:00:00+00:00,86.54,87.658,86.248,87.115,683868.25,295363.84
2026-09-30 13:00:00+00:00,87.116,87.769,85.912,86.373,909157.54,472850.31
2026-09-30 14:00:00+00:00,86.371,86.43,85.01,85.534,692218.63,330635.84
2026-09-30 15:00:00+00:00,85.534,87.7,84.501,87.668,1309395.34,614348.3
2026-09-30 16:00:00+00:00,87.669,90.481,87.6,90.307,1753575.86,758297.76
2026-09-30 17:00:00+00:00,90.307,91.536,88.789,89.183,2176635.79,1037681.32
2026-09-30 18:00:00+00:00,89.183,89.87,88.239,89.559,910702.41,462055.68
2026-09-30 19:00:00+00:00,89.559,90.076,88.579,88.727,446214.13,189861.88
2026-09-30 20:00:00+00:00,88.727,90.583,88.659,90.132,428242.05,209402.84
2026-09-30 21:00:00+00:00,90.132,91.95,90.132,91.142,567246.84,305491.76
2026-09-30 22:00:00+00:00,91.142,91.639,90.826,91.36,212729.61,91543.77
2026-09-30 23:00:00+00:00,91.36,91.729,90.466,90.965,371975.97,166949.44
2026-10-01 00:00:00+00:00,90.965,91.146,89.695,89.801,647026.93,381225.13
2026-10-01 01:00:00+00:00,89.801,90.157,89.367,89.509,302593.86,154098.72
2026-10-01 02:00:00+00:00,89.508,89.739,88.88,89.446,425725.92,240787.09
2026-10-01 03:00:00+00:00,89.446,89.618,88.8,88.805,284714.79,149878.68
2026-10-01 04:00:00+00:00,88.806,89.426,88.391,88.792,540901.62,283261.21
2026-10-01 05:00:00+00:00,88.792,89.421,88.647,89.34,348347.34,196198.76
2026-10-01 06:00:00+00:00,89.339,89.833,89.172,89.654,298034.13,157998.58
2026-10-01 07:00:00+00:00,89.653,89.656,88.488,88.842,339936.35,148078.58
2026-10-01 08:00:00+00:00,88.842,89.166,88.344,88.996,287398.5,140554.08
2026-10-01 09:00:00+00:00,88.996,89.56,88.86,89.03,235808.85,115698.59
2026-10-01 10:00:00+00:00,89.031,89.821,88.391,89.676,334181.27,177836.65
2026-10-01 11:00:00+00:00,89.676,90.45,89.324,90.225,297936.64,144125.45
2026-10-01 12:00:00+00:00,90.225,90.664,88.904,89.29,436762.43,166103.12
2026-10-01 13:00:00+00:00,89.29,89.473,88.58,89.186,436147.26,222022.7
2026-10-01 14:00:00+00:00,89.185,89.254,88.274,88.717,591149.74,270977.83
2026-10-01 15:00:00+00:00,88.717,88.754,87.2,87.435,519959.26,200246.07
2026-10-01 16:00:00+00:00,87.435,87.825,86.653,86.9,520329.36,241799.66
2026-10-01 17:00:00+00:00,86.901,88.152,86.892,87.629,501022.92,258264.73
2026-10-01 18:00:00+00:00,87.629,88.474,87.377,87.879,272172.52,136577.92
2026-10-01 19:00:00+00:00,87.88,88.053,87.031,87.698,230347.85,103358.39
2026-10-01 20:00:00+00:00,87.697,87.816,87.339,87.52,158978.19,67265.58
2026-10-01 21:00:00+00:00,87.519,87.68,86.424,86.439,244995.53,80115.38
2026-10-01 22:00:00+00:00,86.439,87.376,86.437,87.306,183470.16,109822.61
2026-10-01 23:00:00+00:00,87.305,87.686,87.101,87.623,104085.99,52588.65
2026-10-02 00:00:00+00:00,87.622,88.288,87.464,88.141,200603.63,107954.09
2026-10-02 01:00:00+00:00,88.142,88.529,87.464,88.251,182748.72,97676.33
2026-10-02 02:00:00+00:00,88.251,88.645,88.047,88.604,145823.86,73087.9
2026-10-02 03:00:00+00:00,88.605,88.941,88.422,88.861,269244.18,126759.7
2026-10-02 04:00:00+00:00,88.861,89.576,88.562,89.387,491368.21,269561.95
2026-10-02 05:00:00+00:00,89.386,90.3,88.643,89.992,579461.3,307291.25
2026-10-02 06:00:00+00:00,89.991,90.846,89.883,90.07,485512.74,269907.39
2026-10-02 07:00:00+00:00,90.07,90.321,89.309,89.709,380762.46,156328.0
2026-10-02 08:00:00+00:00,89.708,90.499,89.638,90.078,317236.17,175772.19
2026-10-02 09:00:00+00:00,90.078,90.3,89.683,90.201,238026.62,101609.79
2026-10-02 10:00:00+00:00,90.2,91.108,90.107,90.878,298815.03,154207.02
2026-10-02 11:00:00+00:00,90.877,91.393,90.783,90.808,212459.04,109834.67
2026-10-02 12:00:00+00:00,90.81,91.265,90.517,90.836,462005.09,239056.52
2026-10-02 13:00:00+00:00,90.835,91.458,90.427,90.528,546596.52,267573.69
2026-10-02 14:00:00+00:00,90.528,90.92,89.324,89.874,730745.61,366007.25
2026-10-02 15:00:00+00:00,89.876,90.189,89.003,89.938,654139.2,363761.82
2026-10-02 16:00:00+00:00,89.937,90.384,89.021,89.225,318954.59,149119.83
2026-10-02 17:00:00+00:00,89.224,89.3,88.254,88.781,334765.68,150657.26
2026-10-02 18:00:00+00:00,88.781,89.065,86.767,87.335,698420.45,299300.68
2026-10-02 19:00:00+00:00,87.334,87.548,86.124,86.583,635257.64,289324.49
2026-10-02 20:00:00+00:00,86.583,86.893,86.096,86.47,413794.03,193557.89
2026-10-02 21:00:00+00:00,86.471,86.709,86.107,86.203,200125.62,90451.78
2026-10-02 22:00:00+00:00,86.203,87.982,86.123,87.981,898305.26,402229.22
2026-10-02 23:00:00+00:00,87.981,89.493,87.675,89.095,1096806.2,392853.96
2026-10-03 00:00:00+00:00,89.096,90.059,88.757,89.395,637394.52,283859.06
2026-10-03 01:00:00+00:00,89.394,89.92,88.96,89.048,305369.4,166053.17
2026-10-03 02:00:00+00:00,89.047,89.129,88.132,88.177,286139.8,124486.04
2026-10-03 03:00:00+00:00,88.177,88.53,88.1,88.252,194480.21,109624.16
2026-10-03 04:00:00+00:00,88.253,88.263,87.918,88.086,145489.84,73443.25
2026-10-03 05:00:00+00:00,88.086,88.837,88.0,88.419,238566.24,115026.6
2026-10-03 06:00:00+00:00,88.42,88.466,87.965,88.103,118166.77,47072.24
2026-10-03 07:00:00+00:00,88.103,88.34,87.998,88.224,107177.2,63839.21
2026-10-03 08:00:00+00:00,88.224,88.363,87.725,87.806,182180.97,81351.11
2026-10-03 09:00:00+00:00,87.805,88.075,87.737,87.96,88123.46,56122.81
2026-10-03 10:00:00+00:00,87.96,88.227,87.88,87.915,80018.7,48345.53
2026-10-03 11:00:00+00:00,87.915,88.135,87.838,87.948,66797.78,36355.72
2026-10-03 12:00:00+00:00,87.949,88.261,87.82,88.165,132607.89,70788.46
2026-10-03 13:00:00+00:00,88.165,88.946,88.121,88.55,288345.61,154004.49
2026-10-03 14:00:00+00:00,88.549,89.167,88.19,88.798,208798.2,101144.82
2026-10-03 15:00:00+00:00,88.798,89.006,88.58,88.862,117509.73,58004.09
2026-10-03 16:00:00+00:00,88.863,89.109,88.708,88.912,103321.36,52913.3
2026-10-03 17:00:00+00:00,88.911,89.167,88.593,89.108,139775.59,55401.86
2026-10-03 18:00:00+00:00,89.108,89.334,88.936,89.122,103658.5,52164.32
2026-10-03 19:00:00+00:00,89.123,89.139,88.812,89.12,73029.08,36051.76
2026-10-03 20:00:00+00:00,89.119,89.455,89.108,89.266,89189.92,45366.49
2026-10-03 21:00:00+00:00,89.266,89.71,89.213,89.65,86762.2,48440.25
2026-10-03 22:00:00+00:00,89.65,89.736,89.419,89.453,77600.11,31144.4
2026-10-03 23:00:00+00:00,89.453,89.544,89.206,89.314,114080.35,57184.22
2026-10-04 00:00:00+00:00,89.314,89.791,89.278,89.435,90591.39,50998.5
2026-10-04 01:00:00+00:00,89.435,89.88,89.332,89.65,85161.03,43926.61
2026-10-04 02:00:00+00:00,89.651,89.81,89.523,89.606,62783.39,30201.8
2026-10-04 03:00:00+00:00,89.606,89.89,89.55,89.797,70547.16,32874.24
2026-10-04 04:00:00+00:00,89.797,90.236,89.705,89.76,144837.54,69389.04
2026-10-04 05:00:00+00:00,89.759,90.112,89.671,89.914,68133.19,36373.25
2026-10-04 06:00:00+00:00,89.915,90.072,89.794,89.802,69359.22,35047.35
2026-10-04 07:00:00+00:00,89.802,90.071,89.622,90.063,90107.52,44715.84
2026-10-04 08:00:00+00:00,90.064,90.75,89.97,90.418,261724.5,137532.08
2026-10-04 09:00:00+00:00,90.418,90.686,90.161,90.603,149338.03,67495.7
2026-10-04 10:00:00+00:00,90.602,90.96,90.468,90.557,140506.96,77035.19
2026-10-04 11:00:00+00:00,90.557,90.724,90.19,90.257,102833.79,44454.18
2026-10-04 12:00:00+00:00,90.257,90.5,90.074,90.117,113916.43,54384.49
2026-10-04 13:00:00+00:00,90.117,90.344,89.938,90.128,100660.8,45553.89
2026-10-04 14:00:00+00:00,90.129,90.153,89.814,90.025,134986.04,72840.96
2026-10-04 15:00:00+00:00,90.025,90.091,89.723,89.962,120496.59,57487.62
2026-10-04 16:00:00+00:00,89.962,90.171,89.66,90.055,111268.52,53455.32
2026-10-04 17:00:00+00:00,90.054,90.4,89.811,90.2,100716.5,59184.57
2026-10-04 18:00:00+00:00,90.2,90.426,90.039,90.352,71471.86,35821.62
2026-10-04 19:00:00+00:00,90.353,90.461,90.254,90.31,59033.34,22300.17
2026-10-04 20:00:00+00:00,90.31,90.849,90.217,90.72,118752.05,65039.26
2026-10-04 21:00:00+00:00,90.721,90.99,90.504,90.579,132840.06,62253.4
2026-10-04 22:00:00+00:00,90.579,91.269,90.259,90.416,322787.09,163991.92
2026-10-04 23:00:00+00:00,90.417,90.645,90.316,90.555,152067.32,75684.75
2026-10-05 00:00:00+00:00,90.555,90.786,90.207,90.354,155149.58,79066.97
2026-10-05 01:00:00+00:00,90.353,90.583,89.965,90.239,188504.26,104224.81
2026-10-05 02:00:00+00:00,90.238,91.157,90.154,90.619,273609.33,132523.81
2026-10-05 03:00:00+00:00,90.62,90.928,90.191,90.344,165530.89,72412.68
2026-10-05 04:00:00+00:00,90.343,91.202,90.1,90.685,268602.08,140136.55
2026-10-05 05:00:00+00:00,90.685,91.255,90.602,91.173,131178.34,68276.49
2026-10-05 06:00:00+00:00,91.172,91.809,91.1,91.762,272199.13,138287.9
2026-10-05 07:00:00+00:00,91.762,92.9,91.741,92.876,471244.47,259993.83
2026-10-05 08:00:00+00:00,92.876,93.784,92.76,93.471,614782.99,332000.31
2026-10-05 09:00:00+00:00,93.47,93.612,92.652,92.83,252156.93,110201.26
2026-10-05 10:00:00+00:00,92.83,93.237,92.565,93.235,195839.07,101826.1
2026-10-05 11:00:00+00:00,93.234,93.629,92.911,93.466,245212.0,124825.49
2026-10-05 12:00:00+00:00,93.467,93.499,92.236,92.356,366319.77,148204.53
2026-10-05 13:00:00+00:00,92.357,93.256,92.068,92.996,423444.83,231807.3
2026-10-05 14:00:00+00:00,92.997,93.634,92.034,92.99,609201.41,315813.08
2026-10-05 15:00:00+00:00,92.991,93.577,92.537,92.652,613025.37,312797.86
2026-10-05 16:00:00+00:00,92.654,93.988,92.192,93.593,483290.05,253995.5
2026-10-05 17:00:00+00:00,93.594,93.976,93.053,93.802,346577.91,191773.16
2026-10-05 18:00:00+00:00,93.802,94.011,92.9,92.972,252174.36,125366.06
2026-10-05 19:00:00+00:00,92.971,94.387,92.87,94.239,236731.26,134468.58
2026-10-05 20:00:00+00:00,94.239,94.918,94.001,94.766,363531.73,197534.44
2026-10-05 21:00:00+00:00,94.765,94.957,94.584,94.709,143883.22,68277.13
2026-10-05 22:00:00+00:00,94.709,95.267,94.414,94.494,330989.25,162755.37
2026-10-05 23:00:00+00:00,94.497,94.574,93.764,94.151,231570.11,104971.29
2026-10-06 00:00:00+00:00,94.151,94.84,94.12,94.805,195200.68,104629.62
2026-10-06 01:00:00+00:00,94.806,94.944,94.141,94.317,196604.53,101243.04
2026-10-06 02:00:00+00:00,94.318,94.354,93.755,93.978,128925.49,57006.75
2026-10-06 03:00:00+00:00,93.978,94.2,93.009,93.341,289931.1,119223.72
2026-10-06 04:00:00+00:00,93.34,93.808,93.269,93.273,138474.32,70631.96
2026-10-06 05:00:00+00:00,93.273,93.486,92.875,92.907,145419.6,69339.03
2026-10-06 06:00:00+00:00,92.907,93.27,92.567,93.247,224121.91,97180.25
2026-10-06 07:00:00+00:00,93.246,93.246,92.791,93.014,190625.51,101046.56
2026-10-06 08:00:00+00:00,93.014,93.532,92.971,93.35,205579.46,120810.94
2026-10-06 09:00:00+00:00,93.348,93.5,92.528,93.071,248688.33,110527.52
2026-10-06 10:00:00+00:00,93.068,93.692,92.975,93.35,177854.68,91860.44
2026-10-06 11:00:00+00:00,93.351,93.932,93.177,93.712,206633.84,104586.63
2026-10-06 12:00:00+00:00,93.711,93.835,93.041,93.295,167111.77,70273.86
2026-10-06 13:00:00+00:00,93.296,93.47,92.602,92.83,366498.47,183618.61
2026-10-06 14:00:00+00:00,92.831,93.047,92.32,93.013,359059.8,151491.25
2026-10-06 15:00:00+00:00,93.016,93.263,92.11,92.189,250794.04,99689.51
2026-10-06 16:00:00+00:00,92.187,92.778,91.573,91.683,455260.71,216266.72
2026-10-06 17:00:00+00:00,91.684,91.867,91.34,91.81,275877.63,137152.45
2026-10-06 18:00:00+00:00,91.811,92.033,91.64,91.949,190280.77,99847.24
2026-10-06 19:00:00+00:00,91.95,92.05,91.422,91.983,131454.12,65734.31
2026-10-06 20:00:00+00:00,91.984,92.378,91.81,92.169,144689.48,85014.7
2026-10-06 21:00:00+00:00,92.169,92.171,91.194,91.587,205251.12,79847.78
2026-10-06 22:00:00+00:00,91.587,91.974,91.582,91.817,121017.29,61735.43
2026-10-06 23:00:00+00:00,91.818,92.06,91.668,91.928,107006.02,55394.28
2026-10-07 00:00:00+00:00,91.928,92.2,91.724,92.016,147057.2,71642.54
2026-10-07 01:00:00+00:00,92.015,92.135,90.352,90.369,446016.26,182828.28
2026-10-07 02:00:00+00:00,90.369,90.999,89.219,90.734,820776.73,388343.99
2026-10-07 03:00:00+00:00,90.733,90.999,90.617,90.759,171201.81,81338.59
2026-10-07 04:00:00+00:00,90.759,90.824,90.078,90.141,251679.67,116702.61
2026-10-07 05:00:00+00:00,90.14,91.066,90.125,91.049,230316.67,127637.2
2026-10-07 06:00:00+00:00,91.05,91.296,90.703,91.106,200330.96,94722.22
2026-10-07 07:00:00+00:00,91.107,91.302,90.712,90.783,136211.18,61143.61
2026-10-07 08:00:00+00:00,90.783,91.01,90.533,90.543,142540.43,69888.01
2026-10-07 09:00:00+00:00,90.542,90.57,89.454,89.676,433155.44,168924.45
2026-10-07 10:00:00+00:00,89.677,90.092,89.162,89.427,310487.7,144821.24
2026-10-07 11:00:00+00:00,89.427,89.666,88.804,89.043,301313.78,127471.71
2026-10-07 12:00:00+00:00,89.043,89.502,88.8,89.077,297991.25,142205.42
2026-10-07 13:00:00+00:00,89.077,89.315,88.088,88.894,630229.47,242862.18
2026-10-07 14:00:00+00:00,88.895,89.147,88.241,88.374,329284.49,148484.32
2026-10-07 15:00:00+00:00,88.373,88.838,87.967,88.523,380551.96,163801.45
2026-10-07 16:00:00+00:00,88.523,89.056,87.767,87.85,517303.59,264927.23
2026-10-07 17:00:00+00:00,87.849,88.393,87.12,87.394,469993.0,209299.37
2026-10-07 18:00:00+00:00,87.396,88.246,87.228,87.896,338515.28,185025.38
2026-10-07 19:00:00+00:00,87.896,88.52,87.262,87.3,315336.3,149065.28
2026-10-07 20:00:00+00:00,87.3,88.208,87.236,88.089,215100.82,113293.3
2026-10-07 21:00:00+00:00,88.089,88.158,87.248,87.458,124950.37,50007.7
2026-10-07 22:00:00+00:00,87.458,88.062,87.458,88.05,133671.99,78532.95
2026-10-07 23:00:00+00:00,88.05,88.558,87.944,88.488,165458.83,97220.59
2026-10-08 00:00:00+00:00,88.488,88.742,88.12,88.643,216583.67,117580.12
2026-10-08 01:00:00+00:00,88.641,88.868,88.065,88.076,229003.74,100606.39
2026-10-08 02:00:00+00:00,88.076,88.524,87.931,88.187,139162.15,72273.77
2026-10-08 03:00:00+00:00,88.186,88.269,87.571,87.742,207616.77,91716.78
2026-10-08 04:00:00+00:00,87.744,87.8,86.591,86.919,632730.09,247297.53
2026-10-08 05:00:00+00:00,86.919,87.7,86.838,87.122,297862.81,149535.2
2026-10-08 06:00:00+00:00,87.122,87.515,86.794,87.131,239783.02,119902.77
2026-10-08 07:00:00+00:00,87.131,87.687,86.857,87.195,230286.14,109042.72
2026-10-08 08:00:00+00:00,87.195,87.34,86.75,86.826,212121.55,85704.96
2026-10-08 09:00:00+00:00,86.826,87.358,86.61,87.137,194246.47,117693.33
2026-10-08 10:00:00+00:00,87.137,87.259,86.343,86.501,319860.85,107106.93
2026-10-08 11:00:00+00:00,86.501,86.531,85.324,85.369,632987.36,235519.82
2026-10-08 12:00:00+00:00,85.37,85.403,85.029,85.124,467154.18,181944.96
2026-10-08 13:00:00+00:00,85.125,85.992,84.8,85.546,654152.42,304238.76
2026-10-08 14:00:00+00:00,85.544,86.351,85.461,85.866,536743.01,275266.06
2026-10-08 15:00:00+00:00,85.865,85.865,83.225,83.344,1484847.7,672726.9
2026-10-08 16:00:00+00:00,83.345,84.595,83.219,83.693,845814.16,428742.93
2026-10-08 17:00:00+00:00,83.693,84.195,82.616,83.161,783420.46,362778.54
2026-10-08 18:00:00+00:00,83.161,84.163,82.613,83.685,535367.77,255046.09
2026-10-08 19:00:00+00:00,83.684,84.362,83.503,84.158,312428.42,154191.54
2026-10-08 20:00:00+00:00,84.159,84.7,84.145,84.568,226830.18,115653.34
2026-10-08 21:00:00+00:00,84.568,84.823,84.266,84.58,124287.3,58273.63
2026-10-08 22:00:00+00:00,84.58,84.643,84.294,84.464,110774.99,59432.13
2026-10-08 23:00:00+00:00,84.464,84.551,84.108,84.188,109998.59,53189.18
