{
  "vwap": {
    "V0_baseline": {
      "trades": 10137,
      "win_rate": 0.243661832889415,
      "expectancy_r": -0.007235035679181836,
      "sharpe": -0.39126745466421087,
      "max_dd_r": -152.43523702031027,
      "avg_hold_bars": 16.448061556673572
    },
    "V1_htf_4h_ema200_band0.01": {
      "trades": 5164,
      "win_rate": 0.2592951200619675,
      "expectancy_r": 0.06573642614564079,
      "sharpe": 2.470233627495065,
      "max_dd_r": -59.8467389517473,
      "avg_hold_bars": 16.18009295120062
    },
    "V2_band_sweep": {
      "0.005": {
        "trades": 4904,
        "win_rate": 0.2597879282218597,
        "expectancy_r": 0.06377346032618358,
        "sharpe": 2.3455542144283896,
        "max_dd_r": -56.53136040751945,
        "avg_hold_bars": 16.07483686786297
      },
      "0.010": {
        "trades": 5164,
        "win_rate": 0.2592951200619675,
        "expectancy_r": 0.06573642614564079,
        "sharpe": 2.470233627495065,
        "max_dd_r": -59.8467389517473,
        "avg_hold_bars": 16.18009295120062
      },
      "0.015": {
        "trades": 5505,
        "win_rate": 0.26067211625794734,
        "expectancy_r": 0.06617555328778991,
        "sharpe": 2.5748841476611792,
        "max_dd_r": -56.10480950546713,
        "avg_hold_bars": 16.26030881017257
      },
      "0.020": {
        "trades": 5840,
        "win_rate": 0.26164383561643834,
        "expectancy_r": 0.0705157230840911,
        "sharpe": 2.820139104728318,
        "max_dd_r": -55.24153582457788,
        "avg_hold_bars": 16.169006849315068
      },
      "0.030": {
        "trades": 6494,
        "win_rate": 0.25654450261780104,
        "expectancy_r": 0.04652531872444537,
        "sharpe": 1.9817375904622556,
        "max_dd_r": -79.69698161529094,
        "avg_hold_bars": 16.10394210040037
      }
    },
    "V3_htf_tf": {
      "1h_ema200": {
        "trades": 5533,
        "win_rate": 0.2644135188866799,
        "expectancy_r": 0.0832009283866854,
        "sharpe": 3.2338705096508473,
        "max_dd_r": -50.633547245960585,
        "avg_hold_bars": 15.417675763600217
      },
      "4h_ema200": {
        "trades": 5164,
        "win_rate": 0.2592951200619675,
        "expectancy_r": 0.06573642614564079,
        "sharpe": 2.470233627495065,
        "max_dd_r": -59.8467389517473,
        "avg_hold_bars": 16.18009295120062
      },
      "1d_ema50": {
        "trades": 5214,
        "win_rate": 0.2539317222861527,
        "expectancy_r": 0.037874204254011154,
        "sharpe": 1.4473523246463886,
        "max_dd_r": -78.9548604756121,
        "avg_hold_bars": 15.953778289221328
      }
    },
    "V5_sl_sweep": {
      "0.40": {
        "trades": 10687,
        "win_rate": 0.2145597454851689,
        "expectancy_r": 0.03182051066270313,
        "sharpe": 1.5604647849949949,
        "max_dd_r": -178.5020261606623,
        "avg_hold_bars": 14.350800037428652
      },
      "0.50": {
        "trades": 10137,
        "win_rate": 0.243661832889415,
        "expectancy_r": -0.007235035679181836,
        "sharpe": -0.39126745466421087,
        "max_dd_r": -152.43523702031027,
        "avg_hold_bars": 16.448061556673572
      },
      "0.60": {
        "trades": 9656,
        "win_rate": 0.27992957746478875,
        "expectancy_r": 0.010408025023525398,
        "sharpe": 0.5938502159155225,
        "max_dd_r": -111.60683348669595,
        "avg_hold_bars": 18.4446975973488
      },
      "0.75": {
        "trades": 9043,
        "win_rate": 0.31803604998341256,
        "expectancy_r": -0.015500137909202514,
        "sharpe": -0.9694353681150498,
        "max_dd_r": -215.21809253469186,
        "avg_hold_bars": 20.966272254782705
      },
      "1.00": {
        "trades": 8193,
        "win_rate": 0.37532039545953866,
        "expectancy_r": -0.02382594647721991,
        "sharpe": -1.6427348435947975,
        "max_dd_r": -257.36405720170063,
        "avg_hold_bars": 24.93811790552911
      }
    },
    "V6_thr_sweep": {
      "0.80": {
        "trades": 11558,
        "win_rate": 0.2602526388648555,
        "expectancy_r": 0.005019007228541256,
        "sharpe": 0.29675839443979374,
        "max_dd_r": -138.41209865717045,
        "avg_hold_bars": 15.661879217857761
      },
      "1.00": {
        "trades": 10137,
        "win_rate": 0.243661832889415,
        "expectancy_r": -0.007235035679181836,
        "sharpe": -0.39126745466421087,
        "max_dd_r": -152.43523702031027,
        "avg_hold_bars": 16.448061556673572
      },
      "1.20": {
        "trades": 8789,
        "win_rate": 0.23665946068949822,
        "expectancy_r": 0.0037634131688372018,
        "sharpe": 0.18446140578101222,
        "max_dd_r": -134.27552558299607,
        "avg_hold_bars": 17.192172033223347
      },
      "1.50": {
        "trades": 6542,
        "win_rate": 0.22088046468969735,
        "expectancy_r": 0.005115109046281908,
        "sharpe": 0.2064058401710154,
        "max_dd_r": -109.77151934183928,
        "avg_hold_bars": 18.058086212167535
      },
      "2.00": {
        "trades": 3390,
        "win_rate": 0.20294985250737463,
        "expectancy_r": 0.036980171595961675,
        "sharpe": 0.9783177328443854,
        "max_dd_r": -79.42248036269378,
        "avg_hold_bars": 18.269026548672567
      }
    },
    "walk_forward": {
      "V0_baseline": {
        "in_sample": {
          "trades": 7084,
          "win_rate": 0.24181253529079616,
          "expectancy_r": -0.012762114254609198,
          "sharpe": -0.5755625474595079,
          "max_dd_r": -152.43523702031027,
          "avg_hold_bars": 15.988989271597967
        },
        "out_of_sample": {
          "trades": 3039,
          "win_rate": 0.24876604146100692,
          "expectancy_r": 0.007404105642310826,
          "sharpe": 0.22045535459587073,
          "max_dd_r": -58.812586347874245,
          "avg_hold_bars": 17.5534715366897
        }
      },
      "V1_htf": {
        "in_sample": {
          "trades": 3576,
          "win_rate": 0.26230425055928414,
          "expectancy_r": 0.07961836988909604,
          "sharpe": 2.4754996226339316,
          "max_dd_r": -59.8467389517473,
          "avg_hold_bars": 15.796140939597315
        },
        "out_of_sample": {
          "trades": 1577,
          "win_rate": 0.25301204819277107,
          "expectancy_r": 0.03541331310965052,
          "sharpe": 0.7449605047351564,
          "max_dd_r": -54.34901275001619,
          "avg_hold_bars": 17.077996195307545
        }
      }
    }
  },
  "turtle_soup": {
    "T0_baseline": {
      "trades": 33,
      "win_rate": 0.5151515151515151,
      "expectancy_r": 0.1590909090909087,
      "sharpe": 0.8003267306650395,
      "max_dd_r": -4.750000000000002,
      "avg_hold_bars": 10.606060606060606
    },
    "T1_lookback": {
      "30": {
        "trades": 47,
        "win_rate": 0.3617021276595745,
        "expectancy_r": -0.18617021276595763,
        "sharpe": -1.1679368539417927,
        "max_dd_r": -12.250000000000018,
        "avg_hold_bars": 9.51063829787234
      },
      "45": {
        "trades": 40,
        "win_rate": 0.45,
        "expectancy_r": 0.03305943015796241,
        "sharpe": 0.18632029800333097,
        "max_dd_r": -6.177622793681493,
        "avg_hold_bars": 10.75
      },
      "60": {
        "trades": 33,
        "win_rate": 0.5151515151515151,
        "expectancy_r": 0.1590909090909087,
        "sharpe": 0.8003267306650395,
        "max_dd_r": -4.750000000000002,
        "avg_hold_bars": 10.606060606060606
      },
      "90": {
        "trades": 29,
        "win_rate": 0.5517241379310345,
        "expectancy_r": 0.2697371450454672,
        "sharpe": 1.3006843872747609,
        "max_dd_r": -5.0,
        "avg_hold_bars": 9.379310344827585
      },
      "120": {
        "trades": 21,
        "win_rate": 0.7142857142857143,
        "expectancy_r": 0.6071428571428596,
        "sharpe": 2.671292284482519,
        "max_dd_r": -1.0,
        "avg_hold_bars": 6.0
      }
    },