{
  "trades": 962,
  "expectancy_r": 0.2060493102242518,
  "win_rate": 0.33264033264033266,
  "sharpe": 3.4674208916561313,
  "max_dd_r": -52.43744634465327
}