{
  "trades": 1872,
  "expectancy_r": -0.12447237425265423,
  "win_rate": 0.22168803418803418,
  "sharpe": -3.1275487668117337,
  "max_dd_r": -264.61907277139755
}