{
  "trades": 999,
  "expectancy_r": 0.09026130747727026,
  "win_rate": 0.28428428428428426,
  "sharpe": 1.5913768008696638,
  "max_dd_r": -71.24801511668755
}