{
  "trades": 336,
  "expectancy_r": 0.0441887217201926,
  "win_rate": 0.6190476190476191,
  "sharpe": 1.707970639905452,
  "max_dd_r": -5.248326756870133,
  "best_threshold": 2.0
}