{
  "baseline": {
    "trades": 950,
    "expectancy_r": 0.16308243463927932,
    "win_rate": 0.3105263157894737,
    "sharpe": 2.7449348628755237,
    "max_dd_r": -33.85149202080558
  },
  "h2_sweep": {
    "0.0008": {
      "trades": 757,
      "expectancy_r": 0.16270478076617823,
      "win_rate": 0.31704095112285335,
      "sharpe": 2.5170082094248785,
      "max_dd_r": -41.57702049128015
    },
    "0.0010": {
      "trades": 796,
      "expectancy_r": 0.1867042529777557,
      "win_rate": 0.32160804020100503,
      "sharpe": 2.922843922581206,
      "max_dd_r": -33.53357943628278
    },
    "0.0015": {
      "trades": 847,
      "expectancy_r": 0.17934978525378656,
      "win_rate": 0.31759149940968123,
      "sharpe": 2.8824730535360237,
      "max_dd_r": -32.58691589902145
    },
    "0.0020": {
      "trades": 885,
      "expectancy_r": 0.1888221857023947,
      "win_rate": 0.31751412429378534,
      "sharpe": 3.0665654268182485,
      "max_dd_r": -35.280560641367885
    },
    "0.0030": {
      "trades": 915,
      "expectancy_r": 0.1512356270185609,
      "win_rate": 0.3081967213114754,
      "sharpe": 2.514970974671217,
      "max_dd_r": -37.714283785860005
    }
  },
  "h3_sweep": {
    "0.005": {
      "trades": 488,
      "expectancy_r": 0.2545181637843487,
      "win_rate": 0.33401639344262296,
      "sharpe": 2.966802816349994,
      "max_dd_r": -22.462835092318045
    },
    "0.010": {
      "trades": 526,
      "expectancy_r": 0.27909332051177493,
      "win_rate": 0.34220532319391633,
      "sharpe": 3.3631359873863924,
      "max_dd_r": -21.318865109945023
    },
    "0.015": {
      "trades": 564,
      "expectancy_r": 0.26585034513484757,
      "win_rate": 0.33687943262411346,
      "sharpe": 3.325280700162529,
      "max_dd_r": -23.98103550299184
    },
    "0.020": {
      "trades": 582,
      "expectancy_r": 0.25959880527393014,
      "win_rate": 0.3333333333333333,
      "sharpe": 3.289943943960614,
      "max_dd_r": -26.67076494028703
    },
    "0.025": {
      "trades": 608,
      "expectancy_r": 0.2588138150693028,
      "win_rate": 0.3305921052631579,
      "sharpe": 3.3326115208525615,
      "max_dd_r": -32.53321785903653
    },
    "0.030": {
      "trades": 634,
      "expectancy_r": 0.2574653163137821,
      "win_rate": 0.32965299684542587,
      "sharpe": 3.387152399880563,
      "max_dd_r": -32.53321785903653
    }
  },
  "walk_forward": {
    "in_sample_baseline": {
      "trades": 660,
      "expectancy_r": 0.23075586243299454,
      "win_rate": 0.3287878787878788,
      "sharpe": 3.162812396138133,
      "max_dd_r": -29.067850536720798
    },
    "in_sample_h3": {
      "trades": 395,
      "expectancy_r": 0.3401894923914692,
      "win_rate": 0.3569620253164557,
      "sharpe": 3.4576461298329777,
      "max_dd_r": -21.318865109945023
    },
    "out_sample_baseline": {
      "trades": 283,
      "expectancy_r": 0.024432291689382934,
      "win_rate": 0.27208480565371024,
      "sharpe": 0.2369323502895119,
      "max_dd_r": -33.85149202080559
    },
    "out_sample_h3": {
      "trades": 125,
      "expectancy_r": 0.1257050555289574,
      "win_rate": 0.304,
      "sharpe": 0.8016774802182547,
      "max_dd_r": -17.0
    }
  }
}