{
  "turtle_variant_sharpe": -0.265606357629856,
  "vwap_variant_sharpe": 1.2272338137988346
}