{
  "trades": 847,
  "expectancy_r": 0.17934978525378656,
  "win_rate": 0.31759149940968123,
  "sharpe": 2.8824730535360237,
  "max_dd_r": -32.58691589902145
}