{
  "trades": 2665,
  "expectancy_r": -0.10771215756652351,
  "win_rate": 0.23039399624765478,
  "sharpe": -3.2564430601820993,
  "max_dd_r": -329.0501463752697
}