{
  "trades": 3528,
  "expectancy_r": -0.11425446482032094,
  "win_rate": 0.2213718820861678,
  "sharpe": -3.9362500182825477,
  "max_dd_r": -426.4980824359081
}