{
  "trades": 337,
  "expectancy_r": 0.04091851302278788,
  "win_rate": 0.6201780415430267,
  "sharpe": 1.5900889622957857,
  "max_dd_r": -5.250436090160796,
  "best_threshold": 2.0
}