{
  "trades": 274,
  "expectancy_r": 0.027760095556983406,
  "win_rate": 0.6678832116788321,
  "sharpe": 1.169414468506351,
  "max_dd_r": -4.922799831617121
}