{
  "trades": 946,
  "expectancy_r": 0.013655938823920181,
  "win_rate": 0.37420718816067655,
  "sharpe": 0.8177454406627825,
  "max_dd_r": -19.969516898768827
}