{
  "trades": 2168,
  "expectancy_r": -0.08319569394589078,
  "win_rate": 0.2481549815498155,
  "sharpe": -2.347302176146648,
  "max_dd_r": -219.08550415721012
}