{
  "trades": 526,
  "expectancy_r": 0.27909332051177493,
  "win_rate": 0.34220532319391633,
  "sharpe": 3.3631359873863924,
  "max_dd_r": -21.318865109945023
}