{
  "trades": 39,
  "expectancy_r": -0.19052593931845038,
  "win_rate": 0.10256410256410256,
  "sharpe": -1.2783656845105036,
  "max_dd_r": -8.442221471252829
}