{
  "trades": 854,
  "expectancy_r": 0.1700419345394917,
  "win_rate": 0.30210772833723654,
  "sharpe": 2.645952686242198,
  "max_dd_r": -35.16927136752449
}