{
  "baseline": {
    "trades": 2909,
    "expectancy_r": -0.11517821079755886,
    "win_rate": 0.23410106565830183,
    "sharpe": -3.7127486165471404,
    "max_dd_r": -386.53551449023445
  },
  "h2_sweep": {
    "0.003": {
      "trades": 1641,
      "expectancy_r": -0.06680154761504688,
      "win_rate": 0.2571602681291895,
      "sharpe": -1.6597075219693735,
      "max_dd_r": -161.77555876445675
    },
    "0.005": {
      "trades": 2168,
      "expectancy_r": -0.08319569394589078,
      "win_rate": 0.2481549815498155,
      "sharpe": -2.347302176146648,
      "max_dd_r": -219.08550415721012
    },
    "0.007": {
      "trades": 2453,
      "expectancy_r": -0.08936773612350309,
      "win_rate": 0.24459845087647777,
      "sharpe": -2.670354270394887,
      "max_dd_r": -258.91540761227134
    },
    "0.010": {
      "trades": 2661,
      "expectancy_r": -0.10937212079934983,
      "win_rate": 0.23825629462608042,
      "sharpe": -3.3991334270304874,
      "max_dd_r": -335.1117695009322
    },
    "0.015": {
      "trades": 2797,
      "expectancy_r": -0.11096527783431158,
      "win_rate": 0.2366821594565606,
      "sharpe": -3.522537494882904,
      "max_dd_r": -363.5129573722064
    }
  },
  "h3_sweep": {
    "0.005": {
      "trades": 929,
      "expectancy_r": 0.06377157536620469,
      "win_rate": 0.27879440258342303,
      "sharpe": 1.097020417542692,
      "max_dd_r": -65.95894653538221
    },
    "0.010": {
      "trades": 999,
      "expectancy_r": 0.09026130747727026,
      "win_rate": 0.28428428428428426,
      "sharpe": 1.5913768008696638,
      "max_dd_r": -71.24801511668755
    },
    "0.015": {
      "trades": 1068,
      "expectancy_r": 0.07459669991109238,
      "win_rate": 0.27902621722846443,
      "sharpe": 1.3615187675208806,
      "max_dd_r": -67.2940444831792
    },
    "0.020": {
      "trades": 1130,
      "expectancy_r": 0.06461877768540465,
      "win_rate": 0.2778761061946903,
      "sharpe": 1.220703039862501,
      "max_dd_r": -64.37364502578744
    },
    "0.025": {
      "trades": 1205,
      "expectancy_r": 0.051729723540876515,
      "win_rate": 0.27551867219917014,
      "sharpe": 1.0140637214709867,
      "max_dd_r": -70.71286575131883
    },
    "0.030": {
      "trades": 1286,
      "expectancy_r": 0.033382433267801534,
      "win_rate": 0.2713841368584759,
      "sharpe": 0.6837133936984918,
      "max_dd_r": -78.0411236624344
    }
  },
  "h7_loose_stack": {
    "trades": 986,
    "expectancy_r": 0.09647990123757091,
    "win_rate": 0.29107505070993916,
    "sharpe": 1.7062184052252707,
    "max_dd_r": -46.6001390841358
  },
  "walk_forward": {
    "in_sample_baseline": {
      "trades": 2031,
      "expectancy_r": -0.16095382085513887,
      "win_rate": 0.22304283604135894,
      "sharpe": -4.440969423224545,
      "max_dd_r": -340.35149639971104
    },
    "in_sample_h3": {
      "trades": 685,
      "expectancy_r": 0.04840084777995104,
      "win_rate": 0.2759124087591241,
      "sharpe": 0.722854959227554,
      "max_dd_r": -71.24801511668755
    },
    "out_sample_baseline": {
      "trades": 872,
      "expectancy_r": -0.001707718633605739,
      "win_rate": 0.26146788990825687,
      "sharpe": -0.028588928260961585,
      "max_dd_r": -55.49672568753487
    },
    "out_sample_h3": {
      "trades": 313,
      "expectancy_r": 0.18535611961829562,
      "win_rate": 0.3035143769968051,
      "sharpe": 1.74523823772672,
      "max_dd_r": -15.545749549707677
    }
  }
}